nom,adresse,description,telephone,courriel,site_web,territoire,clientele,categorie_territoire,secteur,secteur_secondaire,exclu
fédération des mouvements personne d'abord du québec,"3958, rue Dandurand Rosemont—La Petite-Patrie Montréal QC H1X 1P7",Concertation pour la défense des droits et des intérêts des personnes vivant avec une déficience intellectuelle. Répertoire en ligne des MPDA: www.fmpdaq.ca/nos-projets Mobilisation et sensibilisatio,514 585-8074,info@fmpdaq.ca,fmpdaq.ca,le Québec,adultes vivant ou ayant été étiquetés avec une déficience intellectuelle,provincial,defense_droits,sante,non
parents pour la déficience intellectuelle,"3958, rue Dandurand, 1er étage, bureau 5 Rosemont—La Petite-Patrie Montréal QC H1X 1P7","Promotion et défense des droits et intérêts, représentation. Information, références, sensibilisation. Ateliers et soirées conférences thématiques mensuelles.",514 376-6644,pardi@pardi.quebec,pardi.quebec,île de Montréal,"parents ou proches aidants, responsables de personnes vivant avec une déficience intellectuelle",montreal,sante,defense_droits,non
proche aidance québec,"3958, rue Dandurand, bureau 22 Rosemont—La Petite-Patrie Montréal QC H1X 1P7","Regroupement des associations, groupes et organismes locaux et régionaux qui ont pour mission d'améliorer la qualité de vie des personnes proches aidantes au Québec. Sensibilisation de la population e...",514 524-1959,info@procheaidance.quebec,procheaidance.quebec,le Québec,organismes communautaires soutenant les personnes proches aidantes,provincial,sante,,non
société québécoise de la déficience intellectuelle,"3958, rue Dandurand Rosemont—La Petite-Patrie Montréal QC H1X 1P7","Promotion des intérêts et défense des droits des personnes vivant avec une déficience intellectuelle et de leur famille. Information et sensibilisation. Organisation de sessions de formation, de collo...",514 725-7245,info@sqdi.ca,www.sqdi.ca/fr,le Québec,"personnes vivant avec une déficience intellectuelle, leur famille, associations, organismes et personnes ayant un intérêt pour le sujet",provincial,defense_droits,sante,non
action autonomie - collectif pour la défense des droits en santé mentale de montréal,"3958, rue Dandurand, 3e étage Rosemont—La Petite-Patrie Montréal QC H1X 1P7","Relation d'aide, soutien, accompagnement et référence. Information sur les droits et recours. Défense des droits, sensibilisation et formation. Représentation et press",514 525-5060,lecollectif@actionautonomie.qc.ca,www.actionautonomie.qc.ca,île de Montréal,,montreal,sante,defense_droits,non
maison des hommes sourds,"3958, rue Dandurand Rosemont—La Petite-Patrie Montréal QC H1X 1P9","Information, accompagnement et références. Activités sociales et récréatives. Groupes de soutien et d'entraide. Atelier préventif et éducatif pour les pères et leurs enfants. Ateliers de prévention, é...",438 476-1401,info@mhsourds.org,www.mhsourds.org,Grand Montréal,hommes sourds ou malentendants de 14 ans et plus,grand_montreal,soutien_vulnerabilite,sante,non
j'me fais une place en garderie,"3490, rue Dandurand Rosemont—La Petite-Patrie Montréal QC H1X 1N1",Ressource favorisant l'intégration en service de garde des enfants ayant une déficience motrice. Soutien et information aux parents dans la recherche d'un service de garde. Réseautage. Formation sur l...,514 593-5135,info@jmfpg.org,jmfpg.org,île de Montréal,"familles avec enfant de moins de 5 ans ayant une déficience motrice, associée ou non à une autre déficience",montreal,developpement_enfants_familles,sante,non
admi - montréal,"5675, rue Lafond Rosemont—La Petite-Patrie Montréal QC H1X 2X6","Activités de loisirs, physiques, sportives, sociales et culturelles. Camps de jour d'été. Journées plein air. Activités de fin de semaine. Ligue de quilles. Dépannage-répit de fin de semaine. Informat...",514 527-7671,info@admi-montreal.org,admi-montreal.org,île de Montréal,personnes de 6 ans et plus vivant avec une déficience intellectuelle,montreal,sports_loisirs_tourisme,sante,oui
action main-d'oeuvre,"3320, boulevard Rosemont Rosemont—La Petite-Patrie Montréal QC H1X 1K3","Consultation individuel et développement de l'employabilité. Aide à la recherche d'emploi. Préparation aux entrevues, présentation aux employeur·euse·s, si requis, et adaptation de l'environnement de ...",514 721-4941,info@actionmaindoeuvre.ca,www.actionmaindoeuvre.ca,île de Montréal,personnes de 16 ans et plus autistes sans déficience intellectuelle ou vivant avec une déficience intellectuelle légère,montreal,emploi,soutien_vulnerabilite,non
gamblers anonymes,Montréal QC,Groupes d'entraide auprès des joueurs compulsifs. Ligne téléphonique d'information sur les rencontres. Liste des réunions sur le site web.,514 484-6666,info@gaquebec.org,gaquebec.org,le Québec,personnes vivant avec un problème de jeu compulsif,provincial,soutien_vulnerabilite,,non
entraide ukrainienne de montréal,"3300, boulevard Rosemont, bureau 210 Rosemont—La Petite-Patrie Montréal QC H1X 1K2",Organisme de maintien des personnes aînées dans la communauté. Informations et références. Traduction et aide pour remplir des documents. Jumelage avec des personnes âgées: visites lors de célébration...,514 729-9540,entraid1@bellnet.ca,,Ile de Montréal,personnes aînées d'origine ukrainienne,montreal,sante,autres_missions_sociales,non
association d'aide et de loisirs pour personnes à autonomie réduite,"5350, rue Lafond Rosemont—La Petite-Patrie Montréal QC H1X 2X2","Activités sociales, récréatives, culturelles et sportives. Formation: vieillissement et gérontologie. Programme de rapprochement interculturel. Groupes de soutien et d'entraide. Appels",514 524-7328,direction@alpar.ca,alpar.ca,Grand Montréal,"personnes aînées de 55 ans et plus ayant des limites physiques en raison de l'âge, la maladie ou un handicap, leurs proches aidants",grand_montreal,sante,sports_loisirs_tourisme,oui
projet inclusion,"5350, rue Lafond Rosemont—La Petite-Patrie Montréal QC H1X 2X2","Projets conçus pour réduire et prévenir les problèmes de santé mentale au sein de la communauté. Espaces inclusifs, accueillants, dédiés à la création et interaction entre citoyen·ne·s: ateliers d'art...",514 255-1054,info@pceim.ca,pceim.ca,île de Montréal,"personnes confrontées à un manque extrême de réponses sociales à leurs besoins fondamentaux d'appartenance, de participation et de compréhension",montreal,sante,arts_culture_medias,oui
corpuscule danse,"5350, rue Lafond Rosemont—La Petite-Patrie Montréal QC H1X 2X2","Recherche, création et diffusion de spectacles de danse inclusive. Cours et ateliers de danse inclusive pour personnes avec ou sans handicap, visible ou invisible.",,infos@corpusculedanse.com,corpusculedanse.com,île de Montréal,"personnes à mobilité réduite, personnes avec une déficience intellectuelle légère à moyenne",montreal,arts_culture_medias,sante,oui
collectif - employabilité,"4155, rue Bélanger Est Villeray—Saint-Michel—Parc-Extension Montréal QC H1T 1A2",Accompagnement et accueil des nouveaux arrivants. Service d'aide à l'emploi: centre cyberemploi et formations. Emplois hors de Montréal pour personnes immigrantes: www.emploisenregions.ca/emploi-immig...,514 374-7999,emploi@cfiq.ca,www.cfiq.ca,le Québec,personnes immigrantes,provincial,emploi,autres_missions_sociales,non
centre d'aide nouveau départ,"4506, rue Bélanger Rosemont—La Petite-Patrie Montréal QC H1T 1B6",Lutte contre la pauvreté et briser l'isolement des personnes défavorisées. Dépannage alimentaire incluant de la viande. Paniers de Noël.,,conseillant576@gmail.com,,île de Montréal,personnes à faible revenu,montreal,bien_etre_alimentaire,soutien_vulnerabilite,non
fondation des aveugles du québec,"5112, rue de Bellechasse Rosemont—La Petite-Patrie Montréal QC H1T 2A4",Activités visant à améliorer la qualité de vie des personnes aveugles. Volet jeunesse: activités sportives et récréatives. Volet habitation: gestion de cinq complexes d'habitation pour personnes aveug...,1 855 249-5112,info@aveugles.org,fondationdesaveugles.org,le Québec,personnes aveugles,provincial,sante,sports_loisirs_tourisme,oui
bon pilote (le),"5112, rue de Bellechasse Rosemont—La Petite-Patrie Montréal QC H1T 2A4",Amélioration des conditions de vie des personnes vivant avec une déficience visuelle ou en perte de mobilité. Service de guide et d'accompagnement sans voiture. Appels de soutien et visites d'amitié. ...,514 593-5454,info@lebonpilote.org,lebonpilote.org,"Boucherville, Brossard, Longueuil, Saint-Lambert, Beloeil, Saint-Bruno-de-Montarville, île de Montréal","personnes vivant avec une déficience visuelle, personnes aînées à mobilité réduite",grand_montreal,sante,soutien_vulnerabilite,non
villa exprès pour toi,"4655, rue Euclide-Brien, bureau 1 Rosemont—La Petite-Patrie Montréal QC H1X 3K4",Logements sociaux avec activités communautaires. Activités sociocommunautaires. Aide alimentaire pour personnes résidentes. Paniers de Noël pour personnes résidentes.,,ca.vept.4655@gmail.com,,île de Montréal,"personnes seules de 18 ans et plus, autonomes, en situation économique précaire, à risque d'itinérance",montreal,logement,bien_etre_alimentaire,non
trajet inc. - service de médiation et d'accompagnement à la résolution de conflits,"3566, rue Bélanger Rosemont—La Petite-Patrie Montréal QC H1X 1A7","Service de médiation et d'accompagnement à la résolution de conflits. Problèmes liés au bruit. Problèmes liés la propriété (clôture, haies, neige, rénovation) pour les l",514 521-2000 poste 245,info@trajetoja.org,trajetoja.org,île de Montréal,"adultes, adolescent·e·s, personnes âgées",montreal,defense_droits,,non
clinique pour la justice migrante,"3600, rue Bélanger Rosemont—La Petite-Patrie Montréal QC H1X 1B1","Clinique juridique communautaire défendant les droits civils, politiques et socioéconomiques des personnes migrantes à statut précaire. Services juridiques holitiques, vulgarisation et information jur...",514 523-6666,info@cjm-mjc.org,cliniquejusticemigrante.org/fr,le Québec,"personnes migrantes à statut précaire, personnes oeuvrant auprès des personnes migrantes",provincial,defense_droits,soutien_vulnerabilite,non
buffets insère-jeunes,"5188, rue Beaubien Est Rosemont—La Petite-Patrie Montréal QC H1T 1W1","Entreprise d'insertion sociale et professionnelle. Formation BIS: expérience de travail rémunérée de 6 mois en cuisine, formation technique comme aide-cuisinier ou aide-pâtissier, suivi individuel, at...",514 593-7705,formation@traiteurbis.qc.ca,traiteurbis.qc.ca,île de Montréal,"personnes de 16 ans et plus, service de traiteur: grand public",montreal,emploi,bien_etre_alimentaire,non
regroupement pour la trisomie 21,"3250, boulevard Saint-Joseph Est, bureau 1-A Rosemont—La Petite-Patrie Montréal QC H1Y 3G2",Accompagnement et entraide. Stimulation précoce. Programme de jour. Loisirs. Activités socioculturelles. Défense des droits. Conférences.,514 850-0666,info@trisomie.qc.ca,trisomie.qc.ca,Grand Montréal,"personnes vivant avec la trisomie 21, leurs parents, programme de jour: personnes vivant avec la trisomie 21 de plus de 21 ans",grand_montreal,sante,developpement_enfants_familles,non
service d'hébergement st-denis,"6791, boulevard Saint-Michel Rosemont—La Petite-Patrie Montréal QC H1Y 2G4","Hébergement de 3 à 6 mois de type chambres et pension. Intervention individuelle et de groupe: soutien dans la compréhension de sa situation et l'identification de solutions, recherche d'autonomie (bu...",514 374-6673,heberg.stdenis@oricom.ca,hebergementstdenis.com,Grand Montréal,personnes de 15 à 20 ans en difficulté,grand_montreal,soutien_vulnerabilite,logement,non
alcooliques anonymes - région 87,"3920, rue Rachel Est Rosemont—La Petite-Patrie Montréal QC H1X 1Z3","Soutien téléphonique. Groupes d'entraide hebdomadaires, auto-animés ou animés par un membre. Liste des réunions en ligne: meetings.aa87.org/meetings Certains réunions disponibles pour personnes malent...",1 866 544-6322,aide@aa87.org,www.aa87.org,"île de Montréal, Montérégie",personnes de tous âges ayant un problème de consommation ou de dépendance à l'alcool,montreal,soutien_vulnerabilite,sante,non
alcooliques anonymes,"3920, rue Rachel Est Rosemont—La Petite-Patrie Montréal QC H1X 1Z3","Soutien téléphonique. Groupes d'entraide hebdomadaires, auto-animés ou animés par un membre. Liste des réunions en ligne: m.aa87.org/meetings Réunions disponibles avec interprète LSQ pour personnes ma...",1 866 544-6322,aide@aa87.org,www.aa87.org,"île de Montréal, Montérégie",personnes de tous âges ayant un problème de consommation ou de dépendance à l'alcool,montreal,soutien_vulnerabilite,sante,non
oasis des enfants de rosemont (l'),"2555, rue Holt Rosemont—La Petite-Patrie Montréal QC H1Y 1N4","Lieu d'accueil, d'écoute et d'accompagnement pour les enfants de 0 à 12 ans et leur famille. Maison des enfants: accueil gratuit tous les jours après l'école pour les enfants de 5 à 12 ans. Activités ...",514 374-9111,info@oasisdesenfants.com,www.oasisdesenfants.com,"Aide alimentaire, paniers de Noël, fournitures scolaires: codes postaux commençant par H1X, H1Y, H1T, H1W, H1S","enfants de 0 à 12 ans et leur famille, halte-garderie: enfants de 0 à 5 ans, familles avec enfants",provincial,developpement_enfants_familles,,non
fédération québécoise de l'autisme,"3396, rue Jean-Talon Est Villeray—Saint-Michel—Parc-Extension Montréal QC H2A 1W8",Information et référence. Soutien aux membres. Formation. Centre de documentation. Défense des droits et représentation.,1 888 830-2833,direction@autisme.qc.ca,www.autisme.qc.ca,le Québec,"personnes autistes, organismes, familles, proches",provincial,sante,defense_droits,non
regroupement partage,"5789, rue D'Iberville Rosemont—La Petite-Patrie Montréal QC H2G 2B8","Regroupement et soutien des concertations locales qui organisent l'Opération Sac à dos. Sensibilisation de la population sur les enjeux liés à la pauvreté, à l'insécurité alimentaire et à leurs impact...",514 383-2460,info@regroupementpartage.org,regroupementpartage.ca,île de Montréal,"groupes communautaires, personnes à faible revenu",montreal,developpement_communautaire,bien_etre_alimentaire,non
association québécoise des laryngectomisés,"5151, boulevard de l'Assomption Rosemont—La Petite-Patrie Montréal QC H1T 4A9","Information par téléphone, en ligne ou en personne. Visites aux futur·e·s opéré·e·s dans les hôpitaux. Entraide et rencontres sociales. Documentation. Colloques.",1 844 285-2335,info@aqlar.org,aqlar.org,le Québec,"personnes laryngectomisées, leurs proches, professionnel·le·s de la santé",provincial,sante,soutien_vulnerabilite,non
maison jacques-cantin,"5151, boulevard de l'Assomption Rosemont—La Petite-Patrie Montréal QC H1T 4A9","Hébergement pour personnes recevant des traitements pour le cancer à Montréal. Transport vers les centres de traitement. Repas et collations, activités récréatives, prothèses capillaires et mammaires,...",1 888 939-3333,maison@cancer.ca,cancer.ca/fr,le Québec,"personnes atteintes de cancer, leurs accompagnateur·rice·s",provincial,sante,soutien_vulnerabilite,non
société canadienne du cancer - division du québec,"5151, boulevard de l'Assomption Rosemont—La Petite-Patrie Montréal QC H1T 4A9",Information et référence. Communauté virtuelle: www.parlonscancer.ca Répertoire de services à la communauté: csl.cancer.ca/fr Aide à la cessation tabagique. Prêt de prothèses capillaires et don de pro...,1 888 939-3333,info@sic.cancer.ca,cancer.ca/fr,le Québec,"personnes atteintes de cancer et leurs proches, proches aidant·e·s, grand public, professionnel·le·s de la santé",provincial,sante,soutien_vulnerabilite,non
maisons de l'ancre (les) - habitation pelletier,"3470, rue de Chambly Rosemont—La Petite-Patrie Montréal QC H1W 3J9",Logements subventionnés avec soutien communautaire.,514 525-3267,soutiencommunautaire@lesmaisonsdelancre.org,www.lesmaisonsdelancre.org,île de Montréal,"femmes, personnes trans et personnes non-binaires de 30 ans et plus en difficulté qui ont fait une démarche vers l'autonomie en logement",montreal,logement,soutien_vulnerabilite,non
société canadienne de l'hémophilie - section québec,"3000, rue Omer-Lavallée, bureau 118 Rosemont—La Petite-Patrie Montréal QC H1Y 3R8",Information et recherche. Éducation et sensibilisation. Service-conseil. Défense de droits pour personnes hémophiles. Services pour personnes infectées par le VIH à la suite d'une transfusion sanguine,1 877 870-0666,info@schq.org,www.hemophilia.ca/fr/quebec,le Québec,"personnes vivant avec des troubles de la coagulation sanguine ou avec les conséquences d'une transfusion sanguine (VIH/sida, hépatite C, etc.)",provincial,sante,defense_droits,non
accès cible (santé mentale travail),"5650, rue D'Iberville, bureau 600 Rosemont—La Petite-Patrie Montréal QC H2G 2B3","Aide en employabilité et intégration au marché du travail. Ateliers de connaissance de soi, stage en entreprise, méthodes et recherche d'emploi. Mise à jour professionnelle en bureautique. Réadaptatio...",514 525-8888,info@acces-cible-smt.qc.ca,www.acces-cible.org,Grand Montréal,personnes qui vivent ou ont vécu des problèmes de santé mentale et qui désirent réintégrer le marché du travail,grand_montreal,emploi,sante,non
réseau québécois d'action pour la santé des femmes,"6415, rue des Écores, 1er étage Rosemont—La Petite-Patrie Montréal QC H2G 2J6","Réseau multidisciplinaire. Promotion et défense des droits et intérêts des femmes. Mobilisation et représentation. Production et diffusion d'information en santé. Ateliers de formation, conférences, c...",514 877-3189,rqasf@rqasf.qc.ca,www.rqasf.qc.ca,le Québec,"femmes, organisations de femmes",provincial,defense_droits,sante,non
revdec,"2660, avenue Letourneux Mercier—Hochelaga-Maisonneuve Montréal QC H1V 2P4","Accompagnement scolaire. Activités éducatives, culturelles et sportives. Suivi psychosocial individualisé. Soutien personnalisé pour l'orientation scolaire.",514 259-0634,admin@revdec.org,www.revdec.org,île de Montréal,"adolescent·e·s à risque ou en situation de décrochage scolaire, toujours en obligation de fréquentation scolaire",montreal,education_formation,developpement_enfants_familles,non
mûrier (le),"2615, boulevard Pie-IX Mercier—Hochelaga-Maisonneuve Montréal QC H1V 2E8","Logements supervisés: appartements, studios et foyers de groupe. Stage d'expérimentation au travail dans une cuisine de production. Atelier d'apprentissages culinaires à domicile.",514 254-6110,info@lemurier.org,lemurier.org,île de Montréal,hommes et femmes adultes vivant avec un trouble de santé mentale,montreal,sante,logement,non
association de la neurofibromatose du québec (l'),Montréal QC,Activités de sensibilisation à la neurofibromatose. Activités familiales. Soutien aux personnes atteintes et à leur famille par téléphone ou courriel. Accès à de la documentation médicale. Accès à des...,514 385-6702,anfq@anfq.org,anfq.ca,le Québec,"personnes vivant avec la neurofibromatose, NF1, NF2 et schwannomatose, leurs familles et proches",provincial,sante,soutien_vulnerabilite,non
centre haïtien d'action familiale,"2573, rue Bélanger Est Villeray—Saint-Michel—Parc-Extension Montréal QC H1Y 1A3",Information et référence. Programme Y'a personne de parfait et groupe de soutien mensuel ouvert visant les nouveaux parents immigrants. Soutien pour personnes demandeuses d'asile: accompagnement dans ...,514 729-8834,chafquebec@yahoo.ca,,Grand Montréal,familles haïtiennes en difficulté,grand_montreal,developpement_enfants_familles,soutien_vulnerabilite,non
déclic - initiatives pour la formation et l'emploi des jeunes,"6250, rue des Écores Rosemont—La Petite-Patrie Montréal QC H2G 2J5",Services socio-psycho-pédagogiques pour jeunes adultes en difficultés qui souhaitent effectuer un retour à l'école et avoir accès à un diplôme qualifiant. Programme de préscolarisation: stabi,514 277-5559,info@declic.ca,www.declic.ca,Grand Montréal,jeunes adultes de 16 à 24 ans ayant des difficultés d'adaptation et d'apprentissage et nécessitant un soutien psychosocial,grand_montreal,education_formation,soutien_vulnerabilite,non
ymca du québec (les) - centre desjardins - service de supervision des droits d'accès,"2564, avenue Desjardins Mercier—Hochelaga-Maisonneuve Montréal QC H1V 2H7",Supervision des droits d'accès. Visites supervisées d'une durée maximale de 2 heures. Échange de garde. Appels supervisés.,514 252-7442,centredesjardins@ymcaquebec.org,www.ymcaquebec.org,île de Montréal,parents,montreal,developpement_enfants_familles,soutien_vulnerabilite,non
maison l'exode (la) - pavillon andré-dumont,"2590, avenue Letourneux Mercier—Hochelaga-Maisonneuve Montréal QC H1V 2P4",Programme de réinsertion sociale avec hébergement d'une durée de 3 à 12 mois. Thérapie. Repas. Auberge de Bruxelles: logements de transition d'une durée de 5 ans pour les personnes ayant effectué le p...,514 255-7727,info@maison-exode.org,maison-exode.org,le Québec,"hommes et femmes de 18 ans et plus vivant avec des problèmes de toxicomanie, d'alcoolisme ou de jeu pathologique ayant complété un programme de thérapie interne dans les 6 mois précédant leur demande d'admission",provincial,soutien_vulnerabilite,logement,non
insertech angus,"4820, rue Molson Rosemont—La Petite-Patrie Montréal QC H1Y 3J8",Entreprise d'insertion en réemploi de matériel informatique. Vente d'ordinateurs et de cellulaires reconditionnés abordables sur place et en ligne. Cours d'informatique. Récupération d'ordinateurs et ...,514 596-2842,insertech@insertech.ca,www.insertech.ca,le Québec,"insertion professionnelle: jeunes de 16 à 35 ans éloignés du marché du travail, vente d'ordinateurs reconditionnés, services de réparation et cours d'informatique: grand public et organismes à but non lucratif",provincial,emploi,education_formation,non
collectif des entreprises d'insertion du québec,"4100, rue André-Laurendeau, bureau 200 Rosemont—La Petite-Patrie Montréal QC H1Y 3N6",Regroupement d'entreprises d'insertion. Information. Promotion et représentation. Réseautage. Soutien à la formation et à la commercialisation. Mutuelle de formation.,514 270-4905,ceiq@collectif.qc.ca,collectif.qc.ca,le Québec,"entreprises d'insertion, personnes en situation de vulnérabilité",provincial,emploi,developpement_communautaire,non
projet intégration montréal,"4100, rue André-Laurendeau, bureau 200 Rosemont—La Petite-Patrie Montréal QC H1Y 3N6",Formation rémunérée en entreprise d'insertion. Formation complémentaire en francisation disponible. Possibilité d'entrée progressive avec ateliers préparatoires.,514 270-4905 poste 230,integration2@collectif.qc.ca,collectif.qc.ca,île de Montréal,personnes de 16 à 35 ans membre d'une minorité visible,montreal,emploi,education_formation,non
réseau des services spécialisés de main-d'oeuvre,"4100, rue André-Laurendeau, bureau 220 Rosemont—La Petite-Patrie Montréal QC H1Y 3N6",Regroupement d'organismes offrant des services spécialisés en employabilité pour personnes sous-représentées sur le marché du travail. Projet FIT (Formation Intégration Travail) : accompagnement pour ...,514 904-1544,info@rssmo.qc.ca,rssmo.qc.ca,le Québec,"organismes d'employabilité, personnes ayant des difficultés d'insertion socioprofessionnelle, entreprises",provincial,emploi,developpement_communautaire,oui
groupe part (programme d'apprentissage retour au travail),"4100, avenue André-Laurendeau Rosemont—La Petite-Patrie Montréal QC H1Y 3N6",Réinsertion en emploi. PART du Chef: entreprise d'insertion socioprofessionnelle offrant à ses travailleur·euse·s en formation la possibilité d'expérimenter différents emplois reliés à la cuisine,514 526-7278,mthomas@groupepart.ca,www.groupepart.ca,Grand Montréal,"personnes de 18 ans et plus avec des problèmes de santé mentale ou psychosociaux, bénéficiant d'un suivi médical ou psychosocial, repas congelés, cafétéria et traiteur: population générale",grand_montreal,emploi,sante,non
service d'entretien pro-prêt,"5500, rue Fullum, bureau 300 Rosemont—La Petite-Patrie Montréal QC H2G 2H3","Entreprise d'insertion socioprofessionnelle. Programmes d'insertion: préposé en entretien ménager commercial et initiation en entretien ménager. Services aux entreprises: entretien ménager, réparation...",514 279-3627,info@propret.org,propret.org,Grand Montréal,personne de 16 ans et plus,grand_montreal,emploi,,non
atelier majuscule,"5500, rue Fullum, bureau 318 Rosemont—La Petite-Patrie Montréal QC H2G 2H3","Entreprise d'insertion offrant des services d'impression numérique pour les entreprises, les organismes, les institutions et les particulier·ère·s afin de soutenir les personnes vivant des situations ...",514 277-7535,recrutement@ateliermajuscule.ca,www.ateliermajuscule.ca,île de Montréal,"personnes de 18 ans et plus sans revenus, bénéficiaires de l'aide sociale, peu scolarisées, peu expérimentées sur le plan professionnel ou qui éprouvent de la difficulté à se trouver un emploi ou à le conserver et qui souhaitent s'intégrer au marché du travail",montreal,emploi,soutien_vulnerabilite,non
entraide saint-michel,"7701, avenue Léonard De Vinci, local 111 Villeray—Saint-Michel—Parc-Extension Montréal QC H2A 0A1","Activités de réinsertion sociale et socioprofessionnelle. Accueil et intégration. Programme PAAS Action. Soutien, entraide et croissance personnelle. Activités récréatives, éducatives et pratiques. Su...",514 593-7344,info@entraidesaintmichel.org,entraidesaintmichel.org,Grand Montréal,personnes de 18 ans et plus avec des problèmes de santé mentale et autonomes,grand_montreal,sante,emploi,non
avenue hébergement communautaire (l'),"2587, rue Leclaire Mercier—Hochelaga-Maisonneuve Montréal QC H1V 3A8",Hébergement pour jeunes adultes en difficulté. Information et référence. Maison d'hébergement de transition d'une durée maximale de 6 mois. Petites Avenues: logements transitoires en colocation. Pigno...,514 254-2244,maison@lavenuehc.org,www.lavenuehc.org,Grand Montréal,hommes et femmes de 18 à 29 ans avec des problèmes d'intégration,grand_montreal,soutien_vulnerabilite,logement,non
maison le parcours - habitation des carrières,"2201, rue des Carrières Rosemont—La Petite-Patrie Montréal QC H2G 1X4",Maison de chambres autonome pour personnes vivant avec des problèmes de santé mentale.,438 386-9968,nprenovost@maisonleparcours.ca,maisonleparcours.ca/habitations,île de Montréal,adultes vivant avec des problèmes de santé mentale,montreal,logement,sante,non
refuge hochelaga,"4567, rue Hochelaga Mercier—Hochelaga-Maisonneuve Montréal QC H1V 1C8",Centre de jour et refuge pour personnes en situation d'itinérance. Service de repas. Douche et buanderie. Intervention psychosociale. Hébergement de transition. Distribution de trousse de naloxone. Ré...,514 251-2081 poste 102 et 103,info@capstbarnabe.org,www.capstbarnabe.org,île de Montréal,"personnes en situation d'itinérance, vulnérables ou en état de précarité ou sans ressources, animaux de compagnie acceptés",montreal,soutien_vulnerabilite,bien_etre_alimentaire,non
diabète québec,"3750, boulevard Crémazie Est, bureau 500 Villeray—Saint-Michel—Parc-Extension Montréal QC H2A 1B6","Accompagnement des personnes vivant avec le diabète pour l'amélioration de leur bien-être. Information: service InfoDiabète par téléphone et clavardage, site internet, documentation. Défense des intér...",514 259-3422,infodiabete@diabete.qc.ca,www.diabete.qc.ca,le Québec,"personnes vivant avec le diabète et leur famille, professionnel·le·s de la santé",provincial,sante,defense_droits,non
auberge du coeur le foyer,"2650, rue Davidson, bureau 110 Mercier—Hochelaga-Maisonneuve Montréal QC H1W 2Z2","Réinsertion sociale avec hébergement d'une durée d'un an. Auberge du coeur: chambres individuelles meublées à coût modique, incluant un poêle, un réfrigérateur, le chauffage, l'électricité et une conn...",514 522-3198,info@aubergelefoyer.ca,aubergelefoyer.ca,le Québec,"jeunes de tous genres de 18 à 30 ans ayant 20 heures de démarches (travail, école, formation) éprouvant des difficultés à se maintenir en logement autonome et désirant s'impliquer dans un milieu de vie et faire des apprentissages sur la vie autonome, ayant des revenus minimum de 700$ par mois",provincial,soutien_vulnerabilite,logement,non
coalition des organismes communautaires pour le développement de la main-d'oeuvre,"5000, rue d'Iberville, bureau 304 Le Plateau-Mont-Royal Montréal QC H2H 2S6",Insertion et intégration en emploi. Formation et éducation adaptées aux besoins. Promotion et défense des droits. Développement local et communautaire.,514 948-0505,communication@cocdmo.qc.ca,cocdmo.qc.ca,le Québec,"organismes en employabilité, personnes sans emploi",provincial,emploi,defense_droits,non
racine croisée,"2275, boulevard Saint-Joseph Est Le Plateau-Mont-Royal Montréal QC H2H 1G4",Banque alimentaire. Activités d'intégration culturelle et socioprofessionnelle pour personnes des minorités ethnoculturelles. Information et accompagnement à l'établissement de personnes nouvellement ...,514 225-3448,info@racinecroisee.ca,bienfaisance.racinecroisee.ca,île de Montréal,"personnes en situation de précarité, aide à l'établissement: personnes nouvellement arrivées, personnes immigrantes ou réfugiées",montreal,bien_etre_alimentaire,autres_missions_sociales,non
singa québec,"2275, boulevard Saint-Joseph Est, bureau 1.130 Le Plateau-Mont-Royal Montréal QC H2H 1G4",Innovation sociale et enrichissement culturel avec des personnes réfugiées. Jumelage interculturel et acompagnement lors des 6 premiers mois. Activités socioculturelles. Ateliers d'information. Ressou...,,info@singa.quebec,www.singa.quebec,le Québec,"personnes réfugiées, grand public",provincial,autres_missions_sociales,developpement_communautaire,non
viomax,"2275, avenue Laurier Est Le Plateau-Mont-Royal Montréal QC H2H 2N8","Activités physiques adaptées aux enfants, jeunes et adultes vivant avec un handicap physique. Piscine (bassin d'eau chaude). Salle de conditionnement physique adaptée. Cours de groupe en gymnase et à ...",514 527-4527 poste 712 329,info@civa.qc.ca,www.civa.qc.ca,Grand Montréal,personnes vivant avec un handicap physique,grand_montreal,sports_loisirs_tourisme,sante,oui
école de la relève,"3730, boulevard Crémazie Est, bureau 500 Villeray—Saint-Michel—Parc-Extension Montréal QC H2A 1B4",Services aux jeunes en difficulté. École de la Relève: formation académique de niveau secondaire jumelée avec l'apprentissage des arts martiaux et des ateliers d'employabilité. Programme de francisati...,514 325-9486 poste 0,info@ecoledelareleve.ca,www.ecoledelareleve.ca,Grand Montréal,enfants de 7 ans et plus,grand_montreal,education_formation,soutien_vulnerabilite,non
habitations l'escalier de montréal (les) - l'auberge du coeur l'escalier,"2295, rue Desjardins Mercier—Hochelaga-Maisonneuve Montréal QC H1V 2H6",Hébergement de transition. Hébergement d'une durée maximale de 6 mois. Rencontres individuelles. Activités de groupe. Encadrement psychosocial. Suivi posthébergement.,514 252-9886,info@lescalier.ca,www.lescalier.ca,Grand Montréal,"jeunes adultes de 18 à 30 ans en difficulté, itinérants ou à risque d'itinérance",grand_montreal,soutien_vulnerabilite,logement,non
maison du pharillon (la),"2410, rue Nicolet Mercier—Hochelaga-Maisonneuve Montréal QC H1W 3L4",Centre de réadaptation interne d'une durée de 90 jours avec repas et commodités. Programme distinct pour les dépendances aux substances. Ateliers de cheminement personnel et de connaissance de soi. Re...,514 254-8560,intervenants@pharillon.org,www.pharillon.org,le Québec,hommes de 18 ans et plus alcooliques ou toxicomanes,provincial,soutien_vulnerabilite,sante,non
cirque hors piste,"3622, rue Hochelaga Mercier—Hochelaga-Maisonneuve Montréal QC H1W 1J1",Espace alternatif et inclusif de création. Apprentissage individuel et collectif à travers les arts du cirque. Ateliers hebdomadaires: intervention en cirque social. Cirko-vélo: intervention dans les ...,514 523-6363,info@cirquehorspiste.com,cirquehorspiste.com/fr,Grand Montréal,"jeunes marginalisé·e·s, aristes de cirque",grand_montreal,arts_culture_medias,soutien_vulnerabilite,oui
fondation marie-vincent,"4100, rue Molson, 4e étage Rosemont—La Petite-Patrie Montréal QC H1Y 3N1","Prévention de la violence sexuelle faite aux enfants et aux adolescent·e·s. Sensibilisation auprès des enfants, parents et personnes intervenantes des milieux communautaire, scolaire et de la santé. S...",514 285-0505,info@marie-vincent.org,marie-vincent.org,le Québec,"enfants, filles ayant subi l'excision, personnes adolescentes, parents, personnes intervenantes",provincial,soutien_vulnerabilite,developpement_enfants_familles,non
clinique juridique de saint-michel,"3737, boulevard Crémazie Est, bureau 801 Villeray—Saint-Michel—Parc-Extension Montréal QC H1Z 2K4",Consultation juridique gratuite. Bibliothèque juridique en ligne.,514 621-4737,info@cjsm.ca,www.cjsm.ca,île de Montréal,grand public,montreal,defense_droits,,non
cap st-barnabé - refuge étape (l') - hommes,"2345, rue de Chambly Mercier—Hochelaga-Maisonneuve Montréal QC H1W 3J6",Centre d'hébergement d'urgence pour hommes en situation d'itinérance. Service de repas. Douche et buanderie. Suivi psychosocial. Aide au logement.,514 251-2081,info@capstbarnabe.org,www.capstbarnabe.org,île de Montréal,"hommes en situation d'itinérance, vulnérables, en état de précarité ou sans ressources (un animal de compagnie par personne acceptés)",montreal,soutien_vulnerabilite,logement,non
cap st-barnabé - refuge étape (l') - couples,"2345, rue de Chambly Mercier—Hochelaga-Maisonneuve Montréal QC H1W 3J6",Centre d'hébergement d'urgence pour personnes en situation d'itinérance. Service de repas. Douche et buanderie. Suivi psychosocial. Aide au logement.,514 251-2081,info@capstbarnabe.org,www.capstbarnabe.org,île de Montréal,"personnes sans enfants en situation d'itinérance, vulnérables, en état de précarité ou sans ressources (un animal de compagnie par personne acceptés)",montreal,soutien_vulnerabilite,logement,non
cap st-barnabé - refuge étape (l') - femmes,"2345, rue de Chambly Mercier—Hochelaga-Maisonneuve Montréal QC H1W 3J6",Centre d'hébergement d'urgence pour femmes en situation d'itinérance. Service de repas. Douche et buanderie. Suivi psychosocial. Aide au logement.,514 251-2081,info@capstbarnabe.org,www.capstbarnabe.org,île de Montréal,"femmes sans enfants en situation d'itinérance, vulnérables, en état de précarité ou sans ressources (un animal de compagnie par personne acceptés)",montreal,soutien_vulnerabilite,logement,non
audition québec,"2222, avenue Laurier Est, bureau 012.2 Le Plateau-Mont-Royal Montréal QC H2H 1C4","Information et référence pour les personnes adultes malentendantes ou devenues sourdes, les membres de leur entourage et toutes les personnes avec qui elles sont en interaction. Développement d'outils...",1 888 665-1050,info@auditionquebec.org,auditionquebec.org,le Québec,"personnes malentendantes, sourdes et devenues sourdes de 18 ans et plus",provincial,sante,,non
centre culturel algérien,"2348, rue Jean-Talon Est, bureau 307 Villeray—Saint-Michel—Parc-Extension Montréal QC H2E 1V7",Accueil et orientation des personnes nouvellement arrivées. Aide à la recherche d'emploi. Orientation professionnelle. Aide à la rédaction de CV. Soutien psychologique et matériel ponctuel et référenc...,514 721-4680,info@ccacanada.org,ccacanada.org,le Québec,"accueil des personnes nouvellement arrivées: de toute origine et en particulier des communautés algérienne et maghrébine, cours: enfants de 6 ans et plus",provincial,autres_missions_sociales,emploi,non
gang à rambrou (la),"3920, rue de Rouen Mercier—Hochelaga-Maisonneuve Montréal QC H1W 1N3","Organisme spécialisé qui vise l'inclusion sociale par l'utilisation de médias artistiques tels les arts de la scène et les arts visuels. Participation sociale, intégration et inclusion. Ateliers en ar...",438 333-4264 poste 220,rambrou@gmail.com,rambrou.ca,Grand Montréal,"personnes vivant avec une déficience intellectuelle ou un trouble du spectre de l'autisme, personnes sans handicap",grand_montreal,arts_culture_medias,soutien_vulnerabilite,oui
prolongement à la famille de montréal (un),"2194 avenue de la Salle, bureau 200 Mercier—Hochelaga-Maisonneuve Montréal QC H1V 2K8","Éducation communautaire. Halte-répit de jour: arts plastiques, ateliers d'échanges et de discussions, exercices physiques, etc. Intégration aux loisirs communautaires et sorties culturelles. Activités...",514 504-7989,info@upfm.ca,www.upfm.ca,île de Montréal,"personnes de 21 ans et plus vivant avec une déficience intellectuelle légère ou moyenne, avec ou sans comorbidité",montreal,sante,developpement_communautaire,non
boulot vers... (le),"4447, rue de Rouen Mercier—Hochelaga-Maisonneuve Montréal QC H1V 1H1","Entreprise d'insertion sociale. Stage de formation rémunéré de 4 à 6 mois, carte Opus gratuite durant le stage au besoin. Formation socioprofessionnelle personnalisée. Orientation scolaire et professi...",514 259-2312,info@boulotvers.org,boulotvers.org,Grand Montréal,jeunes adultes de 16 à 29 ans ayant besoin d'un accompagnement et d'aide pour stabiliser leur situation de vie et définir un projet professionnel ou de retour aux études,grand_montreal,emploi,education_formation,non
distributions l'escalier (les),"4455, rue de Rouen Mercier—Hochelaga-Maisonneuve Montréal QC H1V 1H1",Entreprise d'insertion en emploi spécialisée dans la vente et la distribution d'aliments fins québécois. Ateliers de formation. Accompagnement psychosocial.,514 529-5974,info@lescalier.ca,www.lescalier.ca,Grand Montréal,jeunes adultes de 18 à 35 ans en difficulté au niveau personnel ou professionnel,grand_montreal,emploi,bien_etre_alimentaire,non
fédération de l'âge d'or du québec,"7665, boulevard Lacordaire Saint-Léonard Montréal QC H1S 2A7","Promotion du mieux-être et défense des droits des personnes aînées. Information. Promotion des sports et des loisirs éducatifs, culturels, humanitaires et communautaires. Programme Aîné-Avisé. Atelier...",1 800 554-9058,info@fadoq.ca,www.fadoq.ca,le Québec,personnes âgées de 50 ans et plus,provincial,sante,defense_droits,non
kéroul,"7665, boulevard Lacordaire Saint-Léonard Montréal QC H1S 2A7",Promotion du tourisme accessible pour les personnes vivant avec une capacité physique restreinte. Base de données des endroits touristiques accessibles au Québec. Sensibilisation des acteurs du milieu...,514 252-3104,info@keroul.qc.ca,www.keroul.qc.ca,le Québec,personnes vivant avec une capacité physique restreinte,provincial,sports_loisirs_tourisme,soutien_vulnerabilite,oui
association sportive des sourds du québec,"7665,  boulevard Lacordaire Saint-Léonard Montréal QC H1S 2A7",Contribution à la réussite et au rayonnement des athlètes de haut niveau sourd·e·s et malentendant·e·s. Promotion de la pratique du sport de haut niveau. Organisation de camps d'entrainements et tourn...,,info@assq.org,www.assq.org,le Québec,personnes sourdes et malentendantes,provincial,sports_loisirs_tourisme,sante,oui
association québécoise de la douleur chronique,"7665, boulevard Lacordaire Saint-Léonard Montréal QC H1S 2A7","Améliore la qualité de vie des personnes qui vivent avec la douleur chronique et de leurs proches aidant·e·s. Ligne d'écoute. Groupes d'entraide en présentiel et en virtuel. Conférences, documentation...",1 855 230-4198,aqdc@douleurquebec.ca,douleurquebec.ca,le Québec,"personnes vivant avec la douleur chronique, leurs proches",provincial,sante,soutien_vulnerabilite,non
association québécoise des sports pour paralytiques cérébraux,"7655 boulevard Lacordaire, 3e étage Saint-Léonard Montréal QC H1S 2A7",Promotion de l'activité physique pour les personnes ayant des limitations fonctionnelles et développement et encadrement du boccia. Club de sport et entraînements. Programme de Développement,514 252-3143,info@aqspc.ca,www.aqspc.ca,le Québec,personnes vivant avec la paralysie cérébrale et autres déficience physique majeure,provincial,sports_loisirs_tourisme,sante,oui
parents orphelins,"7665, boulevard Lacordaire Saint-Léonard Montréal QC H1S 2A7","Soutien et information pour parents vivant un deuil périnatal. Groupe d'entraide mensuel sous forme de café-causerie, animé par un·e membre-parent. Activités et ateliers thématiques sur une base ponct...",514 686-4880,info@parentsorphelins.org,parentsorphelins.org,le Québec,"parents vivant un deuil périnatal ou une grossesse à la suite d'un décès périnatal, personnes proches d'un parent",provincial,sante,soutien_vulnerabilite,non
clinique multidisciplinaire horizon,"6777, rue de Bordeaux Rosemont—La Petite-Patrie Montréal QC H2G 2S3",Service de santé mentale. Psychologie. Ergothérapie. Sexologie. Art-thérapie. Psychothérapie. Thérapie en relation d'aide.,514 374-3445,info@centredaidedebordeaux.com,www.cmhorizon.com,Grand Montréal,personnes de 16 ans et plus,grand_montreal,sante,,non
habitations du réseau de l'académie (les),"2414, avenue Mont-Royal Est Le Plateau-Mont-Royal Montréal QC H2H 1L1","Logement social communautaire. Appartements, chambres et studios. Habitations Mont-Royal: logements accessibles aux personnes en fauteuil roulant.",514 658-8013,info@resac.org,www.resac.org,île de Montréal,"personnes de 18 ans et plus à risque d'itinérance avec ou sans troubles de santé mentale, personnes de 60 ans et plus à risque d'itinérance avec troubles de santé mentale",montreal,logement,sante,oui
habitations du réseau de l'académie (les) - phase 6 - mont-royal,"2432, avenue du Mont-Royal Est Le Plateau-Mont-Royal Montréal QC H2H 1L1",Logement social communautaire permanent. Studios meublés incluant câble et buanderie. Soutien communautaire.,514 658-8013,info@resac.org,www.resac.org,île de Montréal,"personnes autonomes à faible revenu de 60 ans et plus, vivant ou ayant vécu des troubles de santé mentale graves ou modérés et étant sans abri ou à risque d'itinérance",montreal,logement,sante,oui
centre didache (le),"1871, boulevard Rosemont Rosemont—La Petite-Patrie Montréal QC H2G 1S7","Activités pour personnes autistes ou vivant avec une déficience intellectuelle et soutien à leurs familles. Information, soutien et référence. Camp de jour estival. Camp de jour de la relâche scolaire...",514 274-9358,centredidache@hotmail.ca,www.centredidache.com,île de Montréal,"personnes autistes ou vivant avec une déficience intellectuelle, leur famille, camp de jour estival: enfants autistes de 6 à 18 ans, Samedis magiques: enfants de 6 à 12 ans, programme transition: adultes autistes",montreal,sante,developpement_enfants_familles,non
transition centre-sud,"1819, boulevard Rosemont Rosemont—La Petite-Patrie Montréal QC H2G 1S5",Centre en délinquance pour adulte. Maison L'issue: intervention en hébergement pour hommes libérés sous conditions. La Passerelle: intervention en communauté pour probationnaires. Point Final: program...,514 270-6633,info@transitioncentresud.ca,www.transitioncentresud.ca,le Québec,"personnes de 18 ans et plus s'identifiant comme homme, libérés sous ordonnance de libération conditionnelle, ordonnance d'emprisonnement avec sursis (suspended sentence order en anglais) ou ordonnance de probation",provincial,soutien_vulnerabilite,defense_droits,non
passerelle (la),"1819, boulevard Rosemont Rosemont—La Petite-Patrie Montréal QC H2G 1S5",Suivi dans la communauté pour personnes en libération conditionnelle.,514 270-6633,info@transitioncentresud.ca,transitioncentresud.ca/la-passerelle/suivi-communautaire,île de Montréal,"personnes de 18 ans et plus s'identifiant comme homme, ayant séjourné à la Maison l'issue ou libérés sous ordonnance de libération conditionnelle, ordonnance d'emprisonnement avec sursis ou ordonnance de probation",montreal,soutien_vulnerabilite,defense_droits,non
service d'interprétation visuelle et tactile,"2725, rue Rachel Est, bureau 200 Le Plateau-Mont-Royal Montréal QC H2H 1S6","Interprétation pour santé et services sociaux, services gouvernementaux, services juridiques, travail et activités syndicales, rôle et soutien parental, services et biens de consommation, vie associat...",514 285-8877,info@sivet.ca,sivet.ca,"Lanaudière, Laurentides, île de Montréal, Laval, Montérégie",personnes sourdes ou malentendantes,grand_montreal,sante,soutien_vulnerabilite,non
grands frères grandes soeurs du grand montréal,"3155, rue Hochelaga, bureau 202 Mercier—Hochelaga-Maisonneuve Montréal QC H1W 1G4",Jumelage avec un mentor adulte pour enfants ayant besoin d'une présence significative afin de révéler leur plein potentiel et les outiller pour l'avenir. Mentorat dans la communauté: soutien émotionne...,514 842-9715,montreal@grandsfreresgrandessoeurs.ca,gfgsmtl.qc.ca,Grand Montréal,"jeunes de 6 à 21 ans, mentorat à l'école: jeunes de 6 à 15 ans, jeunes sous la protection de la jeunesse, jeunes des communautés Noires, jeunes autochtones, jeunes des communautés 2SLGBTQIA+, jeunes ayant un handicap",grand_montreal,developpement_enfants_familles,soutien_vulnerabilite,non
table de concertation sur la faim et le développement social du montréal métropolitain,"3155, rue Hochelaga, bureau 203 Mercier—Hochelaga-Maisonneuve Montréal QC H1W 1G4",Soutien à l'émergence de solutions durables aux problèmes de la faim et de la pauvreté. Soutien aux projets communautaires de développement dans une perspective d'un,514 387-7997,adjoint@faim-developpement.ca,www.faim-developpement.ca,Grand Montréal,organismes communautaires intervenant en solidarité alimentaire,grand_montreal,developpement_communautaire,bien_etre_alimentaire,non
gris-montréal,"3155, rue Hochelaga, bureau 201 Mercier—Hochelaga-Maisonneuve Montréal QC H1W 1G4",Démystification de la diversité sexuelle et de genre principalement en milieu scolaire. Information et sensibilisation. Orientation des personnes participantes vers les ressources pertinentes. Atelier...,514 590-0016,info@gris.ca,www.gris.ca,île de Montréal et les environs,"jeunes et adultes en milieu scolaire (primaire, secondaire, cégep, francisation), personnes aînées dans les résidences, parents",montreal,defense_droits,education_formation,non
centre de référence du grand montréal,"3155, rue Hochelaga, bureau 101 Mercier—Hochelaga-Maisonneuve Montréal QC H1W 1G4","211: service téléphonique et de clavardage, répertoire en ligne pour guider les citoyen·n·e·s vers les ressources sociocommunautaires et publiques pouvant répondre à leurs besoins. Drogue: aide et réf...",514 527-1388,crgm@info-reference.qc.ca,crgm.ca,"DAR-JAR: le Québec, 211: Grand Montréal, Outaouais, MRC Les Jardins-de-Napierville, MRC Vaudreuil-Soulanges, MRC Le Haut-Richelieu, MRC Joliette, MRC Les Pays-d'en-Haut, MRC Argenteuil, Huberdeau, Montcalm, Val-Morin","individus, intervenant·e·s, organismes",grand_montreal,soutien_vulnerabilite,developpement_communautaire,non
211 grand montréal,"3155, rue Hochelaga, bureau 101 Mercier—Hochelaga-Maisonneuve Montréal QC H1W 1G4",Guichet d'info-référence sociocommunautaire. Service téléphonique et de clavardage pour guider les personnes citoyennes vers les ressources sociocommunautaires et publiques pouvant répondre à leurs be...,211,211@211qc.ca,211qc.ca,"service complet: Grand Montréal, Gatineau, MRC Les Jardins-de-Napierville, MRC Vaudreuil-Soulanges, base de données en ligne seulement: Outaouais, MRC La Vallée-du-Richelieu, MRC Le Haut-Richelieu","individus, intervenant·e·s, organismes",grand_montreal,developpement_communautaire,soutien_vulnerabilite,non
annexe rosalie-jetté (l'),"5100, rue Bossuet Mercier—Hochelaga-Maisonneuve Montréal QC H1M 2M4","École spécialisée du Centre de services scolaire de Montréal permettant aux jeunes filles enceintes ou aux jeunes mères de poursuivre leurs études. Programme de 1er et 2e cycle, de cheminement particu...",514 596-4240,rjette@cssdm.gouv.qc.ca,rosalie-jette.cssdm.gouv.qc.ca,Grand Montréal,adolescentes enceintes ou jeunes mères âgées de 12 à 21 ans voulant poursuivre leur études secondaires,grand_montreal,developpement_enfants_familles,education_formation,non
maison à petits pas (la),"3511, rue de Rouen Mercier—Hochelaga-Maisonneuve Montréal QC H1W 1L8","Milieu de vie communautaire et familial. Activités, ateliers de formation. Groupes de parents. Activités parents-enfants. Cours multiples. Halte-garderie pendant les activités. Rencontres individuelle...",514 522-6461,info@lamapp.org,lamapp.org,île de Montréal,"enfants de 0 à 5 ans, jeunes de 6 à 11 ans, adolescent·e·s de 12 à 17 ans, parents, familles",montreal,developpement_enfants_familles,education_formation,non
entre mamans et papas,"3363, rue de Rouen, bureaux 1 et 2 Mercier—Hochelaga-Maisonneuve Montréal QC H1W 1L4","Soutien aux femmes enceintes et aux familles (pères et/ou mères) avec enfants de 0 à 5 ans. Ateliers, conférences et café rencontre entre parents sur diverses thématiques : développement des compétenc...",514 525-8884,info@entremamans.qc.ca,entremamans.qc.ca,"relevailles et couches: île de Montréal, autres services: Grand Montréal","parents avec enfants de 0 à 5 ans, personnes enceintes",grand_montreal,developpement_enfants_familles,,non
ateliers d'antoine,"4800, rue de Rouen, bureau 100 Mercier—Hochelaga-Maisonneuve Montréal QC H1V 3T4","Entreprise d'insertion. Formation rémunérée en ébénisterie. Suivi individuel, suivi en recherche d'emploi et en emploi. Fabrication de produits horticoles et de mobilier urbain.",514 256-5557,ventes@lesateliersdantoine.com,ateliersdantoine.com,Grand Montréal,"personnes âgées de 16 à 35 ans, prestataires de l'aide sociale, de l'assurance-emploi ou sans revenus",grand_montreal,emploi,education_formation,non
aigle bienfaisant,"6336, avenue Papineau Rosemont—La Petite-Patrie Montréal QC H2G 2W9","Services d'aide matérielle, en partenariat avec Oeuvre Jojo dépannage. Dons de biens essentiels: vêtements, petits articles de cuisines, petits meubles, etc. Jumelage de gros dons: gros meubles, élect...",514 619-5114,aiglebienfaisant@gmail.com,,"île de Montréal, aide à la recherche d'emploi: le Canada","personnes à faible revenu, personnes demandeuses d'asile, livraison repas congelés: personnes âinées, personnes à mobilité réduite",montreal,soutien_vulnerabilite,bien_etre_alimentaire,non
fondation coccinelle pour les enfants handicapés (la),"6630-A, avenue Papineau Rosemont—La Petite-Patrie Montréal QC H2G 2X2",Centre d'activités de jour. Répit. Camp de vacances.,514 725-0009,fondationcoccinelle@hotmail.ca,,"île de Montréal, Rive-Nord et Rive-Sud",enfants et adultes ayant un handicap intellectuel ou physique ou présentant d'autres syndromes,grand_montreal,sante,sports_loisirs_tourisme,oui
groupe d'action pour la prévention de la transmission du vih et l'éradication du sida,"8000, boulevard Saint-Michel Villeray—Saint-Michel—Parc-Extension Montréal QC H1Z 3E1","Information, soutien, accompagnement et sensibilisation au VIH/sida, à l'hépatite C et aux ITSS. Ligne téléphonique d'écoute et d'information. Orientation, accompagnem",514 722-5655,gapvies@gapvies.ca,www.gapvies.ca,île de Montréal,"personnes vivant avec le VIH, leurs proches, population générale, communautés haïtienne et africaines",montreal,sante,soutien_vulnerabilite,non
vers l'équilibre,"4217, rue Ontario Est Mercier—Hochelaga-Maisonneuve Montréal QC H1V 1K2",Accueil et référence. Développement personnel et relationnel en groupe.,514 251-1200,accueil@verslequilibre.ca,www.verslequilibre.ca,île de Montréal,personnes de 18 ans et plus avec un problème de santé mentale,montreal,sante,soutien_vulnerabilite,non
"inici (immigrer, intégrer, innover)","2030, boulevard Pie-IX, bureau 309 Mercier—Hochelaga-Maisonneuve Montréal QC H1V 2C8","Écoute active et soutien dans toutes les démarches d'installation et d'intégration socioprofessionnelle. Soutien et orientation dans les démarches administratives, obtention des documents, aide pour r...",514 255-3900,info@inici.ca,www.inici.ca,Grand Montréal,"personnes immigrantes, personnes réfugiées, personnes demandeuses d'asile, services d'employabilité: personnes résidentes permanentes depuis moins de 5 ans, personnes réfugiées, personnes demandeuses d'asile, aide à la recherche de logement: demandeur·euse·s d'asile",grand_montreal,autres_missions_sociales,emploi,non
centre communautaire congolais des aînés,"2030, boulevard Pie-IX, bureau 209 Mercier—Hochelaga-Maisonneuve Montréal QC H1V 2C8","Activités récréatives, éducatives et culturelles. Repas communautaires. Cafés-rencontres. Soutien et entraide à domicile pour les personnes malades et soutien en cas de deuil. Aide et visites aux aîné...",514 597-2882,centre.aines@videotron.ca,,Grand Montréal,personnes de 50 ans et plus d'origine congolaise ou d'une autre minorité culturelle,grand_montreal,sante,developpement_communautaire,non
oeuvres humanitaires du salut (o.h.s.),"2030, boulevard Pie-IX, bureau 209 Mercier—Hochelaga-Maisonneuve Montréal QC H1V 2C8","Aide à l'intégration des personnes réfugiées, immigrantes et des nouveaux arrivants. Accueil, information, orientation et accompagnement. Aide à l'établissement, à l'intégration, à la recherche d'hébe...",514 521-4804,oeuvreshs@gmail.com,,île de Montréal,"nouveaux arrivants, personnes immigrantes, personnes demandeuses d'asile, personnes déplacées",montreal,autres_missions_sociales,soutien_vulnerabilite,non
association québécoise de l'encéphalomyélite myalgique,"2030, boulevard Pie-IX, bureau 403 Mercier—Hochelaga-Maisonneuve Montréal QC H1V 2C8",Information et sensibilisation du public et du milieu de la santé. Promotion de la recherche. Groupe d'entraide.,1 855 369-0386,info@aqem.org,aqem.org,le Québec,"personnes atteintes d'encéphalomyélite myalgique ou du syndrome de la fatigue chronique, leurs proches",provincial,sante,soutien_vulnerabilite,non
association pulmonaire du québec - groupe d'entraide maladies pulmonaires - montréal/mercier,"4115, rue Ontario Est, bureau 200 Mercier—Hochelaga-Maisonneuve Montréal QC H1V 1J7","Groupes d'entraide virtuels offerts aux personnes atteintes de maladies respiratoires, aux membres de la famille et aux proches aidant·e·s. Conférence et périod",1 888 768-6669 poste 230,info@poumonquebec.ca,poumonquebec.ca,Grand Montréal,"personnes atteintes de maladies respiratoires, membres de la famille et proches aidant·e·s",grand_montreal,sante,soutien_vulnerabilite,non
association pulmonaire du québec - groupe d'entraide maladies pulmonaires - montréal/verdun,"4115, rue Ontario Est, bureau 200 Mercier—Hochelaga-Maisonneuve Montréal QC H1V 1J7","Groupe d'entraide virtuels offerts aux personnes atteintes de maladies respiratoires, aux membres de la famille et aux proches aidant·e·s. Conférence et période",1 888 768-6669 poste 230,info@poumonquebec.ca,poumonquebec.ca,île de Montréal,"personnes atteintes de maladies respiratoires, membres de la famille et proches aidant·e·s",montreal,sante,soutien_vulnerabilite,non
association pulmonaire du québec,"4115, rue Ontario Est, bureau 200 Mercier—Hochelaga-Maisonneuve Montréal QC H1V 1J7",Prévention des maladies respiratoires. Soutien à la recherche scientifique et programme d'éducation. Service de vaccination antigrippale et antipneumococcique. Ligne téléphonique d'informations sur la...,1 888 768-6669,info@pounonquebec.ca,poumonquebec.ca,le Québec,"personnes vivant avec une insuffisance respiratoire chronique (IRC) incluant l'asthme, la bronchite, l'emphysème, la pneumonie, la tuberculose, le cancer du poumon, l'apnée du sommeil et les maladies pulmonaires obstructives chroniques (MPOC), leurs proches, programme Enfin libre! Du tabac: grand public",provincial,sante,education_formation,non
association pulmonaire du québec - apnée du sommeil - groupe d'entraide montréal,"4115, rue Ontario Est, bureau 200 Mercier—Hochelaga-Maisonneuve Montréal QC H1V 1J7","Groupe d'entraide d'apnée du sommeil. Rencontres virtuelles. Soirée animée par des professionnel·le·s du domaine de l'apnée, présentée sous forme de capsule informative sui",1 888 768-6669 poste 230,info@poumonquebec.ca,poumonquebec.ca,île de Montréal,"personnes souffrant d'apnée du sommeil, membres de la famille ou toute personne désirant participer",montreal,sante,,non
maison des jeunes du plateau,"5046, rue Cartier Le Plateau-Mont-Royal Montréal QC H2H 1X5","Lieu de rencontre animé pour adolescent·e·s. Animation et intervention préventive. Activités sociales, culturelles et récréatives. Ateliers de cuisine. Souper discussion. Local de musique. Comité jeun...",514 525-7402,mdjplateau@gmail.com,www.mdjplateau.com,île de Montréal,jeunes de 12 à 18 ans,montreal,developpement_enfants_familles,sports_loisirs_tourisme,oui
maison le parcours - programme d'appartements supervisés,"6899, avenue Papineau Rosemont—La Petite-Patrie Montréal QC H2G 2X6",Programme d'appartements supervisés en entente de service avec le CIUSSS de l'est.,514-507-8312,intervenantshp@maisonleparcours.ca,maisonleparcours.ca/appartements-petite-patrie,île de Montréal,adultes vivant avec des problèmes de santé mentale,montreal,sante,logement,non
maison le parcours,"6899, avenue Papineau, appartement 129 Rosemont—La Petite-Patrie Montréal QC H2G 2X6",Hébergement à moyen et à long terme. Résidence de groupe. Appartements supervisés. Maison de chambres avec soutien communautaire dans le cadre du programme Accès-Logis. Accompagnement au quotidien.,514 276-6299,mgauthier@maisonleparcours.ca,maisonleparcours.ca,île de Montréal,adultes vivant avec des problèmes de santé mentale,montreal,logement,sante,non
regroupement de services intégrés propulsion (le),"2075, rue Théodore Mercier—Hochelaga-Maisonneuve Montréal QC H1V 3C1",Gestion de logements adaptés. Aide aux activités de la vie quotidienne et domestique. Intégration communautaire et sociale.,514 251-2525,info@rsipropulsion.ca,rsipropulsion.ca,grand Montréal,personnes 18 ans et plus vivant avec une déficience physique sévère avec ou sans atteinte cognitive légère,grand_montreal,sante,logement,non
biblio-santé,"1453, rue Beaubien Est, bureau 215 Rosemont—La Petite-Patrie Montréal QC H2G 3C6",Service d'information qui propose des ressources sur des maladies et sujets touchant les personnes usagères du système de santé et leurs proches. 16 cahiers thématiques sur divers sujets et maladies. ...,,bibliosante@abpq.ca,bibliosante.ca,le Québec,"proches aidant·e·s, personnes usagères du système de santé, patient·e·s, personnes aînées",provincial,sante,soutien_vulnerabilite,non
harmonie conjugale,"1453, rue Beaubien Est, bureau 205 Rosemont—La Petite-Patrie Montréal QC H2G 3C6","Thérapie pour les hommes ou les couples aux prises avec la violence conjugale ou familiale. Thérapie invidividuelle, de couple ou en groupe. Possibilité de psychothérapie. Information juridique gratui...",514 270-8462,info@pro-gam.ca,www.pro-gam.ca,Grand Montréal,"hommes ou couples de 14 ans et plus ayant posé ou étant à risque de poser des comportements violents en contexte conjugal ou familial, hommes victimes de violence conjugale ou familiale",grand_montreal,soutien_vulnerabilite,sante,non
groupe conseil saint-denis,"1453, rue Beaubien Est, bureau 302 Rosemont—La Petite-Patrie Montréal QC H2G 3C6",Orientation et choix professionnel. Bilan de compétences. Transition de carrière. Retour au travail suite à un épuisement professionnel. Ateliers équilibre au travail. Information scolaire et marché d...,514 278-7211,accueil@gcsd.qc.ca,gcsd.qc.ca,île de Montréal,"personnes cherchant un emploi ou une formation à partir de 15 ans, volets particuliers pour personnes nouvellement arrivées et personnes ayant vécu une période d'épuisement professionnel",montreal,emploi,sante,non
entraide bénévole kouzin kouzin',"3206, rue Jarry Est, bureau 202 Villeray—Saint-Michel—Parc-Extension Montréal QC H1Z 2E2",Soutien aux enfants et à leurs familles. Jumelage entre enfants de 5 à 16 ans et jeunes adultes étudiants bénévoles. Programme de prévention de la négligence et de développement de compétences parenta...,514 376-1845,entraide.kouzinkouzin@gmail.com,kouzinkouzin.org,Grand Montréal,"enfants et familles de toute origine, principalement d'origine immigrante",grand_montreal,developpement_enfants_familles,soutien_vulnerabilite,non
mission old brewery - pavillon lise watier,"4450, rue Ontario Est Mercier—Hochelaga-Maisonneuve Montréal QC H1V 1K6","Programme de réinsertion en logement pour femmes, à durée indéterminée avec suivi psychosocial obligatoire.",514 278-5363 poste 332,info@missionoldbrewery.ca,www.missionoldbrewery.ca/fr,Grand Montréal,"femmes en situation d'itinérance référées par une travailleuse sociale, intervenante ou un centre d'hébergement",grand_montreal,soutien_vulnerabilite,logement,non
intégration jeunesse du québec,"8110, boulevard Saint-Michel Villeray—Saint-Michel—Parc-Extension Montréal QC H1Z 3E2",Aide à l'emploi et au placement. Stages rémunérés. Services spécifiques pour personnes nouvellement arrivées. Programmes de formation professionnelle par alternance études-travail. Formation pour deve...,514 598-7319,info@ijq.qc.ca,www.ijq.qc.ca,Grand Montréal,"jeunes sans emploi de 16 à 35 ans, personnes nouvellement arrivées (citoyen·ne·s, résident·e·s permanent·e·s et personnes avec un permis de travail ouvert ou époux·se·s ou conjoint·e·s de fait d'une personne détenant un permis de travail ouvert) à la recherche d'emploi",grand_montreal,emploi,autres_missions_sociales,non
dîners saint-louis,"1818, rue Gilford Le Plateau-Mont-Royal Montréal QC H2H 1G5","Repas communautaires et goûters quotidiens. Douche, lessive, accès Internet et téléphonique. Café 1818 Gilford: centre de jour, activités, références, écoute et accompagnement dans les démarches de ré...",514 521-8619 poste 101,info@diners-st-louis.org,diners-st-louis.org/wp,Grand Montréal,"jeunes en difficulté, programme de pré-employabilité: jeunes de la rue de 18 à 30 ans",grand_montreal,bien_etre_alimentaire,soutien_vulnerabilite,non
alliance des maisons d'hébergement de 2e étape pour femmes et enfants victimes de violence conjugale,"6070, rue Sherbrooke Est, bureau 205 Mercier—Hochelaga-Maisonneuve Montréal QC H1N 1C1",Regroupement des maisons d'hébergement de deuxième étape spécialisés en violence conjugale postséparation par l'entremise de logements transitoires sécu,1 800 363-9010,info@alliancemh2.org,www.alliancemh2.org,le Québec,femmes et enfants victimes de violence conjugale,provincial,soutien_vulnerabilite,logement,non
habitations du réseau de l'académie (les) - phase 4 - papineau-gilford,"4815, avenue Papineau Le Plateau-Mont-Royal Montréal QC H2H 1V7",Logement social communautaire permanent. Studios meublés incluant câble et répartis dans 4 logements. Soutien communautaire.,514 658-8013,info@resac.org,www.resac.org,île de Montréal,"personnes autonomes à faible revenu de 18 à 60 ans, vivant ou ayant vécu des troubles de santé mentale graves ou modérés et étant sans abri ou à risque d'itinérance",montreal,logement,sante,oui
moelle épinière et motricité québec,"6020, rue Jean-Talon Est, bureau 400 Saint-Léonard Montréal QC H1S 3B1",Promotion de l'autonomie des personnes blessées médullaires ou vivant avec des limitations fonctionnelles de nature physique ou neurologique. Accueil et référence. Soutien à l'intégration sociale. Déf...,1 877 341-7272,info@moelleepiniere.com,www.moelleepiniere.com,le Québec,"personnes blessées médullaires, paraplégiques ou tétraplégiques ou vivant avec des limitations fonctionnelles physiques ou neurologiques",provincial,sante,soutien_vulnerabilite,non
moelle épinière et motricité québec - service d'employabilité,"6020, rue Jean-Talon Est, bureau 400 Saint-Léonard Montréal QC H1S 3B1","Aide à la recherche d'emploi, préparation de CV et d'entrevue, stratégies de recherche d'emploi. Consultation individuelle et en petits groupes. Orientation scolaire et professionnelle. Éval",514 341-7272,info@moelleepiniere.com,www.moelleepiniere.com,Grand Montréal,"personnes vivant avec une déficience physique ou neurologique, employeur·euse·s",grand_montreal,emploi,sante,non
mouvement autonome et solidaire des sans-emploi,"1935, rue Cuvillier Mercier—Hochelaga-Maisonneuve Montréal QC H1W 3A4",Regroupement d'organismes de défense des droits des chômeur·euse·s.,514 524-2226,michael@lemasse.org,lemasse.org,le Québec,"organismes communautaires pour les sans-emplois, personnes sans emploi, chômeur·euse·s",provincial,defense_droits,emploi,non
bureau de la communauté haïtienne de montréal - clinique d'impôts,"6970, rue Marquette Rosemont—La Petite-Patrie Montréal QC H2E 2C7",Clinique d'impôts sur rendez-vous.,514 725-9508,info@bchm.ca,www.bchm.ca,Grand Montréal,"communauté haïtienne et autres communautés ethnoculturelles, personnes immigrantes à faible revenu",grand_montreal,autres_missions_sociales,,non
bureau de la communauté haïtienne de montréal,"6970, rue Marquette Rosemont—La Petite-Patrie Montréal QC H2E 2C7",Accueil et soutien pour familles vulnérables visant leur réussite sociale.Soutien à la famille Option protection : Partenariat avec la DPJ. Programme d'enrichissement de l'expérience parentale : Ma fa...,514 725-9508,info@bchm.ca,www.bchm.ca,Grand Montréal,communauté haïtienne et autres communautés ethnoculturelles,grand_montreal,developpement_enfants_familles,soutien_vulnerabilite,non
association féministe d'éducation et d'action sociale,"5999, rue de Marseille Mercier—Hochelaga-Maisonneuve Montréal QC H1N 1K6","Information, action sociale et promotion de questions de condition féminine. Défense des intérêts et représentation.",514 251-1636,info@afeas.qc.ca,afeas.qc.ca,le Québec,"femmes de 16 ans et plus, hommes (membres soutien)",provincial,defense_droits,education_formation,non
organisation populaire des droits sociaux,"3340, rue Ontario Est Mercier—Hochelaga-Maisonneuve Montréal QC H1W 1P7","Défense des droits et des intérêts des personnes assistées sociales. Aide directe pour la reconnaissance et la défense des droits sociaux. Regroupement, mobilisation et diffusion d'information.",514-322-5782,info@opdsrm.com,opdsrm.com,Grand Montréal,prestataires d'aide sociale,grand_montreal,defense_droits,,non
mouvement fraternité multi-ethnique - clinique d'impôts,"5967, rue Jean-Talon Est, bureau 207 Saint-Léonard Montréal QC H1S 1M5",Clinique d'impôts à l'année sur rendez-vous.,514 256-6976,secretariat@mfme.ca,mfme.ca,île de Montréal,"personnes à faible ou moyen revenu, personnes nouvellement arrivées",montreal,soutien_vulnerabilite,autres_missions_sociales,non
solidarité de parents de personnes handicapées,"5650, rue Hochelaga, bureau 170 Mercier—Hochelaga-Maisonneuve Montréal QC H1N 3L7",Promotion et soutien aux parents. Répit-dépannage à domicile. Groupe d'échange et soirées d'information. Vente de produits pour l'incontinence. Sensibilisation. Défense des droits individuels et colle...,514 254-6067,info@spph.net,www.spph.net/fr,"Grand Montréal, portail de ressources: le Québec",parents de personnes de 0 à 30 ans vivant avec un handicap et dans leur milieu familial au moment de l'adhésion,grand_montreal,sante,defense_droits,non
anonyme (l'),"5600, rue Hochelaga, bureau 160 Mercier—Hochelaga-Maisonneuve Montréal QC H1N 3L7","Unité mobile Le Transit: distribution de matériel de consommation et de protection, partout à Montréal, sur appel. Unité mobile L'Autobus: soutien psychosocial, matériel de protection et accès à un es...",514 842-1488,administration@anonyme.ca,anonyme.ca,île de Montréal,"grand public, personnes en situation d'itinérance ou à risque de le devenir, usager·ères de drogues par intraveineuse, travailleur·euses du sexe",montreal,soutien_vulnerabilite,sante,non
anonyme (l') - autobus (l'),"5600, rue Hochelaga, bureau 160 Mercier—Hochelaga-Maisonneuve Montréal QC H1N 3L7","Unité mobile qui offre soutien psychosocial, matériel de protection et accès à un espace sécuritaire de consommation. Aide, information et soutien. Distribution de matériel de protection et de consomm...",263 993-6701,proximite@anonyme.ca,anonyme.ca,"soir: Côte-des-Neiges-Notre-Dame-de-Grâce, Saint-Michel, Rivière-des-Prairies-Pointe-aux-Trembles, Mercier-Hochelaga-Maisonneuve, nuit: quartiers centraux et partout sur l'île de Montréal sur appel",personnes utilisatrices de substances par injection,local,sante,soutien_vulnerabilite,non
appartenances (les),"2630, rue Frontenac Ville-Marie Montréal QC H2K 3A1",Logement social. Accompagnement individuel et vie communautaire axée sur la gestion participative des usagers. Activités de loisir. Formation en cuisine. Formation en gestion budgétaire.,514 523-2157,tournant@aubergeletournant.org,www.aubergeletournant.org,Grand Montréal,"hommes de 18 à 29 ans présentant des aptitudes limitées à la prise en charge personnelle, ayant déjà séjourné dans l'Auberge du coeur le Tournant",grand_montreal,logement,soutien_vulnerabilite,non
association pour la défense des droits sociaux du montréal métropolitain - clinique d'impôts,"4039, rue Sainte-Catherine est Mercier—Hochelaga-Maisonneuve Montréal QC H1W 2G9","Clinique d'impôts à l'année, sur rendez-vous.",514 523-0707,addsmm2013@gmail.com,addsmm.org/clinique-dimpot,Grand Montréal,"personnes à faible revenu, sans emploi ou en situation d'itinérance",grand_montreal,defense_droits,soutien_vulnerabilite,non
méta d'âme - logements de transition,"2250, rue Florian Ville-Marie Montréal QC H2K 2P5",Logements de transition avec soutien communautaire. Semi-permanents.,514 528-9000,info@metadame.org,metadame.org,Grand Montréal,"personnes faisant ou ayant fait l'usage d'opioïdes, en situation d'itinérance ou à risque de l'être",grand_montreal,soutien_vulnerabilite,logement,non
méta d'âme,"2250, rue Florian Ville-Marie Montréal QC H2K 2P5","Centre de jour et d'entraide entre pairs. Accompagnement et soutien vers l'atteinte des objectifs: démarches relatives à la santé, la réinsertion sociale et économique. Logements permanents et transit...",514 528-9000,info@metadame.org,metadame.org,Grand Montréal,personnes utilisant ou ayant utilisé des opioïdes,grand_montreal,soutien_vulnerabilite,sante,non
centre de santé des femmes de montréal,"4689, avenue Papineau, bureau 300 Le Plateau-Mont-Royal Montréal QC H2H 1V4",Services en santé sexuelle et reproductive. Interruption de grossesse. Clinique en santé gynécologique pour femmes vulnérables. Information et référence. Ateliers en santé sexuelle et reproductive dan...,514 270-6110 poste 2,info@csfmontreal.qc.ca,csfmontreal.qc.ca,le Québec,"femmes, clinique en santé gynécologique: femmes ayant déjà un dossier médical au CSFM et femmes recommandées par un organisme ayant conclu une entente avec le CSFM",provincial,sante,soutien_vulnerabilite,non
centre au puits,"4689, avenue Papineau, local 204 Le Plateau-Mont-Royal Montréal QC H2H 1V4",Projets d'autonomisation. Ateliers divers favorisant le développement d'habiletés sociales et l'acquisition de compétences variées. Sorties socioculturelles. Activités spéciales.,514 843-5004,info@centreaupuits.org,www.centreaupuits.org,Grand Montréal,adultes de 18 ans et plus autistes ou vivant avec une déficience intellectuelle légère ou une problématique de santé mentale,grand_montreal,soutien_vulnerabilite,,non
les 3 sex*,"2019 rue Moreau, bureau 509 Mercier—Hochelaga-Maisonneuve Montréal QC H1W 2M1","Lutte pour les droits sexuels et la santé sexuelle des femmes et des personnes de la diversité sexuelle et de genre. Diffusion de contenu éducatif. Événements, formations et colloques. Ateliers d'éduc...",514 647-3389,info@les3sex.com,les3sex.com/fr,le Québec,"personnes issues de la diversité sexuelle et du genre, femmes, grand public",provincial,defense_droits,sante,non
jumeleurs / espace communautaire (les),"2590, rue Jarry Est Villeray—Saint-Michel—Parc-Extension Montréal QC H1Z 0A3","Repas congelés. Recrutement et accompagnement des bénévoles. Maison des jeunes neurodivergent·e·s. Activités, projets spéciaux, formations, soutien communautaire, démystification, etc. Jumelage sociop...",514 374-9050,info@jumeleurs.ca,www.jumeleurs.ca,Grand Montréal,"personnes de 18 ans et plus vivant avec une déficience intellectuelle légère ou un trouble d'apprentissage, personnes autistes de 18 ans et plus",grand_montreal,sante,developpement_communautaire,non
société de transport de montréal - transport adapté,"3111, rue Jarry Est Villeray—Saint-Michel—Parc-Extension Montréal QC H1Z 2C2",Service de transport adapté de Montréal. Formulaire de demande d'admission: www.stm.info/sites/default/files/pdf/fr/formadm.pdf SIRTA: service de réservation en ligne www2.stm.info/webSIRTA/Login.aspx...,514 280-8211,transport.adapte@stm.info,www.stm.info/fr/ta,île de Montréal,"personnes vivant avec une déficience entraînant une incapacité significative et persistante qui rencontrent des obstacles dans l'accomplissement d'activités courantes, personnes avec des limitations sur le plan de la mobilité, incluant: une incapacité de marcher sur une distance de 400 mètres sur un terrain uni, de monter une marche de 35 centimètres de hauteur avec appui ou d'en descendre une sans appui, d'effectuer la totalité d'un déplacement en utilisant le transport en commun régulier, de s'orienter dans le temps ou dans l'espace, de maîtriser des situations ou des comportements pouvant être préjudiciables à sa propre sécurité ou à celle des autres",montreal,sante,,non
misión catolica santa teresa de ávila - clinique d'impôts,"1420, rue Bélanger Est Rosemont—La Petite-Patrie Montréal QC H2G 1A4",Clinique d'impôts à l'année.,514 506-0120,fondationromero@yahoo.ca,www.infotetquebec.com/fondation-oscar-romero,Grand Montréal,"personnes immigrantes à faible revenu, principalement personnes hispanophones",grand_montreal,soutien_vulnerabilite,autres_missions_sociales,non
centre d'information pour espagnols,"1420, rue Bélanger Est Rosemont—La Petite-Patrie Montréal QC H2G 1A4","Dépannage alimentaire et matériel. Information et référence. Cours divers: informatique, broderie et artisanat. Activités de groupe: sorties et voyages. Cafés-rencontres. Paniers de Noël pour personne...",514 843-4113,adm.msta@gmail.com,www.misionsantateresadeavila.org,Grand Montréal,"personnes immigrantes, principalement personnes hispanophones, dons: personnes réfugiées",grand_montreal,autres_missions_sociales,bien_etre_alimentaire,non
club du bonheur de saint-léonard,"8180, rue Collerette Saint-Léonard Montréal QC H1R 2A3","Lieu de rencontre pour personnes adultes ayant une limitation intellectuelle. Activités récréatives: bingo, jeux de groupe, jeux de société, poches, bricolage, cuisine, sorties.",514 329-3178,clubdubonheur@hotmail.com,,île de Montréal,"adultes ayant une ou des limitations intellectuelles légères ou moyennes, avec ou sans limitations physiques",montreal,sports_loisirs_tourisme,sante,oui
carrefour des femmes de saint-léonard,"8180, rue Collerette, bureau 3 Saint-Léonard Montréal QC H1P 2V5","Accueil, écoute et relation d'aide. Référence, information et documentation. Cours, ateliers et conférences. Activités spéciales. Groupes de soutien thérapeutique hebdomadaires ouverts pour femmes aya...",514 325-4910,cfsl@bellnet.ca,cfsl-femmes.com,Grand Montréal,femmes,grand_montreal,soutien_vulnerabilite,sante,non
maison oxygène montréal,"1611, avenue d'Orléans Mercier—Hochelaga-Maisonneuve Montréal QC H1W 3R4",Hébergement temporaire (3 mois). Soutien psychosocial et communautaire. Écoute et références. Ateliers pour les pères. Activités pères-enfants. Maison Claude-Hardy: hébergement temporaire. Second souf...,514 655-6625,oxygene@maisonoxygene.com,carrefourfamilial.com/maison-oxygene-montreal,Grand Montréal,"pères rencontrant des difficultés personnelles, conjugales ou familiales et leurs enfants",grand_montreal,soutien_vulnerabilite,developpement_enfants_familles,non
pères séparés,"3937, rue Adam Mercier—Hochelaga-Maisonneuve Montréal QC H1W 2A1",Aide et référence par téléphone ou Zoom. Groupe d'entraide hebdomadaire. Rencontres individuelles: accompagnement selon les besoins de la personne. Ateliers et conférences pour les intervenant·e·s du ...,514 254-6120,psi@peres-separes.qc.ca,peres-separes.qc.ca,le Québec,"hommes ou pères vivants ou ayant vécu une rupture conjugale, pères séparés",provincial,soutien_vulnerabilite,developpement_enfants_familles,non
église catholique ukrainienne saint-michel-archange,"2388, rue D'Iberville Ville-Marie Montréal QC H2K 3C6","Dons de denrées non périssables, de produits d'hygiène, de vêtements et de couches pour bébé pour les personnes ukrainiennes réfugiées.",514 521-2234,stmi1911@gmail.com,,Grand Montréal,personnes ukrainiennes réfugiées,grand_montreal,soutien_vulnerabilite,bien_etre_alimentaire,non
pracom,"1995, rue Marie-Anne Est Le Plateau-Mont-Royal Montréal QC H2H 1M3","Centre de jour et de soir en santé mentale. Activités sociales, sportives et culturelles. Développement de l'autonomie, développement des habiletés sociales. Programme d'aide et d'intégration sociale ...",514 527-6766,info@pracom.ca,www.pracom.ca,île de Montréal et les environs,adultes vivant avec des problèmes de santé mentale,montreal,sante,soutien_vulnerabilite,non
logis phare,"2288, rue Prince-Georges, appartement 1 Ville-Marie Montréal QC H2K 1S9",Logements supervisés: séjour de 2 à 3 ans. Cuisines collectives. Soupers de groupe. Camp de vacances. Halte-répit et halte-garderie. Alternative possible au placement en famille d'accueil. Jardin comm...,514 523-3135,info@logisphare.ca,www.logisphare.ca/?lang=fr,Grand Montréal,"personnes en traitement de substitution aux opiacés seulement: familles monoparentales, couples avec enfants et femmes enceintes",grand_montreal,soutien_vulnerabilite,developpement_enfants_familles,non
association des services de réhabilitation sociale du québec,"1340, boulevard Saint-Joseph Est Le Plateau-Mont-Royal Montréal QC H2J 1M3",Regroupement d'organismes offrant des services aux personnes ayant ou ayant eu des démêlés avec la justice. Programmes de recherche. Sensibilisation du public. Prévention du crime. Formation.,514 521-3733,info@asrsq.ca,asrsq.ca,le Québec,"organismes privés, communautaires et parapublics, personnes à la recherche d'information concernant le casier judiciaire",provincial,defense_droits,autres_missions_sociales,non
relais famille,"1340, boulevard Saint-Joseph Est Le Plateau-Mont-Royal Montréal QC H2J 1M3","Accompagnement des proches de personnes judiciarisées, en personne ou par visioconférence. Écoute, référence, rencontres individuelles. Groupes de partage. Art-thérapie. Conférences. Activités sociale...",1 855 419-6632,info@relaisfamille.org,www.relaisfamille.org,le Québec,"proches de personnes judiciarisées (en instance de détention, en détention ou en libération à la suite d'un emprisonnement)",provincial,soutien_vulnerabilite,sante,non
habitations du réseau de l'académie (les) - phase 1 - garnier,"5006, rue Garnier Le Plateau-Mont-Royal Montréal QC H2H 1L1",Logement social communautaire permanent. Studios meublés incluant câble et buanderie. Soutien communautaire.,514 658-8013,info@resac.org,www.resac.org,île de Montréal,personnes autonomes de 18 à 60 ans à faible revenu vivant ou ayant vécu des troubles de santé mentale graves ou modérés et étant sans abri ou à risque d'itinérance,montreal,logement,sante,oui
regroupement des activistes pour l'inclusion au québec,"1371, boulevard Saint-Joseph Est Le Plateau-Mont-Royal Montréal QC H2J 1M4","Défense des droits des personnes vivant avec un handicap moteur, sensoriel - visuel ou auditif -ou un problème de langage. Aide et soutien à la résolution de conflits. Information, mobilisation et s",514 656-1664,le.rapliq@gmail.com,rapliq.org,le Québec,personnes vivant avec un handicap,provincial,defense_droits,soutien_vulnerabilite,non
cuisine collective hochelaga-maisonneuve,"3568, rue Adam Mercier—Hochelaga-Maisonneuve Montréal QC H1W 1Y9",Entreprise d'insertion et d'économie sociale. Cuisine collective. Traiteur. Marché Solidaire Hochelaga-Maisonneuve. La Collective: épicerie solidaire. Ferme agricole. Participation à divers plateaux d...,514 529-0789,administration@lacchm.com,lacchm.com,"île de Montréal, cuisine collective: Mercier-Hochelaga-Maisonneuve en priorité","personnes à faible revenu, personnes en processus de réinsertion sociale",local,bien_etre_alimentaire,emploi,non
union des travailleuses et travailleurs accidentés ou malades,"2348, rue Hochelaga Ville-Marie Montréal QC H2K 1H8",Service d'information téléphonique sur les droits et recours. Rencontres d'information sur la réparation des accidents et des maladies du travail. Soutien et suivi de dossiers. Activités d'é,514 527-3661,uttam@uttam.quebec,uttam.quebec,Grand Montréal,travailleuses et travailleurs victimes d'accidents et de maladies du travail,grand_montreal,defense_droits,sante,non
escale notre-dame (l'),"1475, avenue Morgan Mercier—Hochelaga-Maisonneuve Montréal QC H1V 2P6",Centre de réadaptation interne de 14 semaines. Programme distinct pour les dépendances aux substances. Programme mixé pour les dépendances. Réinsertion sociale avec hébergement pour les résidents seul...,514 251-0805,info@escalenotredame.com,escalenotredame.com,le Québec,"hommes de 18 ans et plus ayant une problématique de dépendance (alcool, drogues, jeu)",provincial,sante,soutien_vulnerabilite,non
maison tangente,"1481, avenue Desjardins Mercier—Hochelaga-Maisonneuve Montréal QC H1V 2G5","Logement avec repas. Séjour d'une durée maximale d'un an. Écoute, soutien et référence. Accompagnement et encadrement dans les démarches d'insertion sociale. Apprentissage de l'autonomie. Activités so...",514 252-8771,info@maisontangente.qc.ca,maisontangente.qc.ca,le Québec,"personnes de 18 à 25 ans, sans-abris et en difficulté",provincial,soutien_vulnerabilite,logement,non
chic resto pop (le),"3900, rue Adam Mercier—Hochelaga-Maisonneuve Montréal QC H1W 3R1",Insertion socioprofessionnelle et sécurité alimentaire. Programme de formation et de développement de compétences selon la formule compagnon-apprenti. Trois métiers semi-spécialisés: aide-cuisinier·èr...,514 521-4089 poste 0,info@chicrestopop.com,chicrestopop.com,"services communautires, restaurant communautaire et marché de fruits et légumes et vrac: Hochelaga-MaisonneuveChic Plats : plats congelés livraison partout sur l'île de Montréal 65$ et plusMiam : Hochelaga-Maisonneuve et quartier adjacent","milieu communautaire: personnes à faible revenu, personnes seules, personnes aînées, enfants du quartier, grand public, employabilité: personnes de 16 ans et plus éloignées du marché du travail et peu qualifiées pour le marché du travail actuel",hochelaga-maisonneuve,emploi,bien_etre_alimentaire,non
refuge cap,"1475, avenue Bennett Mercier—Hochelaga-Maisonneuve Montréal QC H1V 2S5",Hébergement d'urgence de nuit pour personnes en situation d'itinérance. Souper et déjeuner. Douche et buanderie. Écoute et référence.,514 251-2081 poste 100,info@capstbarnabe.org,www.capstbarnabe.org,Grand Montréal,"personnes sans enfants en situation d'itinérance, vulnérables ou en état de précarité ou sans ressources, priorité aux personnes s'identifiant femmes et aux personnes âgées",grand_montreal,soutien_vulnerabilite,logement,non
projets autochtones du québec - maison jeunesse,"1668, rue Saint-Germain Mercier—Hochelaga-Maisonneuve Montréal QC H1W 2T4","Logements de transition pour jeunes autochtones. Séjour pouvant aller jusqu'à 3 ans. Espaces communs: cuisine, salles d'intervention, buanderie. Intervenant·e·s sur place durant le jour.",514 879-3310,info@paqc.org,paqc.org,Tiohtià:ke (Montréal),"autochtones de 18 à 30 ans: personnes qui quittent le système de la protection de la jeunesse à 18 ans, personnes qui voudraient étudier à temps plein à Montréal, mais pour qui l'accès à un logement abordable est un frein considérable, personnes à faible revenu travaillant à temps plein voulant utiliser cette ressource comme un tremplin vers une vie meilleure",montreal,logement,soutien_vulnerabilite,non
piamp (le),"4430, avenue Papineau Le Plateau-Mont-Royal Montréal QC H2H 1T8","Soutien aux jeunes qui échangent des services sexuels. Centre de jour. Banque alimentaire. Intervention par téléphone, par clavardage ou en personne: écoute, accompagnement et référence. Kiosques d'in...",438 508-3289,piamp@piamp.net,piamp.net,Grand Montréal,"jeunes de 12 à 25 ans qui échangent ou sont susceptibles d'échanger des services sexuels, intervenants, parents, étudiants et toute personne ayant besoin d'information ou de soutien à ce sujet",grand_montreal,soutien_vulnerabilite,bien_etre_alimentaire,non
association de développement des arts martiaux adaptés,"4240, rue de Bordeaux Le Plateau-Mont-Royal Montréal QC H2H 1Z5",Promotion de l'inclusion des personnes ayant des besoins spécifiques et de l'accessibilité universelle par le biais des arts martiaux. Cours de karaté. Soutien aux clubs d'arts martiaux souhaitant i,514 817-4614,info@adamacanada.org,www.adamacanada.org,île de Montréal,"personnes autistes, personne vivant avec une déficience intellectuelle ou une limitation physique",montreal,sports_loisirs_tourisme,sante,oui
petits frères (les) - montréal centre,"4624, rue Garnier Le Plateau-Mont-Royal Montréal QC H2J 3S7","Organisme visant à contrer l'isolement des personnes aînées jusqu'à la fin de leur vie. Accompagnement et jumelage avec des bénévoles. Visites dans le milieu de vie de la personne: à domicile, à l'hôp...",514 527-8653,montreal@petitsfreres.ca,petitsfreres.ca/a-propos-de-nous/equipes-regionales/ile-de-montreal,île de Montréal,personnes de 75 ans et plus sans famille présente ou contact social significatif,montreal,sante,soutien_vulnerabilite,non
centre naha,"5995, rue Hochelaga Mercier—Hochelaga-Maisonneuve Montréal QC H1N 1X3",Programme de réinsertion sociale d'une durée de 9 à 12 mois avec hébergement et repas. Aide alimentaire. Implication dans la communauté.,514 259-9962,centre@centrenaha.org,centrenaha.org,"programme de réinsertion sociale: Grand Montréal, aide alimentaire: Mercier-Hochelaga-Maisonneuve, Saint-Léonard","programme de réinsertion: hommes de 35 ans et plus sans logement ou ayant séjourné dans un centre de thérapie ou de désintoxication, aide alimentaire: grand public",local,soutien_vulnerabilite,bien_etre_alimentaire,non
mission old brewery - projet plateau,"4075, rue de Bordeaux Le Plateau-Mont-Royal Montréal QC H2K 3Z4",Hébergement de transition. Soutien pour trouver un logement permanent. Accompagnement psychosocial personnalisé. Service de repas. Activités communautaires.,514 866-6591 poste 0,info@missionoldbrewery.ca,www.missionoldbrewery.ca/fr,Grand Montréal,personne seule ou en couple de 18 ans et plus ayant connu une stabilité résidentielle au cours des six derniers mois et ayant un besoin immédiat d'un endroit sécuritaire où dormir,grand_montreal,soutien_vulnerabilite,logement,non
marie debout (la),"4001, rue Sainte-Catherine Est Mercier—Hochelaga-Maisonneuve Montréal QC H1W 2G7","Milieu d'implication féministe. Accueil, écoute et référence. Mobilisation visant la justice sociale. Ateliers d'éducation populaire sur divers sujets: violence conjugale, sujets d'actualité, etc.",514 597-2311,info@lamariedebout.org,lamariedebout.org,île de Montréal,femmes cisgenres et transgenres,montreal,defense_droits,soutien_vulnerabilite,non
association pour la défense des droits sociaux du montréal métropolitain,"4039, rue Sainte-Catherine est Mercier—Hochelaga-Maisonneuve Montréal QC H1W 2G9",Information sur les droits et obligations en rapport avec l'aide sociale. Aide dans les démarches. Clinique d'impôts. Fête de Noël pour les membres.,514 523-0707,info@addsmm.org,addsmm.org,Grand Montréal,"personnes à faible revenu, sans emploi ou en situation d'itinérance, personnes âgées à faible revenu",grand_montreal,defense_droits,soutien_vulnerabilite,non
centre alpha-sourd,"7907, rue de Bordeaux Villeray—Saint-Michel—Parc-Extension Montréal QC H2E 2N4","Ateliers d'alphabétisation pour personnes sourdes, sourdes-usher et sourdes-aveugles. Cours de français en lecture et écriture. Cours de mathématiques. Cours d'informatique. Cuisine communautaire. Act...",514 278-5334,info@casourd.org,www.casourd.org/alpha-sourd-montreal,Grand Montréal,"personnes sourdes, sourdes-usher et sourdes-aveugles",grand_montreal,education_formation,soutien_vulnerabilite,non
habitations les ii volets,"6001, avenue Christophe-Colomb, bureau 100 Rosemont—La Petite-Patrie Montréal QC H2S 2G3","Logements subventionnés pour personnes aînées. Dîners communautaires. Activités récréatives. Conférences. Intervention de milieu: soutien ponctuel, références. Soutien à domicile.",514 279-9292 poste 5,interventionm2@habitations2volets.ca,habitations2volets.ca,île de Montréal,"personnes de 65 ans et plus à faible revenu, autonomes ou en légère perte d'autonomie",montreal,logement,sante,oui
service d'intégration à la collectivité - les augustines,"6000, rue de La Roche, bureau 2 Rosemont—La Petite-Patrie Montréal QC H2S 2C7","Hébergement pour les jeunes mères de 15 à 25 ans. Durée du séjour: 1 à 3 ans. Suivi, accompagnement et soutien dans l'apprentissage de l'autonomie et du rôle de mère. Ateliers et activités favoris",514 722-1125,equipe@augustines.info,,Grand Montréal,"mères monoparentales de 15 à 25 ans, vivant une première grossesse ou ayant un enfant de 0 à 5 ans, en situation de vulnérabilité, avec un revenu stable (aide sociale, prêts et bourses, etc.) et ayant la citoyenneté canadienne ou un statut de résidente permanente",grand_montreal,developpement_enfants_familles,soutien_vulnerabilite,non
approche sécurisante des polytoxicomanes anonymes,"2197, rue Sherbrooke Est, bureau 210 Le Plateau-Mont-Royal Montréal QC H2K 1C8","Démarche de réhabilitation communautaire à temps plein en centre externe. Soutien individuel pour personnes polytoxicomanes. Soutien de groupe pour personnes polytoxicomanes d'une durée de 6 semaines,...",514 529-0641,info@centreaspa.com,www.centreaspa.com,Grand Montréal,"hommes et femmes de 18 ans et plus vivant avec une problématique de toxicomanie, de polytoxicomanie, de compulsion ou autre, leurs proches, ouvert à la clientèle judiciarisée ou sur un programme de substitution, services individuels: personnes de 14 ans et plus",grand_montreal,soutien_vulnerabilite,sante,non
services communautaires canadiens italiens du québec,"8370, boulevard Lacordaire, bureau 303 Saint-Léonard Montréal QC H1R 3Y6","Information, référence. Consultation. Traduction. Collaboration avec d'autres groupes ou agences gouvernementales. Programmes sociaux et culturels, services aux personnes aînées. Prévention de la mal",514 274-9461,info@scciq.com,www.scciq.com,le Québec,communauté italienne et autres,provincial,autres_missions_sociales,sante,non
café-graffiti,"3894, rue Sainte-Catherine Est, bureau 012 Mercier—Hochelaga-Maisonneuve Montréal QC H1W 2G4","Milieu de vie. Réinsertion sociale. Activités artistiques et culturelles. Espace de création, de production et de diffusion.",514 256-9000,cafegraffiti@cafegraffiti.net,cafegraffiti.net,Grand Montréal,jeunes marginalisé·e·s,grand_montreal,soutien_vulnerabilite,arts_culture_medias,oui
journal de la rue (le),"3894, rue Sainte-Catherine Est, bureau 012 Mercier—Hochelaga-Maisonneuve Montréal QC H1W 2G4",Intervention auprès des jeunes marginalisé·e·s. Travail de milieu. Accès à des lignes téléphoniques et à Internet. Reflet de société: rédaction d'un magazine d'information et de sensibilisation.,514 256-9000,journal@journaldelarue.ca,www.refletdesociete.com,île de Montréal,jeunes marginalisé·e·s,montreal,soutien_vulnerabilite,arts_culture_medias,oui
centre le beau voyage,"4540, rue Garnier Le Plateau-Mont-Royal Montréal QC H2J 3S7","Lieu de socialisation. Accueil. Soutien et accompagnement. Activités, projets spéciaux et évènements. Place aux familles: intervention de milieu, activités et référence aux Habitations Mentana.",514 523-5852 poste 1,intervenants@centrelebeauvoyage.org,centrelebeauvoyage.org,île de Montréal,"jeunes de 12 à 17 ans, familles",montreal,developpement_enfants_familles,developpement_communautaire,non
regroupement des ressources alternatives en santé mentale du québec,"2349, rue de Rouen, 4e étage Ville-Marie Montréal QC H2K 1L8","Promotion, développement et maintien des organismes alternatifs en santé mentale. Regroupement d'organismes et d'associations à but non lucratif, non assujettis à la Loi sur les service",1 877 523-7919,rrasmq@rrasmq.com,www.rrasmq.com,le Québec,"groupes et organismes alternatifs en santé mentale, grand public",provincial,sante,defense_droits,non
coalition pour le maintien dans la communauté,"2349, rue de Rouen, 4e étage Ville-Marie Montréal QC H2K 1L8","Regroupement, représentation et défense des intérêts afin de promouvoir le maintien des personnes aînées dans la communauté. Facilitation de la concertation, de la diffusion d'information et des échan...",514 288-7122,reseau@comaco.qc.ca,www.comaco.qc.ca,île de Montréal,organismes communautaires,montreal,sante,defense_droits,non
pirates verts (les),"1513, rue Dézéry Mercier—Hochelaga-Maisonneuve Montréal QC H1W 2R6",Banque alimentaire sans rendez-vous. Distribution alimentaire. Dépannage alimentaire d'urgence. Repas du samedi: souper chaud avec café pour tous et toutes. Récupération et cueillette de surplus alime...,,infos@lespiratesverts.org,www.lespiratesverts.org,"île de Montréal, Rive-Sud","grand public, organismes",grand_montreal,bien_etre_alimentaire,,non
relais des jeunes familles (le) - hébergement 8573-8583,"8573, boulevard Pie-IX Villeray—Saint-Michel—Parc-Extension Montréal QC H1Z 3T9","Appartements supervisés pour jeunes parents. Séjour de trois ans. Soutien à l'acquisition de l'autonomie. Insertion sociale, scolaire et professionnelle.",514 326-0784,intervenants@relaisdesjeunesfamilles.org,,île de Montréal,parents de 16 à 25 ans et leurs enfants,montreal,developpement_enfants_familles,logement,non
y des femmes de montréal - services jeunesse,"1275, rue De Lorimier Ville-Marie Montréal QC H2K 0G2","Projets de recherche-action visant la prévention des violences et la réduction des inégalités sociales. Matériel pédagogique et outils pour personnes intervenant auprès des jeunes: guides d'animation,...",514 866-9941 poste 431,jeunesse@ydesfemmesmtl.org,www.ydesfemmesmtl.org,Grand Montréal,"jeunes de 12 à 20 ans, personnes travaillant auprès de la jeunesse de 12 à 25 ans",grand_montreal,defense_droits,developpement_enfants_familles,non
y des femmes de montréal - services d'employabilité,"1275, rue De Lorimier Ville-Marie Montréal QC H2K 0G2","Aide à la recherche d'emploi, suivi individuel, ateliers de groupe. Orientation. Femmes vers l'emploi: programme de 19 semaines pour aider les femmes à retourner sur le marché du travail. Fringues &am",514 866-9941 poste 416,infoose@ydesfemmesmtl.org,www.ydesfemmesmtl.org,île de Montréal,"femmes sans emploi ou à temps partiel, prestataires de l'aide sociale, de l'assurance emploi ou sans revenu, citoyennes, résidentes permanentes, réfugiées acceptées ou qui ont un visa de travail temporaire",montreal,emploi,soutien_vulnerabilite,non
y des femmes de montréal - services communautaires et action bénévole,"1275, rue De Lorimier Ville-Marie Montréal QC H2K 0G2","Accueil, écoute et référence. Services pour les nouvelles arrivantes: aide à l'intégration. Programmation d'activités communautaires. Clinique d'impôts. Opportunités de bénévolat au",514 866-9941 poste 235,benevolat@ydesfemmesmtl.org,www.ydesfemmesmtl.org,île de Montréal,"grand public, en particulier les femmes",montreal,developpement_communautaire,autres_missions_sociales,non
y des femmes de montréal - soutien aux proches aidantes,"1275, rue De Lorimier Ville-Marie Montréal QC H2K 0G2","Information, référence et soutien. Consultation individuelle et familiale. Groupe de soutien. Information juridique. Ateliers thérapeutiques. Activités sociales et de détente: yoga, méditation. Co",514 866-9941 poste 226,prochesaidantes@ydesfemmesmtl.org,www.ydesfemmesmtl.org/services-la-collectivite/soutien-proches-aidantes,île de Montréal,proches aidantes,montreal,sante,soutien_vulnerabilite,non
y des femmes de montréal - clinique d'information juridique,"1275, rue De Lorimier Ville-Marie Montréal QC H2K 0G2","Ressources et information juridique. Information juridique, documentation, soutien, accompagnement à la cour, aide pour remplir des formulaires et espace de travail avec accès à des ordinateurs",514 866-9941 poste 293,infojuridique@ydesfemmesmtl.org,www.ydesfemmesmtl.org,Grand Montréal,"consultations individuelles: femmes et leurs familles, autres services: grand public",grand_montreal,defense_droits,soutien_vulnerabilite,non
réseau d'intervention auprès des personnes ayant subi la violence organisée,"1274, rue Jean-Talon Est, bureau 201 Rosemont—La Petite-Patrie Montréal QC H2R 1W3",Psychothérapie individuelle. Relation d'aide. Thérapie de massage. Activités de groupe. Formation.,514 282-0661,info@rivo-resilience.org,rivo-resilience.org/,Grand Montréal,"personnes demandeuses d'asile, personnes réfugiées, personnes ayant subi la violence organisée, idéalement référées par une personne professionnelle qualifiée",grand_montreal,sante,soutien_vulnerabilite,non
arrimage (l'),"1274, rue Jean-Talon Est, bureau 204 Rosemont—La Petite-Patrie Montréal QC H2R 1W3",Intégration et maintien en emploi pour personnes vivant avec un trouble de santé mentale. Accueil et évaluation. Information et conseil sur le marché du travail. Placement et intégration en entreprise...,514 389-9393,infos.mtl@larrimage.ca,www.larrimage.ca,"île de Montréal, Laval",personnes avec un diagnostic de troubles de santé mentale,grand_montreal,emploi,sante,non
étoile de pacho (l') - réseau d'entraide pour parents d'enfants handicapés,"4831, rue Sainte-Catherine Est Mercier—Hochelaga-Maisonneuve Montréal QC H1V 1Z7","Réseau d'entraide pour parents d'enfants vivant avec un handicap. Programme d'accueil: jumelage entre parent et intervenant·e à domicile, écoute, soutien et informations. Program",514 798-6173,info@etoiledepacho.ca,etoiledepacho.ca,"Montréal, Laval, MRC Roussillon, MRC Vaudreuil-Soulanges, MRC Le Haut-Richelieu, MRC La Vallée-du-Richelieu, agglomération de Longueuil, MRC Marguerite-D'Youville, MRC Deux-Montagnes, MRC Thérèse-De Blainville, Mirabel, Lavaltrie, L'Assomption, Repentigny","parents d'enfants de 18 ans et moins vivant avec un handicap sévère, qui vivent des situations difficiles menant à une détresse psychologique et une précarité financière",grand_montreal,sante,soutien_vulnerabilite,non
option - une alternative à la violence conjugale et familiale,"1238, boulevard Saint-Joseph Est Le Plateau-Mont-Royal Montréal QC H2J 1L6","Accueil, évaluation et référence. Psychothérapie de groupe pour adultes ayant des comportements violents dans le couple et la famille. Possibilité de thérapie individuelle, de couple et fami",514 527-1657 poste 101,info@optionalternative.org,www.optionalternative.org,Grand Montréal,"adultes auteurs de comportements de violence en contexte conjugal et familial, couples et familles, formation: intervenant·e·s",grand_montreal,soutien_vulnerabilite,sante,non
fondation dr julien,"4765, rue Sainte-Catherine Est Mercier—Hochelaga-Maisonneuve Montréal QC H1V 1Z5","Développement, enseignement et promotion de la pédiatrie sociale. Centres de pédiatrie sociale. Programme garage à musique. Services directs aux enfants.",514 527-3777,communications@fondationdrjulien.org,fondationdrjulien.org,le Québec,"enfants en difficulté de 0 à 18 ans, leur famille",provincial,sante,developpement_enfants_familles,non
association du québec pour enfants avec problèmes auditifs - montréal régional,"2033, rue Sherbrooke Est Le Plateau-Mont-Royal Montréal QC H2K 1C1","Information générale sur la surdité, sensibilisation, références. Soutien et écoute téléphonique. Programme de stimulation par le jeu pour les enfants. Aide aux devoirs et s",514 842-3926,info@aqepamtl.org,aqepa.org/aqepa-montreal-regional,"île de Montréal, Lanaudière, Laurentides, Laval, Montérégie","enfants, jeunes, jeunes adultes vivant avec une surdité ainsi que leurs parents",grand_montreal,sante,developpement_enfants_familles,non
association humaniste du québec,"1225, boulevard Saint-Joseph Est, bureau 101 Le Plateau-Mont-Royal Montréal QC H2J 1L7",Promotion de la pensée critique et des valeurs humanistes et laïques. Centre de documentation. Conférences.? Ciné-club. Soirées conviviales et évènements.,514 307-1653,assohum@gmail.com,assohum.org,le Québec,"personnes de 18 ans et plus, personnes qui vivent l'abandon d'une foi religieuse ou qui subissent des pressions d'ordre religieux",provincial,autres_missions_sociales,education_formation,non
projaide,"8560, boulevard Pie-IX Villeray—Saint-Michel—Parc-Extension Montréal QC H1Z 3T9",Banque alimentaire. Cuisine communautaire pour personnes aînées et nouvelles arrivantes. Nourrissons nos personnes aînées: livraison de paniers de nourriture sur une base hebdomadaire. Sécurité Alimen...,438 501-7227,info@projaide.com,projaide.com,"codes postaux débutant par: H1R, H1S, H1T, H1X, H1Y, H1Z, H2A, H2E, H1G et H1H, livraison d'aide alimentaire: Saint-Michel","personnes dans le besoin, personnes réfugiées ukrainiennes, Nourrissons nos personnes aînées: personnes de 65 ans et plus vivant seules ou avec un·e conjoint·e",local,bien_etre_alimentaire,developpement_communautaire,non
carrefour parenfants,"5021, rue Sainte-Catherine Est Mercier—Hochelaga-Maisonneuve Montréal QC H1V 2A4","Développement des enfants et soutien aux parents. Activités, ateliers éducatifs. Aide scolaire. Stimulation précoce. Développement des compétences parentales.",514 259-6127,info@carrefourparenfants.org,www.carrefourparenfants.org,"île de Montréal, priorité à Hochelaga-Maisonneuve","familles, enfants, adolescents, parents",hochelaga-maisonneuve,developpement_enfants_familles,education_formation,non
coalition des familles lgbt+ - groupes de soutien,"2242, rue Fullum, bureau R5 Ville-Marie Montréal QC H2K 3N9","Groupes de soutien pour parents et futurs parents lesbiens, gais, bisexuels et trans. Lieu de rencontre pour partager des ressources et s'amuser ensemble avec leurs enfants, plusieurs fois par mois. É...",514 878-7600,info@familleslgbt.org,familleslgbt.org,le Québec,"parents et futurs parents lesbiennes, gais, bisexuelles et trans",provincial,soutien_vulnerabilite,developpement_enfants_familles,non
mouvement action justice,"2240, rue Fullum Ville-Marie Montréal QC H2K 3N9","Action contre les abus de l'autorité. Information téléphonique. Conseils, écoute active, soutien psychologique et accompagnement. Service de rédaction pour les plaintes concernant la déontologie polic...",514 524-3776,info@maj-quebec.com,www.maj-quebec.com,le Québec,personnes ayant des démêlés avec le système judiciaire ou policier ou avec la DPJ,provincial,defense_droits,soutien_vulnerabilite,non
aide aux trans du québec,"2240, rue Fullum Ville-Marie Montréal QC H2K 3N9","Soutien Ligne d'écoute, d'information et de référence. Rendez-vous individuel: accompagnement, écoute active, information. Groupes de discussion par vidéoconférence. Programme d'aide d'urgence: cartes...",1 855 909-9038 poste 3,info@aideauxtrans.com,aideauxtrans.com/fr,le Québec,"personnes trans et non-binaires, personnes en questionnement d'identité de genre, leurs proches",provincial,soutien_vulnerabilite,sante,non
centre de ressources pour hommes de montréal,"2240, rue Fullum, 2e étage Ville-Marie Montréal QC H2K 3N9","Accueil, analyse et orientation. Service d'intervention psychosociale individuelle. Cafés-rencontres: groupes d'entraide. Groupes thématiques: gestion de la colère, gestion du stress, bilan de vie et ...",1 833 673-2746,info@crhmontreal.ca,www.crhmontreal.ca,Grand Montréal,"hommes, personnes s'identifiant comme hommes",grand_montreal,soutien_vulnerabilite,sante,non
habitations du réseau de l'académie (les) - phase 3 - chambord,"4525, rue Chambord Le Plateau-Mont-Royal Montréal QC H2J 3M8",Logement social communautaire permanent. Studios meublés incluant câble et buanderie. Soutien communautaire.,514 658-8013,info@resac.org,www.resac.org,île de Montréal,"personnes autonomes à faible revenu de 18 à 60 ans, vivant ou ayant vécu des troubles de santé mentale graves ou modérés et étant sans abri ou à risque d'itinérance",montreal,logement,sante,oui
avant coup,"4862, rue Sainte-Catherine Est Mercier—Hochelaga-Maisonneuve Montréal QC H1V 1Z6",Accompagne les hommes dans leur désir de travailler sur leurs comportements violents. Accompagnement dans le processus de changement de comportement. Sensibilisation au développement d'alternatives à ...,438 380-4884 poste 1,ac@avantcoup.ca,avantcoup.ca,île de Montréal,hommes de 18 ans et plus auteurs de violence en contexte conjugal,montreal,soutien_vulnerabilite,defense_droits,non
relais des jeunes familles (le) - hébergement 8690,"8690, 25e Avenue Villeray—Saint-Michel—Parc-Extension Montréal QC H1Z 3Z5","Appartements supervisés pour jeunes parents. Séjour de trois ans. Soutien à l'acquisition de l'autonomie. Insertion sociale, scolaire et professionnelle.",514 326-0784,intervenants@relaisdesjeunesfamilles.org,,île de Montréal,parents de 16 à 25 ans et leurs enfants,montreal,developpement_enfants_familles,logement,non
maisonnée (la) - accueil - intégration - emploi,"6865, avenue Christophe-Colomb Rosemont—La Petite-Patrie Montréal QC H2S 2H3","Assistance matérielle Dépannage alimentaire régulier et d'urgence. Groupes d'achats.Emploi Ateliers de recherche d'emploi, rédaction de CV, suivi individuel, placement en stage et en emploi. Aide à la...",514 271-3533,communication@lamaisonnee.org,lamaisonnee.org/fr,"Grand Montréal, aide alimentaire: Rosemont-La-Petite-Patrie, aide à la recherche de logement: île de Montréal, Longueuil","personnes immigrantes, personnes demandeuses d'asile, service à l'emploi: personnes immigrantes, priorité aux personnes nouvellement arrivées (avec un statut d'immigration)",local,emploi,bien_etre_alimentaire,non
groupe d'entraide maternelle de la petite patrie,"6848, avenue Christophe-Colomb Rosemont—La Petite-Patrie Montréal QC H2S 2H2",Groupe de soutien hebdomadaire. Halte-garderie lors des rencontres et le vendredi matin. Visites de relevailles à domicile. Programmation d'activités durant la semaine pour les parents et leurs enfant...,514 495-3494,info@gem-pp.org,groupedentraidematernelle.org,Grand Montréal,"programme d'activités: familles d'enfants de 0 à 5 ans, halte-garderie: enfants de 6 mois à 5 ans, visites de relevailles à domicile: parent avec enfants de 0 à 12 mois",grand_montreal,developpement_enfants_familles,,non
centre d'entraide le pivot,"3164, boulevard Langelier Mercier—Hochelaga-Maisonneuve Montréal QC H1N 3A6",Écoute et référence. Café-rencontre. Activités de loisirs. Milieu de vie et soutien dans la communauté. Entraide mutuelle. Activités de soutien et de formation à l'animation de groupes d'entraide en s...,514 251-1869,celp@videotron.ca,www.montrealpivot.org,île de Montréal,"personnes vivant avec des troubles psychologiques, de l'anxiété, personnes isolées",montreal,sante,soutien_vulnerabilite,non
maison le parcours - la nouvelle-maison,"6523, rue Boyer Rosemont—La Petite-Patrie Montréal QC H2S 2J5",Maison de transition.,514 255-1685,ctremblay@maisonleparcours.ca,maisonleparcours.ca/la-nouvelle-maison,île de Montréal,adultes vivant avec des problèmes de santé mentale,montreal,sante,soutien_vulnerabilite,non
association du syndrome de usher du québec,"2200, boulevard Crémazie Est, bureau 213 Villeray—Saint-Michel—Parc-Extension Montréal QC H2E 2Z8","Groupe d'entraide. Sensibilisation et défense des droits et intérêts, notamment dans le secteur du transport adapté. Accompagnement, interprétation tactile (par le toucher et le mouvement des mains) e...",450 231-0789,info@asuq.info,asuq.info,le Québec,personnes vivant avec le syndrome de Usher et personnes sourdes-aveugles,provincial,sante,defense_droits,non
centre de la communauté sourde du montréal métropolitain,"2200, boulevard Crémazie Est, bureau 203 Villeray—Saint-Michel—Parc-Extension Montréal QC H2E 2Z8","Interprétation en ASL (American Sign Language) et voix. Information pour personnes sourdes, majoritairement peu scolarisées et sans emploi. Défense des droits et intérêts. Aide à la communication",514 903-2200,service@ccsmm.org,,Grand Montréal,"personnes sourdes ou malentendantes, personnes sourdes-aveugles",grand_montreal,defense_droits,soutien_vulnerabilite,non
centre communautaire cefedi,"8546, boulevard Saint-Michel Villeray—Saint-Michel—Parc-Extension Montréal QC H1Z 3E8",Alimentation Cuisine collective. Aide alimentaire.Immigration et communautés culturelles Interprétation et traduction pour personnes nouvellement arrivées. Accompagnement des personnes nouvellement ar...,514 384-5330,centrecommunautairecefedi144@hotmail.com,www.cefedi.org,île de Montréal,"familles monoparentales, personnes à faible revenu",montreal,bien_etre_alimentaire,autres_missions_sociales,non
centre des femmes du plateau mont-royal,"1022, boulevard Saint-Joseph Est Le Plateau-Mont-Royal Montréal QC H2J 1L1","Accueil, écoute et référence. Ateliers de formation. Rencontres d'information. Activités spéciales. Intégration socioprofessionnelle et accompagnement vers l'emploi.",514 527-2295,info@cfemmesplateau.org,cfemmesplateau.org,Grand Montréal,femmes de tous âges et milieux,grand_montreal,defense_droits,emploi,non
société de soins palliatifs à domicile du grand montréal,"1110, rue Jean-Talon Est, bureau 301 Rosemont—La Petite-Patrie Montréal QC H2R 1V9",Suivi clinique assuré par des infirmières spécialisées. Contrôle des douleurs. Soins infirmiers. Accompagnement bénévole de la personne malade et des membres de sa famille. Soins hygiéniques de la,514 272-7200,info@sspad.ca,www.societedesoinspalliatifs.com,île de Montréal,"personnes malades en phase pré-terminale ou terminale, leurs proches, personnes proches aidant·e·s",montreal,sante,soutien_vulnerabilite,non
relais des jeunes familles (le) - hébergement 8733,"8733, boulevard Pie-IX Villeray—Saint-Michel—Parc-Extension Montréal QC H1Z 3T9","Appartements supervisés pour jeunes parents. Séjour de trois ans. Soutien à l'acquisition de l'autonomie. Insertion sociale, scolaire et professionnelle.",514 326-0784,intervenants@relaisdesjeunesfamilles.org,,île de Montréal,parents de 16 à 25 ans et leurs enfants,montreal,developpement_enfants_familles,soutien_vulnerabilite,non
écho des femmes de la petite patrie (l'),"6032, rue Saint-Hubert Rosemont—La Petite-Patrie Montréal QC H2S 2L7","Accueil, écoute et référence. Soutien téléphonique et sur place. Ateliers. Soupe du mois. Centre de documentation. Chorale. Comités d'implication et de bénévolat. Les Dames de coeur: groupe d'interven...",514 277-7445,echo@echodesfemmesdelapetitepatrie.org,echodesfemmesdelapetitepatrie.org,Montréal,femmes,montreal,soutien_vulnerabilite,developpement_communautaire,non
annexe (l'),"6346, rue Saint-Hubert Rosemont—La Petite-Patrie Montréal QC H2S 2M2","Récupération et vente de vêtements, accessoires, vaisselles, meubles et objets variés de seconde-main à petits prix. Espace de formation socioprofessionnelle aux adultes vivant avec des déficiences in...",438 380-5482,lannexe@compagnonsdemontreal.com,https://compagnonsdemontreal.com/,Grand Montréal,,grand_montreal,emploi,soutien_vulnerabilite,non
mères avec pouvoir - logements de transition,"2015-A, rue Fullum Ville-Marie Montréal QC H2K 3N5","Appartements transitoires pour une durée allant de 3 à 5 ans. Accompagnement psychosocial, rencontres mensuelles. Priorisation sur la liste d'attente du CPE voisin.",514 282-1882 poste 9,selection@meresavecpouvoir.org,meresavecpouvoir.org,Grand Montréal,femmes monoparentales avec un ou deux enfants de 0 à 5 ans qui sont citoyennes canadiennes ou qui ont un statut de résidentes permanentes,grand_montreal,logement,developpement_enfants_familles,non
maison des femmes sourdes de montréal (la),"910, rue Bélanger, bureau 200 Rosemont—La Petite-Patrie Montréal QC H2S 3P4","Aide aux femmes sourdes ou malentendantes vivant des difficultés. Accueil, intervention, communication et vie associative. Rencontres individuelles. Aide, information et références. Accompagnement et ...",514 255-5680,femmessourdes@mfsm.ca,mfsm.info,Grand Montréal,femmes sourdes et malentendantes,grand_montreal,soutien_vulnerabilite,sante,non
espace-famille villeray,"7470, rue de Normanville Villeray—Saint-Michel—Parc-Extension Montréal QC H2R 2V3","Centre de ressources périnatales et familiales. Halte-garderie. Soutien à domicile pour parents de nouveau-nés, relevailles. Halte-allaitement. Cours prénataux. Déjeuner-causerie hebdomadaire. Confére...",514 858-1878,info@espacefamille.ca,espacefamille.ca,"île de Montréal, soutien à domicile et répit: Villeray, dons de couches: Villeray-Saint-Michel-Parc-Extension","futur·e·s parents, familles avec enfants de 0 à 5 ans",local,developpement_enfants_familles,,non
"stella, l'amie de maimie","2065, rue Parthenais, bureau 404 Ville-Marie Montréal QC H2K 3T1",Soutien pour les travailleuses du sexe. Information et référence. Ligne d'écoute. Accompagnement. Travail de rue. Travail auprès des femmes incarcérées. Distribution de seringues et de condoms. Liste ...,514 285-1599,info@chezstella.org,chezstella.org,île de Montréal,travailleuses et ex-travailleuses du sexe,montreal,soutien_vulnerabilite,sante,non
inca québec (institut national canadien pour les aveugles),"2085, rue Parthenais Ville-Marie Montréal QC H2K 3T1","Information et orientation. Services en employabilité. Soutien psychosocial: groupes de soutien pour les client·e·s et les proches aidant·e·s, groupes d'entraide à distance. Formations à distan",1 800 465-4622,quebec@inca.ca,www.inca.ca/fr?region=qc,le Québec,personnes aveugles ou handicapées visuellement,provincial,sante,emploi,non
corporation d'éducation jeunesse,"7797, rue de Lanaudière Villeray—Saint-Michel—Parc-Extension Montréal QC H2E 3A9","Organisme de formation, d'intervention de milieu, d'accompagnement, de soutien et d'activités pour les jeunes et les familles. Évasion familiale: séjour en nature d'une fin de semaine offrant animatio...",514 872-2696,direction@corpoeducjeunesse.org,corpoeducjeunesse.org,"Grand Montréal, Évasion familiale: Villeray et La Petite-Patrie","organismes scolaires, organismes communautaires, familles et jeunes en situation de vulnérabilité, évasion familiale: familles en situation de vulnérabilité",grand_montreal,developpement_enfants_familles,soutien_vulnerabilite,non
muses (les) - centre des arts de la scène,"5017, rue Saint-Hubert, bureau 317 Le Plateau-Mont-Royal Montréal QC H2J 2X9","École de formation professionnelle en arts de la scène pour artistes en situation de handicap. Promotion de l'intégration des artistes hors-normes au milieu artistique. Formation en théâtre, chant et ...",514 350-8060 poste 8834,info@lesmuses.org,lesmuses.org,Grand Montréal,"personnes vivant avec un handicap intellectuel, physique ou sensoriel, personnes autistes ou présentant des caractéristiques de l'autisme",grand_montreal,arts_culture_medias,sante,oui
association de la fibromyalgie - région île de montréal,"911, rue Jean-Talon Est, local 224 Villeray—Saint-Michel—Parc-Extension Montréal QC H2R 1V5","Défense et promotion des intérêts des personnes vivant avec la fibromyalgie. Soutien des membres dans leur recherche d'une meilleure qualité de vie, références vers les ressources disponibles. Rens",438 496-7448,info@fibromyalgiemontreal.ca,www.fibromyalgiemontreal.ca,île de Montréal,personnes vivant avec la fibromyalgie et leur famille,montreal,sante,defense_droits,non
association québécoise des traumatisés crâniens - région de montréal,"911, rue Jean-Talon Est, bureau 106 Villeray—Saint-Michel—Parc-Extension Montréal QC H2R 1V5","Intégration sociale. Activités de loisirs. Intervention psychosociale: rencontres individuelles ou familiales, ateliers. Groupes de soutien. Soutien aux proches: répit, rencontres, at",514 274-7447,aqtc@aqtc.ca,www.aqtc.ca,Grand Montréal,"personnes ayant un traumatisme craniocérébral (TCC), familles, public, professionnel·les",grand_montreal,sante,soutien_vulnerabilite,non
mouvement santé mentale québec,"911, rue Jean-Talon Est, bureau 326 Villeray—Saint-Michel—Parc-Extension Montréal QC H2R 1V5",Campagne de promotion en santé mentale. Diffusion d'outils thématiques. Soutien aux membres régionaux. Information et référence. Ateliers et conférences.,514 849-3291,info@mouvementsmq.ca,mouvementsmq.ca,le Québec,"adolescent·es, adultes, personnes aînées, milieux de travail",provincial,sante,,non
regroupement des associations de personnes traumatisées craniocérébrales du québec,"911, rue Jean-Talon Est, bureau 134 Villeray—Saint-Michel—Parc-Extension Montréal QC H2R 1V5","Représentation en matière de besoins et de services. Regroupement, soutien et concertation.",514 543-4800,info@connexiontccqc.ca,www.connexiontccqc.ca,le Québec,"personnes vivant avec un traumatisme crânien, leurs proches, professionnel·le·s",provincial,sante,soutien_vulnerabilite,non
promotion intervention en milieu ouvert,"911, rue Jean-Talon Est, bureau 229 Villeray—Saint-Michel—Parc-Extension Montréal QC H2R 1V5","Service d'accompagnement lors de sorties par des employé·e·s formé·e·s. Pour tout type de sorties: utilitaires, médicales et de loisirs.",514 288-9775,accueil@pimo.qc.ca,pimo.qc.ca,île de Montréal,personnes de 18 ans et plus vivant avec un handicap physique moteur,montreal,sante,sports_loisirs_tourisme,oui
point final,"7105, rue Saint-Hubert, bureau 202 Rosemont—La Petite-Patrie Montréal QC H2S 2N1",Prévention de la récidive en conduite avec facultés affaiblies.? Programme de sensibilisation et responsabilisation. Éducation.,514 564-6909,info@pointfinal.org,pointfinal.org,"île de Montréal, Rive-Sud, Rive-Nord, Ouest-de-l'île",personnes accusées de conduite avec facultés affaiblies par l'alcool ou la drogue,grand_montreal,soutien_vulnerabilite,education_formation,non
collectif,"7124, rue Boyer Rosemont—La Petite-Patrie Montréal QC H2S 2J8","Accompagnement et accueil des personnes immigrantes. Service d'aide à l'emploi, centre cyberemploi et formations. Ateliers de conversation: français et anglais. Ateliers d'informatique de base: suite ...",514 279-4246,info@cfiq.ca,www.cfiq.ca,"le Québec, installation en région: Grand Montréal","personnes immigrantes, centre de femmes: femmes immigrantes",grand_montreal,autres_missions_sociales,emploi,non
mission bon accueil - projet ontario,"2222, rue Ontario Est Ville-Marie Montréal QC H2K 1V8",Hébergement de transition pour personnes en situation d'itinérance. Durée de séjour pouvant aller jusqu'à 3 mois. Accompagnement dans la recherche de logement permanent.,514 935-6396,ptl@missionba.com,missionbonaccueil.com,Grand Montréal,personnes en situation d'itinérance,grand_montreal,soutien_vulnerabilite,logement,non
table de concertation des organismes au service des personnes réfugiées et immigrantes,"518, rue Beaubien Est Rosemont—La Petite-Patrie Montréal QC H2S 1S5","Information, concertation, formation et recherche s'adressant aux organismes oeuvrant auprès des personnes immigrantes et réfugiées. Réseau national des organismes sp",514 272-6060,info@tcri.qc.ca,tcri.qc.ca,le Québec,organismes membres,provincial,autres_missions_sociales,developpement_communautaire,non
service d'orientation et de recherche d'emploi pour l'intégration des femmes au travail,"5150, rue Saint-Hubert Le Plateau-Mont-Royal Montréal QC H2J 2Y3","Démarche de 15 semaines à temps plein en groupe permettant de connaître les formations et le marché du travail, développer la confiance en soi, concilier famille, tr",514 271-3866,info@sorif.org,sorif.org,île de Montréal,"femmes avec enfants, parlant et écrivant le français et ayant un statut de résidentes permanentes, citoyennes canadiennes ou réfugiées acceptées",montreal,emploi,soutien_vulnerabilite,non
tel-écoute - ligne tel-aînés,"6865, rue Sherbrooke Est Mercier—Hochelaga-Maisonneuve Montréal QC H1N 1C7",Ligne d'écoute téléphonique pour les personnes aînées.,1 833 326-8837,info@tel-ecoute.org,tel-ecoute.org,le Québec,personnes aînées de 60 ans et plus,provincial,sante,soutien_vulnerabilite,non
centre d'aide aux victimes d'actes criminels de montréal - chambre de la jeunesse,"410, rue de Bellechasse Est, bureau 1.045 Rosemont—La Petite-Patrie Montréal QC H2S 1X3",Services confidentiels de première ligne adaptés à chacune des étapes du processus judiciaire. Évaluation des besoins. Intervention post-traumatique et psychojudiciaire.,1 866 532-2822,communication@cavacmontreal.qc.ca,cavac.qc.ca,île de Montréal,"personnes victimes d'un acte criminel, leurs proches, témoins d'un crime, peu importe la gravité, la nature et le moment du crime commis, que l'auteur·rice du crime soit ou non identifié·e, arrêté·e, poursuivi·e ou reconnu·e coupable",montreal,soutien_vulnerabilite,defense_droits,non
compagnons de montréal,"6365, rue De Saint-Vallier Rosemont—La Petite-Patrie Montréal QC H2S 2P6","Milieux de vie, d'apprentissages et d'inclusion pour adultes vivant avec une déficience intellectuelle ou pour adultes autistes. Hébergement. Centre d'activités de jour. Formation socioprofessionnelle...",514 727-4444,info@compagnonsdemontreal.com,www.compagnonsdemontreal.com,Grand Montréal,"adultes vivant avec une déficience intellectuelle ou adultes autistes, location de salles et service de traiteur: population générale",grand_montreal,sante,emploi,non
comité régional pour l'autisme et la déficience intellectuelle,"6365, rue de Saint-Vallier Rosemont—La Petite-Patrie Montréal QC H2S 2P6","Défense collective des droits et promotion des intérêts. Concertation, représentation et mobilisation. Sensibilisation de la population et des décideur·euse·s.",514 255-8111,cradi@cradi.com,,île de Montréal,"personnes vivant avec une déficience intellectuelle, personnes autistes, leur famille, organismes communautaires",montreal,defense_droits,sante,non
regroupement des aveugles et amblyopes du québec,"5225, rue Berri, bureau 100 Le Plateau-Mont-Royal Montréal QC H2J 2S4",Référence et information. Promotion des intérêts et défense des droits des personnes vivant avec une déficience visuelle.,1 800 363-0389,info@raaq.qc.ca,www.raaq.qc.ca,le Québec,personnes vivant avec une déficience visuelle,provincial,defense_droits,sante,non
regroupement des aveugles et amblyopes du montréal métropolitain,"5225, rue Berri, bureau 101 Le Plateau-Mont-Royal Montréal QC H2J 2S4",Promotion des intérêts et défense des droits. Accompagnement et lecture pour les membres. Centre communautaire avec activités. Publiphone: système d'accès à l'information. Recrutement et,514 277-4401,info@raamm.org,raamm.org,Grand Montréal,personnes vivant avec un handicap visuel,grand_montreal,defense_droits,sante,non
joe jack et john,"1945, rue Fullum Ville-Marie Montréal QC H2K 3N3",Compagnie de créations théâtrales. Spectacles multidisciplinaires et performatifs. Démarche inclusive intégrant des artistes vivant avec une déficience intellectuelle et de divers horizons culturels.,514 279-9821,info@joejacketjohn.com,joejacketjohn.com,île de Montréal,grand public,montreal,arts_culture_medias,soutien_vulnerabilite,oui
maison du parc,"1287, rue Rachel Est Le Plateau-Mont-Royal Montréal QC H2J 2J9","Hébergement pour personnes vivant avec le VIH-sida. Soins palliatifs. Accompagnement physique, affectif et social.",514 523-6467,info@maisonduparc.org,www.maisonduparc.org,le Québec,personnes vivant avec le VIH-sida,provincial,sante,soutien_vulnerabilite,non
regroupement des organismes communautaires québécois de lutte au décrochage,"4284, rue De La Roche, bureau 219 Le Plateau-Mont-Royal Montréal QC H2J 3H9",Favorise la concertation et les échanges entre les organismes qui travaillent à la problématique du décrochage scolaire. Représentation en tant qu'interlocuteur privilégié auprè,438 342-5111,info@rocld.org,rocld.org,le Québec,organismes communautaires travaillant auprès des décrocheur·euse·s actuel·le·s ou potentiel·le·s,provincial,education_formation,developpement_communautaire,non
habitations du réseau de l'académie (les) - phase 2 - de la roche,"4318, rue De La Roche Le Plateau-Mont-Royal Montréal QC H2J 3H9",Logement social communautaire permanent. Studios meublés incluant câble et buanderie. Soutien communautaire.,514 658-8013,info@resac.org,www.resac.org,île de Montréal,"personnes autonomes de 18 à 60 ans à faible revenu, vivant ou ayant vécu des troubles de santé mentale graves ou modérés et étant sans abri ou à risque d'itinérance",montreal,logement,sante,oui
centre lartigue,"2217, avenue Papineau Ville-Marie Montréal QC H2K 4J5","Cours de francisation à temps plein, à temps partiel ou à distance.",514 596-4433,c-lartigue@csdm.qc.ca,centre-lartigue.cssdm.gouv.qc.ca,Grand Montréal,adultes immigrant·e·s,grand_montreal,education_formation,autres_missions_sociales,non
mains utiles,"6705, rue Jean-Talon, bureau 207 Saint-Léonard Montréal QC H1S 1N2",Cours de couture industrielle de 12 semaines afin de favoriser l'intégration des femmes immigrantes. Ateliers couture-causerie. Ateliers thématiques. Ateliers de bricolage artistique. Ateliers d'infor...,514 993-9128,mainsutiiles@yahoo.ca,mainsutiles.com,île de Montréal,femmes immigrantes de toutes les communautés culturelles,montreal,emploi,autres_missions_sociales,non
office municipal d'habitation de montréal - service d'aide au relogement,"400, boulevard Rosemont Rosemont—La Petite-Patrie Montréal QC H2S 0A2","Soutien à la recherche de logement pour les ménages locataires montréalais qui se retrouvent sans logis ou sur le point de le devenir à la suite d'un sinistre, d'une évacuation, d'",,servicedereference@omhm.qc.ca,www.omhm.qc.ca/fr/a-propos-de-nous/service-de-reference,île de Montréal,"ménages autonomes à faible revenu avec ou sans enfant et locataires dans l'agglomération de Montréal depuis au moins 12 mois, sans égard à leur statut au pays, devenus sans logis au cours des 6 derniers mois ou sur le point de le devenir en raison d'un sinistre nécessitant l'intervention de la Croix-Rouge, d'une évacuation par les inspecteurs municipaux, d'une éviction, d'une reprise de possession ou de tout autre motif menant à une fin de bail",montreal,logement,soutien_vulnerabilite,non
centre de ressources pour les familles de militaires - région de montréal - garnison de montréal,"6650, rue Hochelaga Mercier—Hochelaga-Maisonneuve Montréal QC H1N 1X9",Soutien aux familles de militaires. Services administratifs. Services psychosociaux sur rendez-vous au besoin.,514 252-2777 poste 4984,info.crfm@forces.gc.ca,crfmmfrcmtl.ca,Grand Montréal,familles de militaires,grand_montreal,soutien_vulnerabilite,sante,non
centre d'orientation paralégale et sociale pour immigrants,"435, rue Beaubien Est, bureau 203 Rosemont—La Petite-Patrie Montréal QC H2S 1S4",Banque alimentaire et dépannage alimentaire. Repas hebdomadaire à prix modique. Consultation paralégale et sociale pour personnes immigrantes et personnes demandeuses d'asile. Services pour per,438 531-6976,directrice@copsi.ca,www.copsi.ca,Grand Montréal,"personnes immigrantes, personnes nouvellement arrivées, personnes réfugiées, personnes demandeuses d'asile, personnes aînées immigrantes ou de la société d'accueil",grand_montreal,soutien_vulnerabilite,bien_etre_alimentaire,non
centre des loisirs des sourds de montréal,"427, rue Beaubien Est Rosemont—La Petite-Patrie Montréal QC H2S 2P7","Loisirs et activités culturelles pour personnes sourdes et malentendantes. Fêtes annuelles: St-Valentin, fête des mères, épluchette de blé-d'inde, Halloween, fête de Noël des enfants, messe de minuit ...",,clsm@clsm1901.org,,Grand Montréal,"personnes sourdes et malentendantes, leurs proches entendants",grand_montreal,sports_loisirs_tourisme,arts_culture_medias,oui
"chez doris, la fondation du refuge pour femmes - résidence marcelle et jean coutu","2233, rue De Champlain Ville-Marie Montréal QC H2L 2T1","Appartements permanents pour femmes. Studios meublés. Installations communes: salle d'ordinateurs, salle de lavage, espace de rangement, salle de séjour, terrasse arrière.",514 937-2341,residences@chezdoris.org,www.chezdoris.org,île de Montréal,femmes en situation d'itinérance ou à risque de le devenir,montreal,logement,soutien_vulnerabilite,non
centre communautaire des femmes sud-asiatiques,"1035, rue Rachel Est, 3e étage Le Plateau-Mont-Royal Montréal QC H2J 2J5",Centre de jour pour les femmes. Consultation et accompagnement. Information et référence. Traduction et interprétariat. Cours de français et d'anglais.,514 528-8812,sawcc@sawcc-ccfsa.ca,www.sawcc-ccfsa.ca/FR,Grand Montréal,"femmes des communautés pakistanaise, indienne, bangladeshi, sri-lankaise, népalaise, afghane et iranienne",grand_montreal,soutien_vulnerabilite,autres_missions_sociales,non
"imagerie, local des jeunes","949, rue Marie-Anne Est Le Plateau-Mont-Royal Montréal QC H2J 2B2","Espace à fréquentation libre avec matériels artistiques, informatique, jeux de société, jeux vidéos, cuisine et autres. Aide aux devoirs. Activités préventives et services sociaux. Activités sociales,...",514 598-8651,mdj.imagerie@gmail.com,www.mdj-imagerie.com,"Grand Montréal, particulièrement quartiers Saint-Louis et Le Plateau Mont-Royal",jeunes de 12 à 17 ans,grand_montreal,developpement_enfants_familles,soutien_vulnerabilite,non
alliance de commerces mexicains à montréal,"7387, rue St-Hubert Villeray—Saint-Michel—Parc-Extension Montréal QC H2R 2N4","Services diversifiés aux communautés de la diversité ethnoculturelle. Banque alimentaire, formulaire d'inscription en ligne: bookeo.com/acomm-ca/customer Café latino communautaire. Formation professio...",514 886-8141,info@acomm.ca,acomm.ca,"île de Montréal et les environs, paniers de Noël: Villeray-Saint-Michel-Parc-Extension","communautés de la diversité ethnoculturelle, principalement la communauté latino-américaine, personnes nouvelles arrivantes, communauté entrepreneuriale",local,developpement_communautaire,bien_etre_alimentaire,non
alliance de commerces mexicains à montréal - clinique d'impôts,"7387, rue Saint-Hubert Villeray—Saint-Michel—Parc-Extension Montréal QC H2R 2N4",Clinique d'impôts sans rendez-vous.,514 886-8141,info@acomm.ca,acomm.ca,île de Montréal,"personnes à faible revenu issues des communautés de la diversité ethnoculturelle, principalement la communauté latino-américaine, grand public",montreal,autres_missions_sociales,emploi,non
accordailles (les) - coopérégions,"465, rue Gilford, bureau 101 Le Plateau-Mont-Royal Montréal QC H2J 1N5",Accompagnement pour les personnes aînées vivant en région et devant se rendre à Montréal pour recevoir des soins de santé. Aide pour la planification du séjour. Aide pour trouver un hébergement aborda...,514 282-1553,info@accordailles.org,accordailles.org/cooperegions,"le Québec, excluant l'île de Montréal","personnes de 50 ans ou plus vivant en région, ayant un rendez-vous médical à Montréal et venant résider sur le territoire du Plateau Mont-Royal ou du centre-ville",montreal,sante,soutien_vulnerabilite,non
centre culturel des canadiens japonais de montréal,"8155, rue Rousselot Villeray—Saint-Michel—Parc-Extension Montréal QC H2E 1Z7",Centre communautaire pour les Nippo-Canadien·ne·s avec services aux personnes aînées et aux nouveaux·elles arrivant·e·s. Information et références. Visites à domicile et à l'hôpital et appels téléphon...,514 728-1996,centrejaponais@bellnet.ca,www.jcccm-cccjm.ca/?language=fr,Grand Montréal,"communauté japonaise, personnes intéressées par la culture japonaise",grand_montreal,autres_missions_sociales,sante,non
impatients (les),"5800, rue Saint-Denis, local 702 Rosemont—La Petite-Patrie Montréal QC H2S 3L5","Ateliers d'expression artistique. Expositions sur place, en galerie et itinérantes. Concerts, lecture de lettres d'amour. Conférences, publications. Boutique. Location d'ouvres d'art pour particuliers...",514 842-1043,info@impatients.ca,impatients.ca,"Grand Montréal, Joliette, Sorel, Drummondville, Saint-Jérôme, Saint-Jean-sur-Richelieu, Shawinigan, Rawdon, Valleyfield, Chambly, Mont-Laurier, Beaconsfield, Saint-Hyacinthe",personnes vivant avec des enjeux de santé mentale,grand_montreal,arts_culture_medias,sante,oui
bureau d'aide juridique - droit de la jeunesse - montréal,"5800, rue Saint-Denis, bureau 802 Rosemont—La Petite-Patrie Montréal QC H2S 3L5","Bureau d'aide juridique en droit de la jeunesse. Consultation téléphonique avec un·e avocat·e, accessible 24 heures, 7 jours, lors d'une arrestation ou en cas de détention.",514 842-2244,baj.jeunesse@ccjm.qc.ca,www.aidejuridiquedemontreal.ca,île de Montréal,"personnes ou organisation sans but lucratif résidant au Québec ou contrainte de rester au Québec, financièrement admissible et dont le service juridique demandé est couvert par la Loi",montreal,defense_droits,,non
intergénérations québec,"5800, rue Saint-Denis, bureau 602 Rosemont—La Petite-Patrie Montréal QC H2S 3L5","Réseau d'actions de solidarité intergénérationnel. Promotion d'activités: Semaine québécoise intergénérationnelle, etc. Sensibilisation de la population. Outillage des acteurs et actrices du milieu po...",514 382-0310 poste 209,communication@intergenerationsquebec.org,intergenerationsquebec.org,le Québec,"personnes aînées, personnes étudiantes des écoles primaires, secondaires et collégiales, milieu universitaire de recherche, jeunes et toutes personnes intéressées par l'intergénérationnel",provincial,developpement_communautaire,education_formation,non
regroupement des aidantes et aidants naturels de montréal,"5800, rue Saint-Denis, bureau 602 Rosemont—La Petite-Patrie Montréal QC H2S 3L5","Accueil, écoute active, accompagnement et référence. Activités de sensibilisation et de promotion. Conférences concernant les différentes réalités des personnes proches aidantes. Groupes d'entrai",514 374-1056,info@raanm.net,www.raanm.net,île de Montréal,"personnes proches aidantes de tous les groupes d'âges dont le ou la proche est atteint·e d'une maladie, en perte d'autonomie ou en fin de vie peu importe sa maladie et son âge",montreal,sante,soutien_vulnerabilite,non
groupe plein emploi,"5800, rue Saint-Denis, bureau 205 Rosemont—La Petite-Patrie Montréal QC H2S 3L5","Réintégration du marché du travail et retour aux études. Accompagnement en recherche d'emploi: rencontres individuelles, évaluation, rédaction de CV et de lettres de présentation, simulation d'entrevu...",514 274-5522,sylvia@pleinemploi.ca,plein-emploi.ca,Grand Montréal,"personnes de 16 ans et plus ayant eu des problèmes de consommation de drogues, d'alcool, de médicaments, de jeu compulsif ou de cyberdépendance, personnes de 16 ans et plus n'ayant jamais eu de problèmes de consommation",grand_montreal,emploi,soutien_vulnerabilite,non
accompagnateur (l'),"5800, rue Saint-Denis, bureau 602 Rosemont—La Petite-Patrie Montréal QC H2S 3L5","Plateforme web permettant aux parents de personnes handicapées de trouver des ressources. Ressources variées: éducation, habitation, loisirs, ressources financières, santé, services aux familles, tran...",514 382-0310 poste 402,info@laccompagnateur.org,laccompagnateur.org,le Québec,parents et proches de personnes handicapées,provincial,sante,developpement_enfants_familles,non
table de concertation des aînés de l'île de montréal,Montréal QC,Concertation entre organismes pour les personnes aînées. Collaboration avec les instances décisionnelles.,514 382-0310,coord@tcaim.org,tcaim.org,île de Montréal,organismes pour personnes aînées,montreal,sante,developpement_communautaire,non
présâges,"5800, rue Saint-Denis, bureau 602 Rosemont—La Petite-Patrie Montréal QC H2S 3L5",Laboratoire d'innovation sociale sur des enjeux du vieillissement. Consolidation et développement du milieu communautaire oeuvrant auprès des personnes aînées et de l'enjeux du vieillissement. Initiat...,514 600-4223,info@presages.org,www.presages.org,le Québec,"organismes communautaires oeuvrant auprès des personnes aînées, retraitées, bénévoles ou entrepreneurs sociaux",provincial,sante,developpement_communautaire,non
regroupement des popotes roulantes du québec,"5800, rue Saint-Denis, local 602 Rosemont—La Petite-Patrie Montréal QC H2S 3L5",Soutien au démarrage de popotes roulantes et aux groupes déjà en opération. Formation et édition des guides sur la mise en place et le fonctionnement des popotes roulantes. Organisation d'activités d'...,1 877 277-2722,direction@popotes.org,popotes.org,le Québec,groupes communautaires,provincial,bien_etre_alimentaire,,non
espace la traversée,"1460, boulevard Crémazie Est, bureau 100 Villeray—Saint-Michel—Parc-Extension Montréal QC H2E 1A2","Hébergement, réadaptation, intégration sociale. Résidences de groupe et appartements supervisés. Gestion du quotidien. Accompagnement. Travail en collaboration avec les partenaires et les proches. Hab...",514 321-4984,inforh@espacelt.org,espacelt.org,Grand Montréal,"personnes de tout âge vivant avec un problème de santé mentale, de déficience intellectuelle, de perte d'autonomie ou un problème d'adaptation sociale",grand_montreal,sante,soutien_vulnerabilite,non
fondation palliami,"1560, rue Sherbrooke Est, bureau A-3007 Ville-Marie Montréal QC H2L 4K4",Unité des soins palliatifs de l'Hôpital Notre-Dame. Soutien moral aux patient·e·s et à leur famille. Suivi de deuil. Ateliers pour personnes endeuillées en présentiel et en virtuel. Accompagnement des...,514 413-8777 poste 127434,lleblond@palliami.org,palliami.org,île de Montréal,"personnes atteintes de maladie en phase terminale, leur famille",montreal,sante,soutien_vulnerabilite,non
main-forte montréal inc.,"7381, rue Saint-Hubert Villeray—Saint-Michel—Parc-Extension Montréal QC H2R 2N4",Module de travail à gestion participative. Activité reproduisant le marché du travail en offrant un service d'emballage et d'assemblage manuel. Formation personnalisée en fonction des besoins des memb...,514 593-6129,contact@mainfortemontreal.org,mainfortemontreal.org,île de Montréal,adultes vivant avec une ou des limitations physiques,montreal,emploi,sante,non
réseau d'autodéfense féministe,"1963, rue Ontario Est Ville-Marie Montréal QC H2K 1V2","Espace dédié à l'autodéfense féministe par et pour les communautés queers et féministes. Cours d'autodéfense: programme de 12 heures. Activités culturelles: projections, cercles de lecture. Événements...",,reseau_autodefense_feministe@riseup.net,www.inclusionsport.org/reseau-autodefense-feministe,île de Montréal,"personnes trans, non-binaires ou bispirituelles, femmes",montreal,defense_droits,soutien_vulnerabilite,non
inclusion sport,"1963, rue Ontario Est Ville-Marie Montréal QC H2K 1V2",Gestion d'espaces sportifs accessibles. Cours variés. Vente de marchandise de muay thaï.,,acces.autodefense@gmail.com,inclusionsport.org,île de Montréal,"grand public, principalement les personnes marginalisées ou ayant vécu de la violence",montreal,sports_loisirs_tourisme,soutien_vulnerabilite,oui
black flag combat club,"1963, rue Ontario Est Ville-Marie Montréal QC H2K 1V2","Club de combat et d'autodéfense autogéré. Cours: muay thaï, boxe, sparring, MMA, jiu-jitsu, danse, kickboxing. Périodes d'entraînement libre. Vente de marchandise de muay thaï. Vente de collations et ...",,acces.autodefense@gmail.com,www.inclusionsport.org/black-flag-combat-club,île de Montréal,"grand public, particulièrement les personnes marginalisées ou ayant vécu de la violence",montreal,sports_loisirs_tourisme,soutien_vulnerabilite,oui
centre n a rive,"6971, rue Saint-Denis Rosemont—La Petite-Patrie Montréal QC H2S 2S5","Centre d'alphabétisation et d'insertion sociale. Alphabétisation: lecture, écriture et informatique. Francisation et alpha-francisation. Rond-point des aînés: milieu de vie et d'insertion offrant des ...",514 278-2157,info@centrenarive.com,centrenarive.com,île de Montréal,"personnes de toutes origines, personnes aînées autonomes de 60 ans et plus, programmes d'emploi: jeunes de 17 à 30 ans sans emploi et qui ne sont pas aux études, adultes sans diplôme de secondaire",montreal,education_formation,emploi,non
maison d'haïti,"3245, avenue Émile-Journault Villeray—Saint-Michel—Parc-Extension Montréal QC H1Z 0B1","Nouveaux arrivants Aide et accompagnement à l'établissement des nouveaux arrivants, séances d'informations, soutien dans les démarches d'immigration. Aide à la recherche de logement.Emploi et éducatio...",514 326-3022,mhaiti@mhaiti.org,www.mhaiti.org,Grand Montréal,communauté haïtienne et autres communautés culturelles,grand_montreal,autres_missions_sociales,logement,non
fondation québécoise du cancer,"2075, rue de Champlain Ville-Marie Montréal QC H2L 2T1","Soutien aux personnes touchées par le cancer. Information: Ligne Info-Cancer, Bibliothèque Info-Cancer. Jumelage téléphonique. Activités et groupes d'entraide. Art-thérapie. Bien-être physique: massot...",1 800 363-0063,cancerquebec.mtl@fqc.qc.ca,cancerquebec.ca,le Québec,"personnes vivant avec le cancer, leurs proches, aide financière et aide juridique: personnes vivant avec le cancer et à faible revenu",provincial,sante,soutien_vulnerabilite,non
famille nouvelle,"4450, rue St-Hubert, local 435 Le Plateau-Mont-Royal Montréal QC H2J 2W9","Centre de relation d'aide. Psychothérapie, thérapie et soutien psychosocial pour personnes, couples et familles. Rencontres pour les personnes proches aidantes. Ateliers, conférences et groupes de thé...",514 525-0063,info@famillenouvelle.org,famillenouvelle.org,"Grand Montréal, visioconférence: Canada","personnes vivant avec des problèmes de santé mentale, personnes, couples et familles à faible revenu, personnes proches aidantes",grand_montreal,sante,soutien_vulnerabilite,non
"hirondelle, services d'accueil et d'intégration des immigrants (l')","4450, rue Saint-Hubert, 5e étage Le Plateau-Mont-Royal Montréal QC H2J 2W9","Information, orientation et accompagnement. Interprétation et traduction. Aide à l'insertion à l'emploi. Aide à la recherche de logement. Services pour pères. Soutien à la famille. Act",514 281-5696,administration@hirondelle.qc.ca,www.hirondelle.qc.ca,"aide à l'emploi: Montréal, autres services: Grand Montréal",personnes nouvellement immigrantes et personnes réfugiées,grand_montreal,autres_missions_sociales,emploi,non
association des sports pour aveugles du montréal métropolitain,"4450, rue Saint-Hubert, bureau 428 Le Plateau-Mont-Royal Montréal QC H2J 2W9","Développement et organisation d'activités sportives. Recrutement et formation de bénévoles pour la pratique de sports divers. Sensibilisation du public par des séances d'information, des co",514 524-4715 poste 1,info@asamm.ca,asamm.ca,Grand Montréal,personnes vivant avec une déficience visuelle,grand_montreal,sports_loisirs_tourisme,sante,oui
autisme montréal,"4450, rue Saint-Hubert, bureau 320 Le Plateau-Mont-Royal Montréal QC H2J 2W9","Service d'accueil, écoute et d'entraide. Groupe de soutien et d'entraide pour les personnes autistes de haut niveau; conférences et formations. Infolettre. Centre de documentation qui permet un servic...",514 524-6114,accueil@autisme-montreal.com,autisme-montreal.com,île de Montréal,"parents d'enfants autistes, avec ou sans déficience intellectuelle, personnes de 16 ans et plus autistes sans déficience intellectuelle, professionnel·le·s, étudiant·e·s",montreal,sante,soutien_vulnerabilite,non
resto plateau,"4450, rue Saint-Hubert, bureau 232 Le Plateau-Mont-Royal Montréal QC H2J 2W9",Restaurant communautaire offrant des repas à prix modique. Comptoir de repas à emporter. Service de traiteur. Formation et insertion socioprofessionnelle dans le domaine de la cuisine. Programme finan...,514 527-5997,info@restoplateau.com,restoplateau.com,île de Montréal,personnes en situation de vulnérabilité sociale ou financière,montreal,bien_etre_alimentaire,emploi,non
association québécoise des personnes aphasiques,"4450, rue Saint-Hubert, bureau 510 Le Plateau-Mont-Royal Montréal QC H2J 2W9","Information, soutien et référence. Ateliers de conversation, de lecture et d'écriture. Accompagnement et soutien à la communication dans les démarches quotidiennes. Visites amicales. Programme SAPPA: ...",514 277-5678,aqpa@aphasie.ca,aphasie.ca,île de Montréal,"adultes aphasiques, leurs proches, personnes intéressées par l'aphasie",montreal,sante,soutien_vulnerabilite,non
petite maison de la miséricorde (la),"4401, rue Saint-Hubert Le Plateau-Mont-Royal Montréal QC H2J 2X1","La Halte-Amitié: milieu de vie. La Rosée: service de garderie.? Écoute téléphonique. Accompagnement personnalisé à la famille. Ateliers, café-rencontres, activités sociales et familiales. Répit de fin...",514 526-2639,info@lpmm.org,www.petitemaisondelamisericorde.org,Grand Montréal,"mères monoparentales, avec enfants ou enceintes",grand_montreal,developpement_enfants_familles,soutien_vulnerabilite,non
parrainage civique montréal,"4450, rue Saint-Hubert, bureau 336 Le Plateau-Mont-Royal Montréal QC H2J 2W9","Jumelage de personnes vivant avec une déficience intellectuelle avec des bénévoles. Développement des habiletés sociales. Ateliers divers: théâtre, improvisation, arts visuels, danse, musique, poésie ...",514 843-8813 poste 2,info@parrainagemontreal.org,www.parrainagemontreal.org,Grand Montréal,personnes de 18 ans et plus vivant avec une déficience intellectuelle ou un trouble du spectre de l'autisme,grand_montreal,sante,arts_culture_medias,oui
hirondelle (l') - soutien et aide à la famille et rapprochement interculturel,"4450, rue Saint-Hubert, 5e étage Le Plateau-Mont-Royal Montréal QC H2J 2W9",Groupe d'entraide pour pères. Suivi individuel. Jumelage. Ateliers de formation. Activités familiales.,514 281-2038,administration@hirondelle.qc.ca,hirondelle.qc.ca,Grand Montréal,"personnes immigrantes, leurs familles",grand_montreal,developpement_enfants_familles,autres_missions_sociales,non
atd quart monde canada,"6747, rue Drolet Rosemont—La Petite-Patrie Montréal QC H2S 2T1",Mouvement d'éducation populaire. Bibliothèque de rue et Festival des savoirs partagés: la culture comme moyen de lutte contre la pauvreté. Université populaire Quart Monde: soirées de dialogue entre c...,514 279-0468,atdcanada@atdquartmonde.ca,www.atdquartmonde.ca,"île de Montréal, Rouyn-Noranda, Sherbrooke, Thetford-Mines, Saint-Jean-sur-Richelieu, Longueuil",personnes et familles en situation de pauvreté,grand_montreal,education_formation,arts_culture_medias,oui
projet changement - centre communautaire pour les 50 ans et plus,"4450, rue Saint-Hubert, bureau 130 Le Plateau-Mont-Royal Montréal QC H2J 2W9","Accueil, information, orientation et référence. Appels de sécurité. Initiative de travail de milieu auprès des aînés en situation de vulnérabilité (ITMAV). Clinique de soins des pieds pou",514 521-5145,aines@projetchangement.com,projetchangement.com,"Grand Montréal, ITMAV et appels de sécurité: Le Plateau-Mont-Royal",personnes aînées de 50 ans et plus,grand_montreal,sante,soutien_vulnerabilite,non
fadoq - région île de montréal,"7537, rue Saint-Hubert Villeray—Saint-Michel—Parc-Extension Montréal QC H2R 2N7",Activités récréatives et sportives. Programme privilèges: rabais sur divers produits et services. Représentation et défense des droits.,514 271-1411,info@fadoqmtl.org,www.fadoq.ca/ile-de-montreal,île de Montréal,personnes de 50 ans et plus,montreal,sports_loisirs_tourisme,defense_droits,oui
centre communautaire radisson,"1550, rue Dufresne Ville-Marie Montréal QC H2K 3 J5","Développement de la participation citoyenne des personnes vivant avec une ou plusieurs déficiences physiques. Activités éducatives, socioculturelles et de loisir. Soutien aux personnes dans la découve...",514 252-1671,info@centreradisson.com,centreradisson.com,Grand Montréal,adultes et jeunes adultes vivant avec un handicap physique,grand_montreal,developpement_communautaire,sports_loisirs_tourisme,oui
habitations du réseau de l'académie (les) - phase 7 - papineau-ontario,"1959, avenue Papineau Ville-Marie Montréal QC H2K 4J3",Logement social communautaire permanent. Studios meublés incluant câble et buanderie. Soutien communautaire.,514 658-8013,info@resac.org,www.resac.org,île de Montréal,"personnes autonomes à faible revenu de 18 à 60 ans, vivant ou ayant vécu des troubles de santé mentale graves ou modérés et étant sans abri ou à risque d'itinérance",montreal,logement,sante,oui
cocaïnomanes anonymes,"1945, rue Papineau Ville-Marie Montréal QC H2K 4J3",Groupe d'entraide hebdomadaire basé sur les douze étapes pour personnes souhaitant cesser l'usage de la cocaïne ou de toute autre substance qui altère le comportement. Liste des réunions disponible en...,514 527-0657,appelalaide@caquebec.org,www.caquebec.org,le Québec,"personnes cocaïnomanes, toxicomanes ou dépendantes de toutes substances qui altèrent le comportement",provincial,soutien_vulnerabilite,,non
réseau d'action des femmes en santé et services sociaux,"6839, rue Drolet, bureau 304, 3e étage Rosemont—La Petite-Patrie Montréal QC H2S 2T1","Regroupement régional de groupes de femmes. Appui, information et action.",514 436-2047,reseau@rafsss.org,www.rafsss.org,île de Montréal,groupes de femmes ouvrant en matière de violence envers les femmes et en santé et services sociaux,montreal,defense_droits,sante,non
mouvement action chômage de montréal,"6839-A, rue Drolet, 3e étage Rosemont—La Petite-Patrie Montréal QC H2S 2T1",Information et représentation juridique. Défense des droits et intérêts. Clinique plurilingue mensuelle pour personnes allophones. Collaboration et rencontres de formation sur mesure avec les syndicat...,514 755-9240,macmtl@macmtl.qc.ca,macmtl.qc.ca,"île de Montréal, Longueuil, Laval","personnes sans emploi, syndicats et groupes populaires",grand_montreal,defense_droits,emploi,non
regroupement des comités logement et associations de locataires du québec,"6839, rue Drolet, local 305 Rosemont—La Petite-Patrie Montréal QC H2S 2T1","Défense et promotion du droit au logement. Campagnes d'information et séances de formation juridique. Mobilisations de locataires. Interventions publiques, présentations de mémoir",,rclalq@rclalq.qc.ca,rclalq.qc.ca,le Québec,groupes de défense des droits des locataires,provincial,defense_droits,logement,non
centre d'aide aux familles latino-américaines,"6839, rue Drolet, local 209 Rosemont—La Petite-Patrie Montréal QC H2S 2T1",Services psychosociaux et communautaires. Programme de périnatalité pour femmes immigrantes précaires. Petite enfance: accompagnement pour parents qui ont des enfants de 0 à 5 ans. Alliance: accompagn...,514 273-8061,info@cafla.ca,cafla.ca,Grand Montréal,jeunes et familles de toutes origines,grand_montreal,developpement_enfants_familles,soutien_vulnerabilite,non
perspectives jeunesse,"6839, rue Drolet, bureau 203 Rosemont—La Petite-Patrie Montréal QC H2S 2T1","Lutte au décrochage scolaire. Plan C volet d'accompagnement individuel: soutien, socialisation et mise en action des jeunes décrocheurs dans une perspective de retour à l'école ou d'insertion sur le m...",514 303-0599,direction@perspectivesjeunesse.org,perspectivesjeunesse.org,"Projet Option: Ahuntsic-Cartierville, Rosemont-La Petite-Patrie, Villeray-Saint-Michel-Parc-Extension, Mercier-Hochelaga-Maisonneuve, Montréal-Nord, Rivière-des-Prairies-Pointe-aux-Trembles, Plan C: Rosemont-La Petite-Patrie, Rivière-des-Prairies, Tétreaultville","Projet Option: jeunes dans les écoles secondaires (Père-Marquette, Louis-Riel, Lucien-Pagé, Chomedey-de-Maisonneuve, Marie-Anne, Sophie-Barat, Louise-Trichet, Marguerite-de-Lajemmerais, Georges-Vanier, Édouard-Montpetit, Amos, Joseph-François-Perrault, Jean-Grou), Plan C: personnes de 15 à 24 ans",local,education_formation,developpement_enfants_familles,non
centre de prévention des agressions de montréal,"4617, rue Saint-Denis Le Plateau-Mont-Royal Montréal QC H2J 2L4",Prévention des abus. Ateliers d'information et de référence. Cours d'autodéfense pour adolescentes. Cours d'autodéfense pour femmes. Programme de préventions des agressions pour les enfants (CAP/ESPAC...,514 284-1212,centre@cpamapc.org,www.cpamapc.org/fr,Grand Montréal,"enfants âgés de 3 à 12 ans, adolescentes, femmes, femmes vivant avec une déficience physique, personnes vivant avec une déficience intellectuelle, organismes, garderies, écoles primaires",grand_montreal,soutien_vulnerabilite,developpement_enfants_familles,non
halte la ressource,"226, rue Beaubien Est, unité 3 Rosemont—La Petite-Patrie Montréal QC H2S 1R4",Activités et accompagnement pour les mères monoparentales et leurs enfants. Écoute et référence. Espace accueillant pour passer du temps durant la journée. Groupe de soutien et de discussion. Activité...,514 524-0073,info@haltelaressource.org,haltelaressource.org,Grand Montréal,mères monoparentales avec enfants de moins de 18 ans,grand_montreal,developpement_enfants_familles,soutien_vulnerabilite,non
centre d'éducation et d'action des femmes,"2422, boulevard De Maisonneuve Est Ville-Marie Montréal QC H2K 2E9","Accueil, écoute et références. Halte-garderie pendant les activités. Comité d'actions locales et féministes. Formations sur le harcèlement de rue. Midis-soupes. Cours d'auto-défense. Lieu de rencontre...",514 524-3901,info@ceaf-montreal.qc.ca,ceaf-montreal.qc.ca,île de Montréal,personnes s'identifiant comme femmes,montreal,defense_droits,education_formation,non
escale famille le triolet - escale pour toit,"6910, avenue Pierre-de-Coubertin Mercier—Hochelaga-Maisonneuve Montréal QC H1N 1T6","Logement transitoire pour acquisition d'une autonomie et pour l'amélioration des conditions de vie des familles, durée maximale de 5 ans renouvelables. Soutien et accompagnement communautaire.",514 252-0289,interventionept@eflt.net,www.escalefamilleletriolet.org/escale-pour-toit,île de Montréal,femmes monoparentales à faible revenu ayant au maximum 2 enfants de 5 ans et moins à l'arrivée et désirant s'investir dans un projet de relance socioprofessionnelle,montreal,logement,developpement_enfants_familles,non
association d'anémie falciforme du québec,"7333, rue Saint-Denis Saint-Léonard Montréal QC H1R 2E5","Groupe de soutien mensuel, en alternance entre les groupes de parents et de jeunes adultes vivant avec l'anémie falciforme. Camp de répit familial. Ateliers d'information et colloques. Activités socia...",514 507-0891,info@aafq.org,anemie-falciforme.org,le Québec,"personnes vivant avec l'anémie falciforme, leur famille",provincial,sante,soutien_vulnerabilite,non
mission chrétienne chinoise du canada - clinique d'impôts,"4417, rue Saint-Denis Le Plateau-Mont-Royal Montréal QC H2J 2L2",Clinique d'impôts sur rendez-vous.,514 878-3113,montreal@ccmcanada.org,centre.montreal.ccmcanada.org,Grand Montréal,personne à revenu modeste selon les critères du gouvernement et une situation fiscale simple,grand_montreal,soutien_vulnerabilite,,non
réseau d'aide aux personnes seules et itinérantes de montréal,"1431, rue Fullum, local 203 Ville-Marie Montréal QC H2K 0B5",Regroupement d'organismes oeuvrant auprès des personnes en situation d'itinérance ou à risque de l'être. Défense collective des droits. Travail en concertation avec les partenaires du milieu,,info@rapsim.org,rapsim.org,île de Montréal,organismes ouvrant en prévention et en réduction de l'itinérance,montreal,soutien_vulnerabilite,defense_droits,non
front d'action populaire en réaménagement urbain,"1431, rue Fullum, bureau 201 Ville-Marie Montréal QC H2K 0B5","Regroupement d'organismes qui intervient auprès de ses propres membres, et surtout auprès des gouvernements, pour faite la promotion du droit au logement et plus particulièrement, du logement social. ...",514 522-1010,frapru@frapru.qc.ca,www.frapru.qc.ca,le Québec,associations et groupes de défense des droits au logement,provincial,defense_droits,logement,non
exeko,"5445, avenue de Gaspé, bureau 405 Le Plateau-Mont-Royal Montréal QC H2T 3B2","Création d'espaces égalitaires pour la réflexion collective et l'inclusion sociale par la médiation intellectuelle et culturelle. Ateliers créatifs: autodéfense intellectuelle, analyse sociale, partic...",514 528-9706,info@exeko.org,exeko.org/fr,île de Montréal,personnes en situation d'exclusion ou à risque d'exclusion,montreal,developpement_communautaire,soutien_vulnerabilite,non
conseil québécois sur le tabac et la santé,"5455, avenue De Gaspé, bureau 200 Le Plateau-Mont-Royal Montréal QC H2T 3B3","Éducation et sensibilisation aux dangers de la consommation des produits du tabac, aux effets de la fumée secondaire et aux avantages de cesser de fumer. Programmes et campagnes visant la prévention e...",514 948-5317,info@cqts.qc.ca,cqts.qc.ca,le Québec,,provincial,sante,,non
cantine pour tous (la),"5455, avenue de Gaspé, bureau 200 Le Plateau-Mont-Royal Montréal QC H2T 3B3",Collectif qui fédère des organisations d'économie sociale et solidaire La Cantine à Domicile: repas congelés préparés par organismes locaux et livrés à domicile. La Cantine dans les Écoles: repas pour...,1 833 437-0958,info@lacantinepourtous.org,lacantinepourtous.org,"La Cantine dans les écoles : le Québec, La Cantine à Domicile: consulter le site Internet","grand public, personnes en situation de vulnérabilité, organismes communautaires qui favorisent l'accès à l'alimentation, toutes institutions souhaitant offrir un service de repas, écoles primaires",provincial,bien_etre_alimentaire,developpement_communautaire,non
pour 3 points,"5455, avenue de Gaspé, bureau 200 Le Plateau-Mont-Royal Montréal QC H2T 3B3",Formation d'entraîneurs sportifs permettant le développemment d'outils nécessaires pour accompagner les jeunes issus de milieux défavorisés à développer les habiletés requises pour réussir à l'école e...,514 789-2359,info@pour3points.ca,pour3points.ca,le Québec,"entraîneurs sportifs, intervenants sociaux, animateurs ou responsables en milieux communautaires et scolaires",provincial,sports_loisirs_tourisme,education_formation,oui
productions spectrum,"5445 avenue de Gaspé, bureau 415 Le Plateau-Mont-Royal Montréal QC H2T 3B2","Soutien et promotion des personnes autistes dans le domaine du cinéma, de la production médiatique et des arts. Programme du week-end: cours d'animation. Laboratoire de médias créatifs. Cours en ligne...",514 448-1644,info@productionsspectrum.com,www.productionsspectrum.com/,Montréal,personnes autistes de 12 ans et plus,montreal,arts_culture_medias,sante,oui
centre de services de justice réparatrice,"7333, rue Saint-Denis Villeray—Saint-Michel—Parc-Extension Montréal QC H2R 2E5",Services de rencontres de justice réparatrice pour personnes victimes et personnes contrevenantes en crime apparenté. Ateliers thématiques dans une approche de justice réparatrice. Atelier Guérison de...,1 833 320-2757,csjr@csjr.org,csjr.org/fr,"Centre-du-Québec, Estrie, Grand Montréal, Laurentides, Mauricie, Montérégie","personnes (ou groupes) touchés par des situations d'abus et de violences, judiciarisées ou non judiciarisées (personnes ayant été victimes d'actes criminels et de violences ayant porté plainte ou non, personnes ayant commis des actes criminels ou ayant commis de la violence), atelier Guérison des mémoires: grand public",grand_montreal,defense_droits,soutien_vulnerabilite,non
groupe de recherche et d'intervention psychosociale - montréal,"4441, rue Saint-Denis Le Plateau-Mont-Royal Montréal QC H2J 2L2","Soutien et services de proximité visant la prévention et la réduction des méfaits dans les milieux festifs ou autres, tant populaires qu'underground. Intervention préventive au sujet des dro",514 726-4106,info@grip-prevention.ca,grip-prevention.ca,"animation et kiosques: Grand Montréal, outils, formation et intervention en milieu festif: le Québec","personnes qui consomment des drogues ou qui souhaitent avoir plus d'informations sur leurs effets, leurs risques et les meilleurs moyens de les réduire, intervenant·e·s jeunesse, professionnel·le·s de la santé et des services sociaux, proches de personnes consommatrices",grand_montreal,sante,soutien_vulnerabilite,non
société de saint-vincent de paul - conseil central,"1930, rue de Champlain Ville-Marie Montréal QC H2L 2S8","Aide sur le plan des besoins essentiels: nourriture, vêtements, meubles, matériel scolaire. Aide sur le plan humain: écoute, accompagnement, référence, réinsertion au travail. Récupération de dons de ...",514 526-5937,adjadm@ssvp-mtl.org,ssvp-mtl.org/fr,"Montréal, Laval, MRC L'Assomption","individus et familles à faible revenu, personnes en insécurité alimentaire et économique",grand_montreal,bien_etre_alimentaire,soutien_vulnerabilite,non
dans la rue - chez pops,"1662, rue Ontario Est Ville-Marie Montréal QC H2L 1S7","Centre de jour. Cafétéria. Aide à la recherche de logement. Consultations juridiques, médicales et psychosociales. Dons de vêtements, d'articles d'hygiène et de couvertures. Atelier d'art, salle et at...",1 888 520-7677,centredejour@danslarue.org,danslarue.org,île de Montréal,"personnes itinérantes de 12 à 25 ans, avec ou sans animaux",montreal,soutien_vulnerabilite,logement,non
opération bonne mine,"1930, rue de Champlain Ville-Marie Montréal QC H2L 2S8",Programme en persévérance scolaire. Aide financière pour la rentrée scolaire. Activités socioculturelles et artistiques. Bourses de persévérance scolaire.,514 526-5937 poste 121,programme@ssvp-mtl.org,ssvp-mtl.org/fr/132/s-inscrire-a-l-aide-a-la-rentree-scolaire,"Montréal, Laval, MRC L'Assomption","jeunes de 5 à 18 ans scolarisés au primaire et au secondaire, issus de milieux économiquement défavorisés",grand_montreal,education_formation,developpement_enfants_familles,non
dans la rue - logements,"1662, rue Ontario Est Ville-Marie Montréal QC H2L 1S7",Hébergement permanent pour jeunes. Soutien et accompagnements.,514 526-7677,info@danslarue.org,danslarue.org/ou-trouver-de-laide/appartements,île de Montréal,"personnes de 25 ans et moins en difficulté, logements sociaux et services à la famille: personnes fréquentant déjà l'organisme seulement",montreal,soutien_vulnerabilite,logement,non
maison multiethnique myosotis - montréal,"660, rue Villeray, bureau 2.107 Villeray—Saint-Michel—Parc-Extension Montréal QC H2R 1J1","Aide psychologique en présentiel, par téléphone ou à domicile. Art-thérapie. Ateliers de groupe. Soutien et suivi avec un·e travailleur·euse social·e. Psychothérapie à court et moyen terme. Informatio...",514 271-4407,administration@maisonmyosotis.org,maisonmyosotis.org,"île de Montréal, Rive-Sud","personnes à faible revenu, personnes immigrantes",grand_montreal,sante,soutien_vulnerabilite,non
ludic - loisirs uniques pour le développement et l'inclusion dans la communauté,"660, rue Villeray, bureau 2.109 Villeray—Saint-Michel—Parc-Extension Montréal QC H2R 1J1",Activités de loisirs adaptées pour les enfants ayant des difficultés d'apprentissage ou des besoins particuliers et leur famille. Activités de loisirs familial la fin de sem,514 721-3663,coordination@ludicmontreal.org,,île de Montréal,enfants de 5 à 18 ans avec des difficultés d'apprentissage ou des besoins particuliers et leur famille,montreal,sports_loisirs_tourisme,developpement_enfants_familles,oui
espace multisoleil,"660, rue Villeray, bureau 2.115 Villeray—Saint-Michel—Parc-Extension Montréal QC H2R 1J1","Activités et loisirs adaptés pour jeunes vivant avec une déficience physique, associée ou non à une déficience intellectuelle. Activités les samedis, après-midi répit, semaine de relâche, camp de jour...",438 397-4495,coordination@espacemultisoleil.org,www.espacemultisoleil.org,île de Montréal et les environs,personnes de 6 à 30 ans vivant avec une déficience physique pouvant être associée à une déficience intellectuelle,montreal,sports_loisirs_tourisme,sante,oui
centre d'orientation et de prévention d'alcoolisme et toxicomanie latino-américain,"660, rue Villeray, 2e étage Villeray—Saint-Michel—Parc-Extension Montréal QC H2R 1J1","Sessions d'information sur l'alcoolisme, la toxicomanie, la dépendance (avec ou sans substance) et la violence. Orientation, références et intervention. Intervention psy",514 948-6188,copatla1989@gmail.com,,Grand Montréal,adultes en priorité,grand_montreal,soutien_vulnerabilite,sante,non
"rézo - santé et mieux-être des hommes gais et bisexuels, cis et trans","2075, rue Plessis, bureau 207 Ville-Marie Montréal QC H2L 2Y4",Écoute et référence. Suivi individuel. Prévention du VIH/sida et des infections transmises sexuellement. Distribution de matériel de prévention sexuelle et de consommation. Promotion,514 521-7778 poste 100,info@rezosante.org,www.rezosante.org,île de Montréal,"hommes GBQ (gai, bisexuel, ou queer), autres hommes, personnes trans ayant des relations sexuelles avec des hommes",montreal,sante,soutien_vulnerabilite,non
réseau de la santé sexuelle des sourds du québec,"2075, rue Plessis, bureau 320 Ville-Marie Montréal QC H2L 2Y4",Informer et mettre en garde la communauté sourde et malentendante du Québec contre les risques de contracter le VIH/Sida et les ITSS. Information sur le VIH/Sida et les ITSS adaptée en LSQ. Ateliers d...,438 476-7260,info@rsssq.org,rsssq.org,le Québec,personnes sourdes et malentendantes,provincial,sante,education_formation,non
kontak,"2075, rue Plessis Ville-Marie Montréal QC H2L 2Y4","Programme de soutien et d'accompagnement pour les hommes gay, bi et queer qui ont des relations sexuelles avec d'autres hommes, avec des drogues liées avec le chemsex et qui utilisent la stratégie de ...",438 867-2436,pnpoutreach@accmontreal.org,kontak.ca/fr,Grand Montréal,"hommes gay, bi et queer qui ont des relations sexuelles avec d'autres hommes (HARSAH) et qui pratiquent le chemsex",grand_montreal,sante,soutien_vulnerabilite,non
centre communautaire lgbtq+ de montréal,"2075, rue Plessis, bureau 110 Ville-Marie Montréal QC H2L 2Y4","Lieu commun où se regroupent des organismes et des personnes dédiés à l'amélioration des conditions de vie par le biais de l'éducation, l'information et la recherche. Domaines: santé et services socia...",514 528-8424,info@cclgbtqplus.org,ccglm.org,Grand Montréal,"communauté gaie, lesbienne, bisexuelle, trans, queer ou en questionnement",grand_montreal,defense_droits,sante,non
maison buissonnière (la),"65, rue Saint-Viateur Est Le Plateau-Mont-Royal Montréal QC H2T 1A7",Soutien aux jeunes enfants et à leur famille. Éducation sociale des enfants par le jeu et la parole. Écoute et soutien aux parents. Préparation pour l'entrée au CPE et à la maternelle.,438 388-0168,info@maisonbuissonniere.org,maisonbuissonniere.org,Grand Montréal,familles avec enfants âgés de moins de 4 ans,grand_montreal,developpement_enfants_familles,,non
perspective autonomie en santé mentale,"2402, rue Sainte-Catherine Est Ville-Marie Montréal QC H2K 2J6",Organisme composé de pair·e·s aidant·e·s qui accompagnent les personnes qui sont en processus de rétablissement. Écoute et soutien à toute personne éprouvant des difficultés de santé mentale ou vivant...,514 759-7276,info@pasm-pairaidance.org,www.pasm-pairaidance.org,Grand Montréal,"personnes de 18 ans et plus, habitant le Grand Montréal, vivant une détresse émotionnelle ou étant en processus de rétablissement en santé mentale",grand_montreal,sante,soutien_vulnerabilite,non
fondation des auberges du coeur,"5125, rue du Trianon, bureau 328 Mercier—Hochelaga-Maisonneuve Montréal QC H1M 2S5",Appui financier à la mission des Auberges du coeur. Promotion de l'action des Auberges. Sensibilisation à la situation des personnes sans-abri et des jeunes en difficulté.,1 866 992-6387,info@aubergesducoeur.com,www.aubergesducoeur.com,le Québec,,provincial,soutien_vulnerabilite,,non
mwali,"7275, rue Sherbrooke est Mercier—Hochelaga-Maisonneuve Montréal QC H1N 1E9","Plateforme pour femmes. Accompagnement, encadrement et recherches ciblées sur les inégalités que subissent les femmes. Assistance aux femmes monoparentales, aux femmes vivant avec un handicap ou ayant...",438 764-2262,info@mwali.ca,mwali.ca,île de Montréal,"femmes, filles, mères monoparentales, femmes vivant avec handicap ou ayant des enfants vivant avec un handicap, femmes victimes de violence conjugale",montreal,defense_droits,soutien_vulnerabilite,non
regroupement des auberges du coeur du québec (le),"5125, rue du Trianon, bureau 318 Mercier—Hochelaga-Maisonneuve Montréal QC H1M 2S5",Regroupement de 32 maisons d'hébergement communautaire jeunesse situées dans 10 régions du Québec. Promotion et défense des droits et intérêts des jeunes en difficulté et sans abri.,514 523-8559,info@aubergesducoeur.org,www.aubergesducoeur.org,le Québec,jeunes de 12 à 35 ans en difficulté ou sans abri,provincial,soutien_vulnerabilite,defense_droits,non
grossesse-secours,"79, rue Beaubien Est Rosemont—La Petite-Patrie Montréal QC H2S 1R1","Ligne d'écoute et clavardage confidentiels et pro-choix pour toute personne concernée par une grossesse, planifiée ou non: écoute, information et références. Tests de grossesse gratuits. Rencontres in...",1 877 271-0555,info@grossesse-secours.org,www.grossesse-secours.org,Grand Montréal,"toute personne préoccupée par une grossesse, planifiée ou non",grand_montreal,sante,soutien_vulnerabilite,non
fibrose kystique canada,"4388, rue Saint-Denis, suite 200, bureau 931 Le Plateau-Mont-Royal Montréal QC H2J 2L1",Soutien à la recherche sur la fibrose kystique. Promotion des soins individualisés et de qualité.,1 800 363-7711,info@fkq.ca,fibrosekystique.ca,le Québec,"enfants, adolescent·e·s et adultes vivant avec la fibrose kystique, leurs proches, professionnel·le·s de la santé",provincial,sante,,non
maison plein coeur,"1611, rue Dorion Ville-Marie Montréal QC H2K 4A5","Banque alimentaire. Soutien à domicile pour mères séropositives. Projet Entraide positive: ateliers pour hommes, groupe de discussion, suivi individuel, jumelage. Résidence transitoire supervisée: héb...",514 597-0554,info@maisonpleincoeur.org,maisonpleincoeur.org/programmes-et-activites/,île de Montréal,personnes vivant avec le VIH/SIDA,montreal,sante,bien_etre_alimentaire,non
centre des femmes d'ici et d'ailleurs,"8043, rue Saint-Hubert Villeray—Saint-Michel—Parc-Extension Montréal QC H2R 2P4","Lieu sûr et inclusif où les femmes peuvent apprendre, se connecter et agir. Accueil, écoute confidentielle, soutien et référence. Ateliers de conversation en français. Activités éducatives. Activités ...",514 495-7728,info@cdfia.net,https://cdfia.net/,île de Montréal,femmes de toutes origines,montreal,soutien_vulnerabilite,education_formation,non
fusion jeunesse,"1200 boulevard Crémazie Est, bureau 101 Villeray—Saint-Michel—Parc-Extension Montréal QC H2P 3A6","Lutte contre le décrochage scolaire par la création de liens entre le système scolaire et la communauté. Implantation de projets pédagogiques, pratiques et innovants destinés aux jeunes du primaire et...",514 657-7630,info@fusionjeunesse.org,fusionjeunesse.org,Grand Montréal,jeunes à risque de décrochage scolaire,grand_montreal,education_formation,developpement_enfants_familles,non
service andc-aide,"1030, rue Cherrier Est, bureau 205 Le Plateau-Mont-Royal Montréal QC H2L 1H9",Relation d'aide individuelle ou relationnelle par des personnes étudiantes en fin de formation du Centre de relation d'aide de Montréal. 10 séances hebdomadaires. Approche non directive créatrice. Ren...,514 598-7000,andc-aide@cramformation.com,www.cramformation.com,le Québec,"personnes de 18 ans et plus, couples, personnes endeuillées, coaching: parents et éducateur·rice·s",provincial,sante,soutien_vulnerabilite,non
transformerie (la),"6651, boulevard Saint-Laurent Rosemont—La Petite-Patrie Montréal QC H2S 3C5","Récupération, transformation et mise en marché des invendus alimentaires. Don à des organismes communautaires d'aide alimentaire. Sensibilisation au gaspillage alimentaire. Développement de solutions ...",438 540-1246,info@latransformerie.org,latransformerie.org,Grand Montréal,"organismes communautaires, grand public, récupération d'invendus: commerces de détail",grand_montreal,bien_etre_alimentaire,environnement,oui
centre d'hébergement la traverse,"9000, 7e avenue Villeray—Saint-Michel—Parc-Extension Montréal QC H1Z 2V6","Centre d'hébergement pour les personnes nouvelles arrivantes demandeuses d'asile. Écoute et soutien. Commodités incluses: repas, cuisine communautaire, salle de lavage, accès à Internet, vêtements. Se...",514 382-4999,latraverse@mail.com,www.centreslatraverse.org,Grand Montréal,personnes nouvellement arrivantes demandeuses d'asile en situation de précarité,grand_montreal,soutien_vulnerabilite,logement,non
association multiethnique pour l'intégration des personnes handicapées du québec,"6462, boulevard Saint-Laurent Rosemont—La Petite-Patrie Montréal QC H2S 3C4","Intégration et inclusion des personnes immigrantes vivant avec un handicap. Intégration: orientation, accompagnement, référence, aide à l'autonomisation, à l'intégration so",514 272-0680,direction@ameiph.com,ameiph.com,le Québec,personnes immigrantes vivant avec un handicap,provincial,autres_missions_sociales,soutien_vulnerabilite,non
interloge,"1503, rue La Fontaine Ville-Marie Montréal QC H2L 1T7",Logements abordables. Développement de projets de logements locatifs abordables. Contribution à la revitalisation socioéconomique des quartiers. Location de logements abordables.,514 522-2107,info@interloge.org,interloge.org,"île de Montréal, Laval, Laurentides, Montérégie",ménages à faible ou modeste revenu,grand_montreal,logement,developpement_communautaire,non
rond-point,"2135, rue Alexandre-DeSève, bureau KR-1203 Ville-Marie Montréal QC H2L 2W5","Service d'aide aux familles consommant des substances psychoactives. Suivi de santé, psychosocial et éducatif. Suivi de grossesse. Suivi nutritionnel prénatal. Suivi du développement des enfants de 0 ...",438 386-4050,rondpoint@pediatriesociale-cs.org,pediatriesociale-cs.org/cpsc-centre-sud/nos-services/programme-rond-point,île de Montréal,"personnes enceintes, parents avec des enjeux de consommation d'alcool, drogue ou médicament et leurs enfants de 5 ans et moins",montreal,sante,developpement_enfants_familles,non
magazine l'itinéraire,"2103, rue Sainte-Catherine Est, 3e étage Ville-Marie Montréal QC H2K 2H9","Magazine-école de rue, dont l'équipe de rédaction et les camelots proviennent en majorité du milieu de l'itinérance.",514 597-0238,courrier@itineraire.ca,www.itineraire.ca,Grand Montréal,camelots et personnes qui participent aux programmes d'insertion,grand_montreal,soutien_vulnerabilite,emploi,non
café l'itinéraire,"2103, rue Sainte-Catherine Est, 3e étage Ville-Marie Montréal QC H2K 2H9","Lieu de rencontre et d'échange. Référence. Repas pour camelots et membres seulement. Récupération de dons sur place: bas chauds, mitaines et gants, tuques, chauffes mains, foulard, bottes chaudes, col...",514 597-0238,courrier@itineraire.ca,www.itineraire.ca,Grand Montréal,camelots et membres du groupe du magazine l'Itinéraire,grand_montreal,soutien_vulnerabilite,bien_etre_alimentaire,non
groupe communautaire l'itinéraire,"2103, rue Sainte-Catherine Est Ville-Marie Montréal QC H2K 2H9","Accompagnement des personnes marginalisées. Publication du journal L'Itinéraire. Café Maison ronde: intégration au marché du travail pour personnes autochtones, cartes-repas et repas pour personnes sa...",514 597-0238,direction@itineraire.ca,www.itineraire.ca,"Grand Montréal, Granby, Longueuil, Saint-Jérôme, Sutton","personnes itinérantes, ex-itinérantes, alcooliques ou toxicomanes, toute personne en grande précarité sociale ou financière",grand_montreal,soutien_vulnerabilite,emploi,non
sans oublier le sourire,"2022, rue de la Visitation Ville-Marie Montréal QC H2L 3C7",Services pour adultes vivant avec une déficience intellectuelle. Centre de jour. Activités sportives. Club de marche et de piscine. Club pour personnes aînées. Sensibilisation. Concertation.,514 522-2280 poste 220,sansoublierlesourire@hotmail.com,www.sansoublierlesourire.org,île de Montréal,"adultes vivant avec une déficience intellectuelle moyenne à sévère, un trouble du spectre de l'autisme ou un trouble associé",montreal,sante,sports_loisirs_tourisme,oui
geipsi,"1223, rue Ontario Est Ville-Marie Montréal QC H2L 1R5",Centre de jour. Soutien individuel et ponctuel. Intervention et références par téléphone. Accompagnement extérieur et aide pour les démarches et rencontres individuelles avec une intervenante. Entraid...,514 523-0979,info@geipsi.ca,www.geipsi.ca,île de Montréal,"personnes adultes vivant avec le VIH ou le VHC, consommatrices de drogues ou itinérantes",montreal,sante,soutien_vulnerabilite,non
mission old brewery - la traversée,"6400, rue Clark Rosemont—La Petite-Patrie Montréal QC H2S 3E6",Hébergement de transition à durée indéterminée pour personnes aînées à risque d'itinérance. Animation communautaire. Suivi psychosocial. Espaces adaptés pour mobilité réduite. Repas fournis.,514 278-5363 poste 332,info@oldbrewerymission.ca,www.missionoldbrewery.ca/fr,Grand Montréal,personnes aînées de 50 ans et plus à risque d'itinérance,grand_montreal,soutien_vulnerabilite,logement,non
maison l'exode (la) - pavillon alpha,"6400, rue Clark Rosemont—La Petite-Patrie Montréal QC H2S 3E6",Centre de répit et de dégrisement. Durée de 24 à 72 heures. Aide et soutien à la récupération à la suite d'une intoxication.,,info@maison-exode.org,maison-exode.org,île de Montréal,personnes en situation d'itinérance ou à risque d'itinérance présentant des signes d'intoxication ou des problèmes de comportement référé par un intervenant qui a rencontré la personne,montreal,sante,soutien_vulnerabilite,non
maison d'hérelle,"3742, rue Saint-Hubert Le Plateau-Mont-Royal Montréal QC H2L 4A2","Hébergement communautaire à court, moyen et long terme. Maison de chambres avec un programme de répit à court terme, de transition à court et moyen terme et un programme de soins palliatifs à moyen et...",514 844-4874 poste 102,info@maisondherelle.org,maisondherelle.org,Grand Montréal,personnes vivant avec le VIH/sida,grand_montreal,sante,soutien_vulnerabilite,non
centre de solidarité lesbienne,"4126, rue Saint-Denis, bureau 301 Le Plateau-Mont-Royal Montréal QC H2W 2M5","Intervention et suivi pour différentes problématiques: séparation, deuil, coming out, etc. Intervention et suivi pour victimes et personnes autrices de violence conjugale. Groupes de discussion. Ateli...",514 526-2452,info@solidaritelesbienne.qc.ca,www.solidaritelesbienne.qc.ca,île de Montréal,"personnes cis, non-binaires et trans de la communauté lesboqueer",montreal,soutien_vulnerabilite,defense_droits,non
centre d'apprentissage parallèle,"4865, boulevard Saint-Laurent Le Plateau-Mont-Royal Montréal QC H2T 1R6",Centre d'apprentissage pour personnes vivant avec un problème de santé mentale. Programme de préparation en emploi de 6 mois (PPE): acquisition de compétences personnelles et professionnelles pour s'i...,514 843-5658,info@ateliersducap.org,ateliersducap.org,île de Montréal,personnes vivant avec des problèmes de santé mentale ou de la détresse émotionnelle,montreal,emploi,sante,non
centre d'action socio-communautaire de montréal,"32, boulevard Saint-Joseph Ouest Le Plateau-Mont-Royal Montréal QC H2T 2P3","Accueil, information, orientation sociale et défense des droits. Activités socioculturelles pour personnes aînées. Établissement et intégration des personnes nouvellement arrivées. Séances d'informati...",514 842-8045,accueil@cascmontreal.ca,cascmontreal.ca,Grand Montréal,"personnes nouvellement arrivées, personnes immigrantes",grand_montreal,defense_droits,autres_missions_sociales,non
refuge des jeunes de montréal,"1836, rue Sainte-Catherine Est Ville-Marie Montréal QC H2K 2H3",Hébergement temporaire pour environ 1 mois. Refuge d'urgence. Déjeuner et souper. Rencontres individuelles et référence. Suivi. Possibilité d'une transition vers un logement social avec soutien commun...,514 849-4221 poste 2,refuge@refugedesjeunes.org,www.refugedesjeunes.org/fr,Grand Montréal,personnes s'identifiant comme homme sans-abri de 17 à 26 ans,grand_montreal,soutien_vulnerabilite,logement,non
abri de villeray,"7399, boulevard Saint-Laurent Villeray—Saint-Michel—Parc-Extension Montréal QC H2R 1W7","Hébergement jusqu'à 21 jours. Hébergement d'urgence de nuit. Accueil et intervention. Aide dans les démarches. Douches, repas chauds, collations et café pour personnes itinérantes hébergées. Distribut...",514 379-2800,info@refugecdi.com,,"île de Montréal, priorité aux personnes vivant dans le secteur nord de Montréal","personnes de 18 ans et plus en situation d'itinérance, sans enfants, Douches, repas chauds, collations et café: personnes hébergées",montreal,soutien_vulnerabilite,logement,non
renaissance québec,"7245, rue Clark, bureau 201 Villeray—Saint-Michel—Parc-Extension Montréal QC H2R 2Y4",Insertion et formation à l'emploi par le biais de succursales de récupération et de vente de biens neufs et usagés. Centre d'aide à l'emploi Renaissance: conseils et services d'aide à la recherche d'e...,514 276-3626,information@renaissancequebec.ca,renaissancequebec.ca/fr,"île de Montréal, Laval, Blainville et une partie de la Montérégie","personnes ayant des difficultés d'adaptation au marché du travail (citoyens, résidents, réfugiés), sans emploi, disponibles à temps plein et qui ne sont pas aux études",grand_montreal,emploi,soutien_vulnerabilite,non
maison de répit la ressource (la),"9281, 14e Avenue Villeray—Saint-Michel—Parc-Extension Montréal QC H1Z 3N4","Répit de jour du samedi au jeudi. Répit de fin de semaine incluant deux nuits. Camps de jour d'hiver et d'été. Activités : activités physiques, arts plastiques et bricolage, musicothérapie. Aide et ré...",514 804-8141,secretariat@repitlaressource.org,repitlaressource.org,île de Montréal,personnes de 15 ans et plus avec une déficience intellectuelle avec ou sans un trouble du spectre de l'autisme,montreal,sante,sports_loisirs_tourisme,oui
sidalys - maison amaryllis,"1466, rue Panet Ville-Marie Montréal QC H2L 2Z3","Hébergement de transition. Chambres Amaryllis: hébergement de courte durée de 3 mois maximum (repas, buanderie). Studios Amaryllis: hébergement de courte durée de quelques mois à 2 ans. Présence conti...",514 526-3811,contact@sidalys.org,sidalys.org,Grand Montréal,"personnes de 18 ans et plus vivant avec une infection transmise sexuellement ou par le sang, priorité aux personnes vivant avec le VIH",grand_montreal,soutien_vulnerabilite,logement,non
école lucien-guilbault,"3165, rue de Louvain Est Villeray—Saint-Michel—Parc-Extension Montréal QC H1Z 1J7","École primaire et secondaire spécialisée pour élèves avec des difficultés graves d'apprentissages. Enseignement personnalisé en étroite collaboration entre le personnel enseignant et orthopédagogue, o...",514 334-2189,info@lucien-guilbault.ca,lucien-guilbault.ca,Grand Montréal,jeunes de 6 à 21 ans ayant des difficultés graves d'apprentissage,grand_montreal,education_formation,,non
auberge du coeur le tournant,"1775, rue Wolfe Ville-Marie Montréal QC H2L 3J9","Hébergement d'urgence jusqu'à 6 mois incluant les repas. Évaluation des besoins et plan de séjour, soutien et accompagnement dans les démarches. Information, orientation et référence. Services d'appre...",514 523-2157,tournant@aubergeletournant.org,www.aubergeletournant.org,Grand Montréal,"jeunes volontaires âgé·e·s de 17 ans et 10 mois à 29 ans s'identifiant au genre masculin, en situation de vulnérabilité et à risque d'itinérance",grand_montreal,soutien_vulnerabilite,logement,non
sida bénévoles montréal,"3660, rue Calixa-Lavallee Le Plateau-Mont-Royal Montréal QC H2L 3A8",Centre de ressources pour personnes vivant avec le VIH-SIDA ou l'hépatite C.Soutien Gestion de cas: orientation et référence. Groupes de soutien coanimés par un·e membre et un·e intervenant·e. Groupes...,514 527-0928,info@accmontreal.org,accmontreal.org/fr,Grand Montréal,"personnes de tout âge vivant avec le VIH ou l'hépatite C, leurs proches, partenaires et ami·e·s, jeunes à risque, hommes ayant des relations sexuelles avec d'autres hommes (HARSAH)",grand_montreal,sante,soutien_vulnerabilite,non
atelier des lettres en alphabétisation,"1710, rue Beaudry, local 3.9 Ville-Marie Montréal QC H2L 3E7","Ateliers de lecture et d'écriture, de calcul, d'informatique. Activités et projets. Prise de parole publique. Journal de participants. Réunions. Vie associative: fêtes, dîners communautaires, cuisine ...",514 524-0507,latelierdeslettres@outlook.com,www.atelierdeslettres.org,île de Montréal,personne de 18 ans et plus,montreal,education_formation,developpement_communautaire,non
sentier urbain,"1710, rue Beaudry, bureau 3.0 Ville-Marie Montréal QC H2L 3E7",Promotion du verdissement social. École de la forêt. Affiliation sociale. Circuit jardins. Centre d'interprétation Becs et Jardins. Agriculture urbaine.,514 521-9292,info@sentierurbain.org,www.sentierurbain.org,île de Montréal,"résident·e·s de Montréal, personnes en situation d'itinérance, bénéficiaires d'organismes communautaires, écoles, CPE, camps de jour, hôpitaux",montreal,environnement,developpement_communautaire,oui
conseil pour la protection des malades,"3565, rue Berri, bureau 230 Le Plateau-Mont-Royal Montréal QC H2L 4G3","Promotion et défense des droits des usager·ère·s du réseau de la santé et des services sociaux. Service téléphonique d'information sur les droits des usager·ère·s. Services-conseils. Conférence, forma...",1 877 276-2433,info@cpm.qc.ca,cpm.qc.ca,le Québec,usager·ère·s du réseau de la santé et des services sociaux,provincial,defense_droits,sante,non
association d'entraide le chaînon - maison yvonne-maisonneuve,"4194, rue De Bullion Le Plateau-Mont-Royal Montréal QC H2W 2E5","Maison d'hébergement à long terme pour femmes. Accompagnement personnalisé, intervention, soutien adapté. Repas, aide à la gestion des médicaments, activités, espaces communautaires.",514 845-0151,secretariat@lechainon.org,lechainon.org,Grand Montréal,femmes de 55 ans et plus,grand_montreal,soutien_vulnerabilite,logement,non
relais des jeunes familles (le) - hébergement 9335,"9335, boulevard Pie-IX, appartement 1 Villeray—Saint-Michel—Parc-Extension Montréal QC H1Z 3W5","Appartements supervisés pour jeunes parents. Séjour de trois ans. Soutien à l'acquisition de l'autonomie. Insertion sociale, scolaire et professionnelle.",514 326-0784,intervenants@relaisdesjeunesfamilles.org,,île de Montréal,parents de 16 à 25 ans et leurs enfants,montreal,developpement_enfants_familles,logement,non
association des familles de personnes assassinées ou disparues,"3001, rue de Louvain Est Villeray—Saint-Michel—Parc-Extension Montréal QC H1Z 1J7","Rencontre des nouveaux membres et remise d'une trousse d'information. Groupe de soutien, déjeuners-causeries, rencontres et suivis individuels à travers le Québec. Conférences et ateliers s",1 877 484-0404,administration@afpad.ca,afpad.ca,le Québec,familles de personnes assassinées ou disparues à cause d'un crime,provincial,soutien_vulnerabilite,defense_droits,non
société québécoise de la schizophrénie,"7401, rue Hochelaga Mercier—Hochelaga-Maisonneuve Montréal QC H1N 3M5","Soutien Accueil, écoute et référence par des conseiller·ière·s et des personnes paires aidantes. Soutien psychosocial. Groupes d'entraide mensuels avec animateur·trice. Activités sociales et de répit:...",1 866 888-2323,info@schizophrenie.qc.ca,www.schizophrenie.qc.ca,le Québec,"personne atteinte de schizophrénie ou psychose apparentée, leur famille, membre de l'entourage ou un·e ami·e de la cause, spécialiste, organisme et entreprise, conférences: toustes",provincial,sante,soutien_vulnerabilite,non
petites-mains,"7595, boulevard Saint-Laurent Villeray—Saint-Michel—Parc-Extension Montréal QC H2R 1W9","Entreprise d'insertion. Cours de français à temps partiel. Formations socioprofessionnelles rémunérées à temps plein de six mois en couture industrielle, en restauration et en bureautique. Programme d...",514 738-8989,info@petitesmains.com,petitesmains.com,île de Montréal,"formations: femmes immigrantes ou demandeuses d'asile, sans travail, monoparentales, prestataires de l'aide sociale ou du chômage, programme d'intégration: femmes immigrantes ayant un statut accepté, cours de français: immigrant·e·s et demandeur·euse·s d'asile",montreal,emploi,education_formation,non
mission old brewery - pavillon patricia mackenzie - programme de réaffiliation en itinérance et santé mentale,"1301, boulevard De Maisonneuve Est Ville-Marie Montréal QC H2L 2A4",Suivi et hébergement avec repas pour la stabilisation des personnes ayant un problème en santé mentale et d'itinérance. Suivi par des professi,514 526-6446 poste 506,info@oldbrewerymission.ca,www.missionoldbrewery.ca,île de Montréal,femmes en situation d'itinérance vivant avec des problèmes de santé mentale sévères et persistants,montreal,sante,soutien_vulnerabilite,non
mission old brewery - pavillon patricia mackenzie,"1301, boulevard De Maisonneuve Est Ville-Marie Montréal QC H2L 2A4",Hébergement d'urgence dont la durée est basée sur les démarches et besoins de la personne. Accompagnement psychosocial vers une stabilité résidentielle. Les Colocs du PMP: hébergement de transition à ...,514 526-6446,intervention-pmp@missionoldbrewery.ca,www.missionoldbrewery.ca,Grand Montréal,"toute personne s'identifiant comme femme, âgée de 18 ans et plus, en situation d'itinérance ou de précarité et désirant s'impliquer dans des démarches visant une stabilité résidentielle",grand_montreal,soutien_vulnerabilite,logement,non
mission old brewery - pavillon patricia mackenzie - les colocs du pmp,"1301, boulevard De Maisonneuve Est, 4e étage Ville-Marie Montréal QC H2L 2A4","Logement de dernière étape pour les femmes ayant déjà utilisé les services de l'organisme. Chambre individuelle ou semi-privée. Cusine, salon, salle de lavage et salle de bain partagé",514 526-6446,intervention-pmp@missionoldbrewery.ca,www.missionoldbrewery.ca,Grand Montréal,"toute personne s'identifiant comme femme, âgée de 18 ans et plus, en situation d'itinérance ou de précarité",grand_montreal,logement,soutien_vulnerabilite,non
zoothérapie québec,"7779, avenue Casgrain Villeray—Saint-Michel—Parc-Extension Montréal QC H2R 1Z2",Intervention individuelle ou de groupe à l'aide d'animaux familiers. Fudge à l'école: éducation et prévention des morsures. Consultation et évaluation des besoins. Supervision institutionnelle et priv...,514 279-4747,info@zootherapiequebec.ca,zootherapiequebec.ca,Grand Montréal,"enfants, jeunes, adultes et personnes aînées vivant avec un handicap social, physique, psychologique ou intellectuel",grand_montreal,sante,developpement_enfants_familles,non
centre de jour st-james,"1442, rue Panet Ville-Marie Montréal QC H2L 2Z1","Centre de jour: lieu de socialisation, accès à une ligne téléphonique, activités ludiques et artistiques. Service d'échange de vêtements, douche et repas. Services psychosociaux, accompagnement dans l...",514 288-0039,info@stjamescentre.ca,stjamescentre.ca/fr,Grand Montréal,"personnes sans-abri vivant avec des problèmes de santé mentale, personnes marginalisées ou vulnérables",grand_montreal,soutien_vulnerabilite,sante,non
halte-répit de nuit - auberge du coeur le tournant,"1750, rue Atateken Ville-Marie Montréal QC H2L 3L6",Halte-chaleur pour jeunes adultes s'identifiant au genre masculin. Repas et collations. Produits d'hygiène personnelle. Accès à une douche. Accès à une buanderie. Accès à un casier et à un entreposag,514 523-2157,tournant@aubergeletournant.org,www.aubergeletournant.org,Grand Montréal,personnes de 18 à 29 ans s'identifiant au genre masculin,grand_montreal,soutien_vulnerabilite,logement,non
agir en amont,"1750, rue Atateken Ville-Marie Montréal QC H2L 3L6","Hébergement supervisé pour jeunes adultes s'identifiant au genre masculin, en situation de vulnérabilité et à risque d'itinérance. Durée maximale de 3 ans. Soutien communautaire adapté à la réalité pe...",514 523-2157,tournant@aubergeletournant.org,www.aubergeletournant.org/projet-agir-en-amont,Grand Montréal,"personnes de 17 ans et 10 mois à 21 ans s'identifiant au genre masculin, à risque d'itinérance et être issu ou ayant vécu dans un centre jeunesse ou avoir un historique avec les centres jeunesse",grand_montreal,soutien_vulnerabilite,logement,non
centre de soir denise-massé,"1713, rue Atateken Ville-Marie Montréal QC H2L 3L4","Lieu d'accueil et de réinsertion sociale en santé mentale. Accueil, écoute active, référence, soutien individuel et de groupe. Soutien et accompagnement des personnes participant à des programmes d'em...",514 525-8059,direction@denise-masse.org,www.denise-masse.org,"île de Montréal et les environs, soutien pour les personnes vivant avec un trouble d'accumulation compulsive: Côte-des-Neiges-Notre-Dame-de-Grâce, Le Plateau-Mont-Royal, Mercier-Hochelaga-Maisonneuve, Mont-Royal, Outremont, Rosemont-La-Petite-Patrie, Sud-Ouest, Ville-Marie, Villeray-St-Michel-Parc-Extension et Westmount","adultes vivant avec des problèmes de santé mentale, de désorganisation sociale ou d'instabilité résidentielle",local,sante,soutien_vulnerabilite,non
association canadienne pour la santé mentale - filiale de montréal,"55, avenue Mont-Royal Ouest, bureau 605 Le Plateau-Mont-Royal Montréal QC H2T 2S6","Promotion et prévention en santé mentale. Information et sensibilisation. Conférence La santé mental démystifiée: conférences interactives offertes dans vos milieux de vie (travail, cent",514 521-4993,info@acsmmontreal.qc.ca,acsmmontreal.qc.ca,Grand Montréal,"organismes, entrepreneurs, gestionnaires, entreprises privées, écoles oeuvrant auprès des jeunes, personnes aînées et personnes seules",grand_montreal,sante,education_formation,non
association canadienne pour la santé mentale - division du québec,"55, avenue Mont-Royal Ouest, bureau 603 Le Plateau-Mont-Royal Montréal QC H2T 2S6",Promotion et prévention en santé mentale. Information générale sur les maladies mentales. Programme d'autosoins avec accompagnement Retrouver son entrain: retrouversonentrainqc.ca Évaluez,1 844 657-2106,info@acsm.qc.ca,quebec.acsm.ca,le Québec,personnes de 14 ans et plus,provincial,sante,,non
fondation jeunes en tête,"55, avenue du Mont-Royal Ouest, bureau 804 Le Plateau-Mont-Royal Montréal QC H2T 2S6",Atelier La Base de sensibilisation à la santé mentale destiné aux élèves de 11 à 13 ans. Solidaires pour la santé mentale: programme de prévention et de sensibilisation à la dépression chez les adoles...,514 529-1000,info@fondationjeunesentete.org,fondationjeunesentete.org,le Québec,"jeunes de 11 à 18 ans, leur famille et entourage, enseignant·e·s au secondaire et personnel scolaire",provincial,sante,developpement_enfants_familles,non
communauté togolaise au canada,"3621, rue Saint-Denis Le Plateau-Mont-Royal Montréal QC H2X 3L6","Assistance aux nouveaux arrivants: accueil et orientation, aide pour les démarches d'immigration, aide pour trouver un hébergement temporaire. Intégration professionnelle: orientation professionnelle ...",438 804-4372,communications@ctcanada.org,ctcanada.org,le Québec,communauté togolaise,provincial,autres_missions_sociales,soutien_vulnerabilite,non
racine croisée - banque alimentaire,"13, ruelle de la Providence Ville-Marie Montréal QC H2L 4E9",Banque alimentaire.,514 225-3448,info@racinecroisee.ca,bienfaisance.racinecroisee.ca,île de Montréal,personnes en situation de précarité,montreal,bien_etre_alimentaire,soutien_vulnerabilite,non
dans la rue,"533, rue Ontario Est, bureau 450 Ville-Marie Montréal QC H2L 1N8",Accompagnement des jeunes en difficulté. La Roulotte: travail de rue. Chez Pops: centre de jour. Le Bunker: refuge d'urgence. Logements sociaux avec soutien communautaire pour membres. Services à la f...,1 888 520-7677,info@danslarue.org,danslarue.org,île de Montréal,"personnes de 25 ans et moins en difficulté, logements sociaux et services à la famille: seulement les personnes fréquentant déjà l'organisme",montreal,soutien_vulnerabilite,developpement_enfants_familles,non
association des groupes de ressources techniques du québec,"533, rue Ontario Est, bureau 340 Ville-Marie Montréal QC H2L 1N8",Recherche et partage d'une expertise alternative sur les questions de développement de projets d'habitation coopératifs ou sans but lucratif par les ménages à faible et modeste revenu. Coalition,1 888 849-8547,agrtq@agrtq.qc.ca,agrtq.qc.ca,le Québec,"groupes de ressources techniques, leurs locataires",provincial,logement,developpement_communautaire,non
société de développement social,"533, rue Ontario Est, bureau 200 Ville-Marie Montréal QC H2L 1N8",Intermédiaire entre le monde des affaires et le milieu communautaire afin d'aider les entreprises et les institutions à réaliser leur engagement social lors de projets reliés à l'itinérance et l'exclu...,514 312-7344,info@courtier.social,sds.social,île de Montréal,"refuges et autres organismes sans but lucratif aidant les personnes sans-abris ou en situation de précarité, citoyen·ne·s, commerçant·e·s, institutions",montreal,developpement_communautaire,soutien_vulnerabilite,non
entraide grands brûlés,"1745, rue Saint-Hubert Ville-Marie Montréal QC H2L 3Z1",Jumelage patient·e·s-ressources réunissant un·e grand·e brûlé·e récent·e et un·e bénévole ayant survécu à cette épreuve. Interventions individuelles. Camp d'été d'une semaine pour enfants de 7 à 17 an...,514 527-7555,dg@entraidegb.org,www.entraidegb.org,"Ouest du Québec, jusqu'à Trois-Rivières","enfants et adultes victimes de brûlures graves ainsi que leurs proches, en période d'hospitalisation ou au retour dans leur milieu de vie",provincial,sante,soutien_vulnerabilite,non
pas de la rue (le) - centre de débordement,"1155, rue Alexandre-Desève Ville-Marie Montréal QC H2L 2T7",Intervention de proximité. Repas. Accompagnement psychosocial. Activités. Quelques lits et fauteuils pour se reposer.,514 526-1699,coordo@pasdelarue.org,pasdelarue.org,Grand Montréal,personnes de 55 ans et plus en situation d'itinérance ou à risque de le devenir,grand_montreal,soutien_vulnerabilite,bien_etre_alimentaire,non
association d'entraide le chaînon,"4373, avenue de l'Esplanade Le Plateau-Mont-Royal Montréal QC H2W 1T2","Maison d'hébergement temporaire. Écoute et référence, hébergement, soutien à l'orientation des démarches, relation d'aide. Types d'hébergement temporaire: service d'hébergement d'urgence (3 nuits), un...",514 845-0151,secretariat@lechainon.org,lechainon.org,Grand Montréal,femmes de 18 ans et plus en difficulté,grand_montreal,soutien_vulnerabilite,logement,non
groupe d'aide et d'information sur le harcèlement sexuel au travail,"7245, rue Alexandra, local 305 Villeray—Saint-Michel—Parc-Extension Montréal QC H2R 2Y9","Traitement des dossiers: aide technique et morale, écoute, intervention, suivi à court et long terme. Sessions d'information et de sensibilisation. Formation pour les personnes-ressour",514 526-0789,info@gaihst.qc.ca,gaihst.qc.ca,"le Québec, services en personne: Grand Montréal",personnes ayant vécu du harcèlement sexuel ou psychologique au travail,grand_montreal,defense_droits,soutien_vulnerabilite,non
habitations du réseau de l'académie (les) - phase 5 - laval,"3738, avenue Laval Le Plateau-Mont-Royal Montréal QC H2X 3C9","Logement social communautaire permanent. Chambres meublées incluant câble et buanderie, réparties dans 9 logements.",514 658-8013,info@resac.org,www.resac.org,île de Montréal,personnes autonomes de 18 à 60 à faible revenu en situation d'itinérance ou à risque de le devenir,montreal,logement,soutien_vulnerabilite,oui
santropol roulant,"111, rue Roy Est Le Plateau-Mont-Royal Montréal QC H2W 1M1","Popote roulante: livraison de repas nutritifs. Soupe populaire pendant la période estivale et l'automne. Collectif SantroVélo: récupération de vélo, ateliers de mise au point de vélo. Autres activités...",514 284-9335,info@santropolroulant.org,santropolroulant.org,"popote roulante: appeler l'organisme ou consulter le site web pour la carte des quartiers desservis, autres services: île de Montréal","grand public, personnes désireuses de s'impliquer bénévolement, popote roulante: personnes en perte d'autonomie et isolées socialement, personnes en situation de précarité",montreal,bien_etre_alimentaire,developpement_communautaire,non
association québécoise pour la promotion de la santé des personnes utilisatrices de drogues,"1555, boulevard René-Lévesque Est Ville-Marie Montréal QC H2L 4L2",Sensibilisation de la population et des instances institutionnelles et communautaires sur les moyens d'améliorer les conditions de vie des personnes utilisatric,514 904-1241,info@aqpsud.org,aqpsud.org,"le Québec, rassemblement pour la Journée Internationale pour la Sensibilisation aux Surdoses: Parc Émilie-Gamelin","personnes utilisatrices de drogues, rassemblement pour la Journée Internationale pour la Sensibilisation aux Surdoses: grand public",provincial,sante,soutien_vulnerabilite,non
groupe information travail,"1585, boulevard René-Lévesque Est Ville-Marie Montréal QC H2L 4L2",Accompagnement de personnes en situation d'exclusion sociale et professionnelle. Formations. Expériences de travail adaptées et rémunérées.,514 526-1651,git@groupeinfotravail.ca,www.groupeinfotravail.ca,Grand Montréal,personnes de 16 à 65 ans en situation d'exclusion sociale et professionnelle,grand_montreal,emploi,soutien_vulnerabilite,non
arborescence,"1260, rue Sainte-Catherine Est, bureau 208 Ville-Marie Montréal QC H2L 2H2","Soutien aux proches des personnes vivant avec un trouble de santé mentale. Ligne d'écoute et de références. Groupes de soutien. Rencontres individuelles, de couple et familiales. Conférences et atelie...",514 524-7131,accueil@arborescence.quebec,www.arborescence.quebec,île de Montréal,"parents, ami·e·s, personnes proches aidantes et proches des adultes vivant avec un problème de santé mentale, dans les différentes sphères de leur vie (professionnelle et personnelle)",montreal,sante,soutien_vulnerabilite,non
association des travailleurs et travailleuses de rue du québec (l'),"8105 avenue de Gaspé, bureau 200 Villeray—Saint-Michel—Parc-Extension Montréal QC H2P 2J9","Promotion, développement et reconnaissance de la pratique du travail de rue. Lieu d'échange et de rencontre. Défense des droits et des intérêts. Soutien. Collaboration avec d'autres org",514 575-0300,info@attrueq.ca,attrueq.ca,le Québec,travailleur·euse·s de rue,provincial,defense_droits,soutien_vulnerabilite,non
clinique médicale l'actuel,"1001, boulevard De Maisonneuve Est, bureau 1130 Ville-Marie Montréal QC H2L 4P9",Services de santé généraux et spécialisés ITSS. Médecine générale. Clinique PPE: prophylaxie post-exposition au VIH. Dépistage du VIH avec résultats rapides (10 minutes). Prise en charge rapide de tou...,514 524-1001,info@lactuel.ca,cliniquelactuel.com,"Grand Montréal, île de Montréal principalement","hommes et femmes à risque d'ITSS, utilisateur·ice·s de drogues injectables (UDI), travailleur·euse·s du sexe, personnes LGBTQ+, médecine générale: ouvert à toustes, en particulier aux personnes vulnérables",grand_montreal,sante,soutien_vulnerabilite,non
alterhéros,"1575, rue Atateken Ville-Marie Montréal QC H2L 3L4","Programme Pose ta question: soutien confidentiel en ligne relié à l'orientation sexuelle, l'identité de genre, l'expression de genre, la sexualité, les relations amoureuses ou la neurodiversité. Progr...",,info@alterheros.com,alterheros.com,le Québec,"personnes de la communauté LGBTQ+, jeunes, familles, programme Neuro/Diversités: personnes neurodivergentes de la communauté LGBTQ+ de 14 à 30 ans (trouble du spectre de l'autisme, trouble du déficit de l'attention avec ou sans hyperactivité, etc.)",provincial,soutien_vulnerabilite,sante,non
jeunesse lambda,"1575, rue Atateken Ville-Marie Montréal QC H2L 3L4",Groupe bilingue de discussion et d'activités par et pour jeunes 2SLGBTQIA+. Services d'accessibilité aux articles d'affirmation de genre. Assermentation pour les demandes de changements de nom et de m...,514 543-6343,info@jeunesselambda.com,www.jeunesselambda.com,île de Montréal,personnes 2SLGBTQIA+ de 14 à 30 ans,montreal,soutien_vulnerabilite,defense_droits,non
étape (l'),"1001, boulevard De Maisonneuve Est, bureau 527 Ville-Marie Montréal QC H2L 4P9",Services d'intégration et de maintien en emploi pour les personnes en situation de handicap.,514 526-0887,letape@letape.org,letape.org,"île de Montréal, Laval","personnes vivant avec une déficience physique, auditive ou intellectuelle, personnes autistes",grand_montreal,emploi,soutien_vulnerabilite,non
juritrans - clinique de transition légale,"1575, rue Atateken Ville-Marie Montréal QC H2L 3L4","Clinique mobile sans rendez-vous facilitant l'accès aux procédures de changement de nom ou de la mention du sexe. Aide pour remplir une demande de changement de nom ou de sexe: information juridique, ...",,celeste@juritrans.ca,juritrans.ca/qc/fr,le Québec,personnes trans,provincial,defense_droits,soutien_vulnerabilite,non
dystrophie musculaire canada - division du québec,"1001, rue de Maisonneuve Est, bureau 304 Ville-Marie Montréal QC H2L 4P9","Soutien, information et documentation. Programme de navigation des systèmes. Aide financière de dernier recours pour les équipements ou tout autre besoin relié au diagnostic. Financement de la recherc...",1 800 567-2873,info@muscle.ca,muscle.ca/fr,le Québec,"personnes avec une maladie neuromusculaire, leur famille et proches aidant·e·s, professionnel·le·s de la santé, chercheur·euse·s, éducateur·ice·s",provincial,sante,soutien_vulnerabilite,non
programme d'aide aux sinistrés,"6700, avenue du Parc Rosemont—La Petite-Patrie Montréal QC H2V 4H9",Don de nourriture. Don de vêtements neufs. Coupons de nourriture et de restaurants. Don de billets d'autobus. Coupons de taxi. Paniers de Noël. Don de fournitures scolaires.,514 842-6822,communications@jas-sy.org,sunyouth.org/fr/aide-aux-sinistres,Grand Montréal,personnes victimes de sinistres en tout genre,grand_montreal,soutien_vulnerabilite,bien_etre_alimentaire,non
jeunesse au soleil,"6700, avenue du Parc Rosemont—La Petite-Patrie Montréal QC H2V 4H9",Alimentation Dépannage alimentaire: aide ponctuelle avec possibilité de livraison à domicile. Supplément alimentaire: dépannage alimentaire mensuel avec possibilité de livraison à domicile. Paniers de...,514 842-6822,info@jas-sy.org,sunyouth.org/fr,"Grand Montréal, livraison d'aide alimentaire: île de Montréal","aide alimentaire et matérielle: personnes à faible revenu, livraison de nourriture à domicile: personnes à faible revenu avec problèmes d'autonomie temporaire ou permanente ou à mobilité réduite",grand_montreal,bien_etre_alimentaire,soutien_vulnerabilite,non
société saint-vincent de paul - santa-cruz,"60, rue Rachel Ouest Le Plateau-Mont-Royal Montréal QC H2W 1G3",Distribution de bons d'achat de nourriture. Paniers de Noël et de Pâques.,514 844-1011,missionsantacruz@hotmail.com,,île de Montréal,personnes à faible revenu d'origine portugaise,montreal,bien_etre_alimentaire,soutien_vulnerabilite,non
parkinson montréal-laval,"560, rue Ontario Est Ville-Marie Montréal QC H2L 0B6",Ligne téléphonique d'information et références. Rencontres pour les personnes nouvellement diagnostiquées et leur famille. Groupe d'entraide pour personnes vivant avec la maladie de Parkinson. Groupe ...,514 868-0597,montreal-laval@parkinsonquebec.ca,parkinsonmontreallaval.ca,"île de Montréal, Laval","personnes atteintes de la maladie de Parkinson, personnes proches aidantes",grand_montreal,sante,soutien_vulnerabilite,non
dépendants affectifs et sexuels anonymes,"1341, boulevard René-Lévesque Est Ville-Marie Montréal QC H2L 2L9","Groupes d'entraide hebdomadaires de 12 étapes et 12 traditions sur la dépendance affective et sexuelle, selon le modèle établi par Alcooliques Anonymes. Liste des réunions en ligne: dasa-slaa-mtl.cbti...",,mtldasaslaa@gmail.com,dasa-slaa-mtl.cbti.net/home.html,Grand Montréal,adultes vivant avec une dépendance affective ou sexuelle,grand_montreal,soutien_vulnerabilite,sante,non
forum des citoyens aînés de montréal,"6830, avenue du Parc, bureau 204, 2e étage Villeray—Saint-Michel—Parc-Extension Montréal QC H3N 1W7","Réunions d'information, colloques. Appels amicaux et visites amicales. Aide à la recherche de logement et guide pour personnes nouvellement arrivées. Alimentation: panier familial, cuisine collective ...",514 270-8464,info@fcam.ca,,île de Montréal,"personnes de 55 ans et plus, aide à la recherche de logement: personnes nouvellement arrivées de 55 ans et plus",montreal,sante,bien_etre_alimentaire,non
association canado-péruvienne,"6830, avenue du Parc, bureau 352 Villeray—Saint-Michel—Parc-Extension Montréal QC H3N 1W7","Aide à l'intégration pour personnes nouvellement arrivées. Assermentation de documents. Orientation professionnelle. Information et développement économique entre le Pérou et le Québec: réseautage, at...",514 554-1272,apc.peru@yahoo.com,apc-canada.com,Grand Montréal et les environs,grand public,grand_montreal,autres_missions_sociales,emploi,non
réseau québécois pour l'inclusion sociale des personnes sourdes et malentendantes,"6830 avenue du Parc, bureau 102 Villeray—Saint-Michel—Parc-Extension Montréal QC H3N 1W7",Organisme provincial de défense des droits des personnes sourdes et malentendantes au Québec.? Sensibilisation. Information.? Formations.,514 278-8703,administration@reqis.org,www.reqis.org,le Québec,"personnes sourdes et malentendantes, les proches vivant avec elles, instances publiques et gouvernementales, associations, organismes, groupes de recherche ou toute autre organisation ayant un mandat lié à la surdité",provincial,defense_droits,sante,non
association canado-péruvienne - clinique d'impôts,"6830, avenue du Parc, bureau 352 Villeray—Saint-Michel—Parc-Extension Montréal QC H3N 1W7",Clinique d'impôts à l'année et à distance: par dépôt de documents ou par Poste Canada.,514 554-1272,apc.peru@yahoo.com,apc-canada.com,Grand Montréal,"grand public, clinique d'impôt par téléphone: personnes aînées, personnes handicapées",grand_montreal,autres_missions_sociales,soutien_vulnerabilite,non
premier arrêt - ymca centre-ville,"1717, rue Berri Ville-Marie Montréal QC H2L 4E9","Service assuré par l'équipe d'intervention de première ligne de Dialogue. Programme d'aide à l'itinérance, avec des travailleur·euse·s de rue qualifié·e·s en accompagnement et soutien des personnes vu...",514 849-8062 poste 21775,premier.arret@ymcaquebec.org,www.ymcaquebec.org/fr/programmes-communautaires/prevention-de-l-exclusion/ymca-aide-a-l-itinerance-premier-arret,île de Montréal,"personnes vulnérables nouvellement arrivées à Montréal ou nouvellement en situation d'itinérance, personnes à risque d'itinérance",montreal,soutien_vulnerabilite,,non
association québécoise de la dégénérescence maculaire,"400, avenue Laurier Ouest, bureau 403 Le Plateau-Mont-Royal Montréal QC H2V 2K7","Regroupement des personnes vivant avec une dégénérescence maculaire. Réseau d'entraide téléphonique. Information et références vers les ressources médicales, technologiques et socioculturelles exista",1 866 867-9389,info@aqdm.org,aqdm.org,le Québec,"personnes vivant avec une dégénérescence maculaire, leurs proches, professionnel·le·s de la santé, grand public",provincial,sante,soutien_vulnerabilite,non
centre afrika,"1644, rue Saint-Hubert, sous-sol Ville-Marie Montréal QC H2L 3Z3",Intégration de la culture africaine dans les réalités montréalaise et québécoise. Accueil et accompagnement des nouvelles personnes arrivantes d'origine africaine et autres. Soutien pour le développem...,514 843-4019,info@centreafrika.com,,île de Montréal,"personnes de tout origine, personnes intéressées à mieux connaître l'Afrique",montreal,autres_missions_sociales,arts_culture_medias,oui
maison st-jacques,"1629, rue Saint-Hubert Ville-Marie Montréal QC H2L 3Z1",Ressource alternative de traitement spécialisé en santé mentale. Psychothérapie de groupe.,514 526-4132,info@maisonstjacques.com,maisonstjacques.com,Grand Montréal,"adultes de 18 à 50 ans vivant avec des problèmes de santé mentale, une souffrance émotionnelle, des troubles de la personnalité limite, des troubles anxieux (panique, agoraphobie, etc.), des troubles de l'adaptation, des troubles bipolaires ou dépressifs",grand_montreal,sante,soutien_vulnerabilite,non
maison du père (la) - réinsertion et soutien résidentiel,"1284, rue Wolfe Ville-Marie Montréal QC H2L 3J2","Hébergement à moyen, long terme ou permanent avec suivi psychosocial. Maison Wolfe: chambres privées avec séjour maximum de 5 ans pour hommes qui ont acquis une certaine autonomie suite à un progr",514 845-0168 poste 240,info@maisondupere.org,maisondupere.org,Grand Montréal,hommes de 25 ans et plus qui ont connu une situation d'itinérance ou qui sont à risque d'en connaître une,grand_montreal,soutien_vulnerabilite,logement,non
action travail des femmes du québec,"7000, avenue du Parc, bureau 400 Villeray—Saint-Michel—Parc-Extension Montréal QC H3N 1X1","Séances d'information portant sur le harcèlement en emploi, le droit et les recours, les emplois non-traditionnels et l'égalité en emploi, reconnaissance des acquis et compétences. Suivi individuel et...",514 768-7233,actionf@atfquebec.ca,atfquebec.ca,le Québec,"femmes défavorisées socioéconomiquement, femmes immigrantes",provincial,emploi,defense_droits,non
université de montréal - clinique universitaire en orthophonie et en audiologie,"7077, avenue du Parc, rez-de-chaussée Villeray—Saint-Michel—Parc-Extension Montréal QC H3N 1X7","Évaluations et interventions réalisées par les étudiant·e·s de l'École d'orthophonie et d'audiologie, sous la supervision de clinicien·ne·s ou de professeur·e·s membres de l",514 343-6789 poste 0,clinique@eoa.umontreal.ca,eoa.umontreal.ca/clinique-universitaire-en-orthophonie-et-en-audiologie,Grand Montréal,"enfants, adolescent·e·s et adultes ayant des difficultés de langage ou d'audition",grand_montreal,sante,,non
association québécoise pour l'équité et l'inclusion au postsecondaire (l'),"7000, avenue du Parc, bureau 407 Villeray—Saint-Michel—Parc-Extension Montréal QC H3N 1X1","Défense collective des droits et promotion des intérêts des personnes étudiantes en situation de handicap. Information aux membres, aux parents et aux personnes-ressources du do",1 866 959-9451,info@aqeips.org,aqeips.org,le Québec,"étudiant·e·s vivant avec un handicap au postsecondaire, personnel enseignant et conseiller·ère·s",provincial,defense_droits,education_formation,non
association québécoise de l'épilepsie,"7000, avenue du Parc, bureau 304 Villeray—Saint-Michel—Parc-Extension Montréal QC H3N 1X1",Soutien aux organismes de bénévoles pouvant aider les personnes épileptiques. Soutien aux communications et à la documentation écrite concernant l'épilepsie. Sensibilisation du public par la diffusion...,1 833 875-5595,info@aqepilepsie.org,www.associationquebecoiseepilepsie.com,le Québec,"personnes avec l'épilepsie, leurs proches, organismes communautaires",provincial,sante,soutien_vulnerabilite,non
union des consommateurs,"7000, avenue du Parc, bureau 201 Villeray—Saint-Michel—Parc-Extension Montréal QC H3N 1X1","Défense collective des droits. Représentation des intérêts des consommateur·trice·s auprès de diverses instances politiques, réglementaires ou judiciaires. Recherche, actions et représentations sur le...",,info@uniondesconsommateurs.ca,uniondesconsommateurs.ca,le Québec,"organismes membres, consommateur·trice·s",provincial,defense_droits,,non
"institut national pour l'équité, l'égalité et l'inclusion des personnes en situation de handicap (inééi-psh)","7000, avenue du Parc, bureau 407 Villeray—Saint-Michel—Parc-Extension Montréal QC H3N 1X1",Organisme visant l'élimination de toute forme de violence et de discrimination faites aux personnes en situation de handicap. Promotion de l'équ,514 905-1039,info@ineeipsh.org,ineeipsh.org,le Québec,"personnes vivant avec des déficiences, des limitations, des incapacités multiples ou des défis de santé mentale et leurs familles",provincial,defense_droits,sante,non
centre génération emploi,"7000, avenue du Parc, bureau 414, 4e étage Villeray—Saint-Michel—Parc-Extension Montréal QC H3N 1X1",Intégration en emploi. Projet de préparation à l'emploi pour personnes immigrantes ou de minorités racisées visant le rehaussement des compétences en recherche d'emploi (bien-être psychologique et phy...,514 948-0000,info@generationemploi.org,www.generationemploi.org,île de Montréal,"personnes de 16 ans et plus, entreprises, service d'aide à l'emploi et soutien à l'intégration au travail",montreal,emploi,autres_missions_sociales,non
réseau d'action pour l'égalité des femmes immigrées et racisées du québec,"7000, avenue du Parc, local 306 Villeray—Saint-Michel—Parc-Extension Montréal QC H3N 1X1",Organisme de défense des droits des femmes immigrantes. Émancipation et autodétermination. Favoriser la concertation entre les femmes immigrantes. Encourager la recherche et la re,514 849-3956,accueil@rafiq.ca,rafiq.ca,le Québec,"femmes immigrantes, femmes racisées, femmes en situation de difficulté",provincial,defense_droits,soutien_vulnerabilite,non
alliance des communautés culturelles pour l'égalité dans la santé et les services sociaux,"7000, avenue du Parc, bureau 408 Villeray—Saint-Michel—Parc-Extension Montréal QC H3N 1X1",Coalition d'organismes communautaires oeuvrant auprès des personnes des communautés culturelles dans le domaine de la santé et des services sociaux. Promotion de l,514 287-1106,accesss@accesss.net,accesss.net/fr,le Québec,organismes communautaires desservant les communautés culturelles,provincial,sante,defense_droits,non
association de spina-bifida et d'hydrocéphalie du québec,"7000, avenue du Parc, bureau 312 Villeray—Saint-Michel—Parc-Extension Montréal QC H3N 1X1","Favoriser, promouvoir et défendre les droits, les intérêts et le bien-être des personnes vivant avec le spina-bifida et l'hydrocéphalie. Documentation: services de consultation et de références,",1 800 567-1788,info@spina.qc.ca,www.spina.qc.ca,le Québec,"personnes vivant avec le spina-bifida ou l'hydrocéphalie, leurs parents, associations et individus intéressés",provincial,sante,defense_droits,non
conseil d'intervention pour l'accès des femmes au travail,"7000 avenue du Parc, bureau 314 Villeray—Saint-Michel—Parc-Extension Montréal QC H3N 1X1",Défense des droits des femmes au travail. Ligne Femmes Métiers Avenir: accompagnement et référence pour aider au choix de carrière ou de métier. Ligne Femmes Équité Salaire: soutien en équité sal,514 954-0220,info@ciaft.qc.ca,ciaft.qc.ca,le Québec,"femmes, groupes de femmes",provincial,defense_droits,emploi,non
association des intervenants en dépendance du québec,"7000, avenue du Parc, bureau 214 Villeray—Saint-Michel—Parc-Extension Montréal QC H3N 1X1","Réseau provincial visant au soutien et à l'évolution des pratiques d'interventions liées à la dépendance. Soutien à l'intervention dans la prévention, la réduction des méfaits, le traitement et la réi",514 287-9625,info@aidq.org,www.aidq.org/fr,le Québec,personnes intervenantes de tous les milieux intéressées au domaine des dépendances au Québec,provincial,sante,soutien_vulnerabilite,non
confédération des organismes de personnes handicapées du québec,"7000, avenue du Parc, bureau 414-C Villeray—Saint-Michel—Parc-Extension Montréal QC H3N 1X1",Diffusion d'informations. Défense des droits et promotion des intérêts. Espace de réseautage et de débats entre les organisations. Représentation politique.,514 284-0155,laurie.rodamel@cophan.org,cophan.org,le Québec,organismes regroupant des personnes ayant tout type de limitations fonctionnelles et leurs proches,provincial,defense_droits,sante,non
afrique au féminin,"7000, avenue du Parc, bureau 106-108 Villeray—Saint-Michel—Parc-Extension Montréal QC H3N 1X1","Amélioration des conditions de vie des femmes immigrantes. Accueil, information, référence et écoute. Halte-garderie pour les enfants de 2 à 5 ans. Intervention psychosociale. Ateliers de conversation...",514 272-3274,info@afriqueaufeminin.org,www.afriqueaufeminin.org,Grand Montréal,femmes immigrantes de toutes origines,grand_montreal,soutien_vulnerabilite,developpement_enfants_familles,non
"chez doris, la fondation du refuge pour femmes - résidence bash shetty","1569, rue Saint-André Ville-Marie Montréal QC H2L 3T5","Résidence permanente pour femmes vulnérables. Chambres privées meublées. Installations communes: cuisine, salons, terrasses extérieures). Soutien et supervision 24/7.",514 937-2341,residences@chezdoris.org,https://chezdoris.org/,île de Montréal,femmes vulnérables et en situation d'itinérance,montreal,soutien_vulnerabilite,logement,non
centre de justice des premiers peuples de montréal,"3500, avenue Laval Le Plateau-Mont-Royal Montréal QC H2X 3C8",Information et références. Accompagnement dans les démarches pour personnes judiciarisées. Soutien avec la réinsertion. Accompagnement dans les démarches pour victimes de crime. Alternatives communaut...,514 840-9485,admin@justicemontreal.ca,cjppm.org,île de Montréal,"Premières Nations, Métis et Inuits",montreal,defense_droits,soutien_vulnerabilite,non
table des organismes communautaires montréalais de lutte contre le sida,"2000, rue Notre-Dame Est, bureau 502 Ville-Marie Montréal QC H2K 2N3","Regroupement d'organismes communautaires travaillant en prévention du VIH et autres ITSS, en promotion de la santé et du mieux-être, en hébergement et en soutien aux personnes vivan",438 521-8609,coordo@toms-mtl.org,toms-mtl.org,île de Montréal,organismes communautaires qui ouvrent en prévention du VIH et des ITSS ou qui offrent du soutien aux personnes vivant avec le VIH,montreal,sante,soutien_vulnerabilite,non
héberjeune de parc extension,"7004, rue Hutchison, bureau 2 Villeray—Saint-Michel—Parc-Extension Montréal QC H3N 1Y6",Hébergement à moyen terme avec soutien et accompagnement. Durée de 3 mois à 1 an. Service Spécialisé Jeune: soutien aux jeunes qui se heurtent à des obstacles importants face à l'emploi. Intégra-actio...,514 273-2700,directionheberjeune@gmail.com,heberjeune.ca,"île de Montréal, priorité pour les jeunes habitant Parc-Extension","jeunes de 18 à 25 ans, ayant vécu une période de crise et prêts à entreprendre une démarche d'insertion sociale, Service Spécialisé Jeune: jeunes de 18 à 30 ans qui se heurtent à des obstacles importants face à l'emploi",montreal,soutien_vulnerabilite,emploi,non
héberjeune de parc extension - jeunes parents,"7004, rue Hutchison, bureau 2 Villeray—Saint-Michel—Parc-Extension Montréal QC H3N 1Y6",Hébergement à moyen terme avec soutien et accompagnement. Durée de 3 mois à 1 an.,514 273-2700,directionheberjeune@gmail.com,heberjeune.ca,"île de Montréal, priorité pour les jeunes habitant Parc-Extension","jeunes parents de 18 à 25 ans, ayant vécu une période de crise et prêtes à entreprendre une démarche d'insertion sociale",montreal,soutien_vulnerabilite,developpement_enfants_familles,non
aumônerie communautaire de montréal,"2857, rue de Bruxelles Mercier—Hochelaga-Maisonneuve Montréal QC H1L 6A6","Écoute, soutien et accompagnement pour les hommes ex-détenus. Centre de jour pour ex-détenus: 2857-A, rue de Bruxelles, Montréal, H1L 6A6. Réinsertion sociale et familiale. Référence.",514-978-8881,acmontreal@hotmail.com,www.aumoneriecommtl.org,Grand Montréal,"hommes ex-détenus, victimes, familles",grand_montreal,soutien_vulnerabilite,defense_droits,non
crystal meth anonyme - montréal,"1223B, rue Atateken Ville-Marie Montréal QC H2L 3K9",Soutien aux personnes aux prises avec des problèmes de consommation de méthamphétamine en cristaux (crystal meth). Groupe de discussion.,,mail@cmamtl.org,www.cmamtl.org,île de Montréal,"personnes qui veulent cesser de consommer de la méthamphétamine en cristaux (crystal meth), leurs proches",montreal,soutien_vulnerabilite,sante,non
maison st-dominique,"20, rue Guilbault Est Le Plateau-Mont-Royal Montréal QC H2X 1A1",Logement de durée indéterminée avec soutien psychosocial.,514 845-7793,msd@maisonstdominique.org,maisonstdominique.org,Grand Montréal,"adultes autonomes de 18 ans et plus à faible revenu ayant un problème de santé mentale, personnes en situation d'itinérance ayant déjà un suivi psychosocial (référence des services sociaux non nécessaire)",grand_montreal,logement,sante,non
bureau d'aide juridique - droit criminel et pénal et droit de la santé - montréal,"800, boulevard De Maisonneuve Est, bureau 900 Ville-Marie Montréal QC H2L 4M7","Bureau d'aide juridique en droit criminel et pénal et droit de la santé. Consultation téléphonique avec un·e avocat·e, accessible 24 heures, 7 jours, lors d'une arrestatio",514 864-2111 6903,baj.criminalistes@ccjm.qc.ca,www.aidejuridiquedemontreal.ca,île de Montréal,"personnes ou organisations sans but lucratif résidant au Québec ou contrainte de rester au Québec, financièrement admissible et dont le service juridique demandé est couvert par la Loi",montreal,defense_droits,sante,non
des paroles dans le vent,"225, rue Sherbrooke Est Le Plateau-Mont-Royal Montréal QC H2X 1C9",Ateliers d'arts visuels et de danse. Spectacles et expositions. Sensibilisation et information sur l'aphasie.,514 288-8201 poste 4868,theatreaphasique@hotmail.com,theatreaphasique.org,île de Montréal,personnes aphasiques intéressées par les arts,montreal,arts_culture_medias,sante,oui
théâtre aphasique,"225, rue Sherbrooke Est Le Plateau-Mont-Royal Montréal QC H2X 1C9",Ateliers d'art dramatique. Atelier vidéo. Atelier de stimulation du langage en ligne. Atelier de lecture en ligne. Représentations théâtrales. Sensibilisation par la présentation de pièces de théâtre ...,514 288-8201 poste 4868,theatreaphasique@hotmail.com,theatreaphasique.org,Grand Montréal,personnes aphasiques,grand_montreal,arts_culture_medias,sante,oui
étoffe du succès montréal (l'),"6833, avenue de l'Épée, bureau 301 Villeray—Saint-Michel—Parc-Extension Montréal QC H3N 2C7",Soutien à l'intégration en emploi pour femmes. Programme prêt-à-porter: choix et dons de tenues professionnelles et préparation aux entrevues. Réseau femmes action: réseautage et conférences. Récupéra...,514 282-1222,info@dressforsuccessmontreal.org,dfsmontreal.org/fr,île de Montréal,femmes en démarche d'intégration sur le marché de l'emploi ayant de faibles ou aucuns moyens financiers,montreal,emploi,soutien_vulnerabilite,non
service d'intégration au marché du travail par objectifs,"6833, avenue de l'Épée, bureau 302 Villeray—Saint-Michel—Parc-Extension Montréal QC H3N 2C7",Soutien à la recherche d'emploi. Techniques et outils de recherche d'emploi. Suivi individuel jusqu'à 22 semaines à temps partiel. Accompagnement des personnes chercheuses d'emploi et des entrepri,514 277-6776,info@simo-emplois.com,simo-emplois.com,Grand Montréal,"personnes de 18 ans et plus qui sont résidentes permanentes, personnes réfugiées, personnes canadiennes issues de l'immigration récente et qui ne sont pas inscrites dans un autre service d'employabilité",grand_montreal,emploi,,non
paf rétablissement financier,"6833, avenue de l'Épée Villeray—Saint-Michel—Parc-Extension Montréal QC H3N 2C7","Fiducie: gestion des finances personnelles. Éducation et évaluation budgétaire, conseils financiers.",514 331-2929,info@paf.ca,paf.ca,île de Montréal et les environs,personnes avec un problème de dépendance et de gestion financière,montreal,soutien_vulnerabilite,education_formation,non
leucan - association pour les enfants atteints du cancer,"550, avenue Beaumont, bureau 300 Villeray—Saint-Michel—Parc-Extension Montréal QC H3N 1V1","Aide financière et financement de la recherche clinique. Programmes d'accompagnement, de soutien psychosocial et d'écoute. La Centrale 12-17: groupe d'activités pour adolescent·e·s de 12 à 17 ans",514 731-3696,info@leucan.qc.ca,www.leucan.qc.ca/fr,le Québec,"enfants et adolescent·e·s vivant avec le cancer, leur famille, parents ayant perdu un enfant atteint de cancer",provincial,sante,developpement_enfants_familles,non
centre des femmes de convictions de montréal - logements de transition,"590, boulevard Crémazie Est Ahuntsic-Cartierville Montréal QC H2M 1L9",Hébergement à court terme pour femmes adultes en situation d'itinérance. Durée de séjour de 21 nuits. Accompagnement dans les démarches.,514 381-6046,info@femmesdeconvictions.org,femmesdeconvictions.org,Montréal,femmes seules de 18 ans et plus en situation d'itinérance,montreal,soutien_vulnerabilite,logement,non
centre des femmes de convictions de montréal,"590, boulevard Crémazie Est Ahuntsic-Cartierville Montréal QC H2M 1L9","Hébergement d'urgence pour femmes adultes en situation d'itinérance. Information et références. Relation d'aide. Petit-déjeuner et souper inclus, buanderie sur place. Intervenante sur place. Soutien: ...",514 381-6046,admission@femmesdeconvictions.org,femmesdeconvictions.org,Montréal,femmes seules de 18 ans et plus en situation d'itinérance,montreal,soutien_vulnerabilite,logement,non
vilavi,"1273, rue St-André Ville-Marie Montréal QC H2L 3T1",Logement permanent et non-supervisé. Maisons de chambres et studios meublés avec accompagnement et soutien communautaire pour la stabilité résidentielle et la réinsertion sociale. Centre de traitement...,450 964-6566,info@vilavi.ca,vilavi.ca/fr,le Québec,"centre de traitement des dépendances: hommes et aux femmes adultes aux prises avec des problèmes de consommation de drogues, d'alcool et de médicaments, VILAVI-TSA: personnes autistes avec troubles graves du comportement (TGC), maisons de chambres et studios: personnes seules et autonomes de 18 ans et plus en situation d'itinérance épisodique ou chronique ou ayant de la difficulté à se loger",provincial,soutien_vulnerabilite,logement,non
bibliothèque et archives nationales du québec - service québécois du livre adapté,"475, boulevard De Maisonneuve Est Ville-Marie Montréal QC H2L 5C4","Service de prêt de livres adaptés: livres en braille, livres sonores, documents numériques et ouvrages multi-support. Postes informatiques adaptés sur place. Envoi de doc",1 866 410-0844,sqla@banq.qc.ca,sqla.banq.qc.ca,le Québec,personnes vivant avec une déficience visuelle,provincial,arts_culture_medias,sante,oui
bibliothèque et archives nationales du québec,"475, boulevard De Maisonneuve Est Ville-Marie Montréal QC H2L 5C4","Prêts et accès à des documents imprimés et audiovisuels. Espace Jeunes: bibliothèque pour familles avec enfants offrant livres, films, musiques et projets créatifs. Le Square: environnement d'apprenti...",1 800 363-9028,info@banq.qc.ca,www.banq.qc.ca,le Québec,"grand public, espace jeunes: enfants de 0 à 13 ans, le square: personnes de 12 ans et plus, services spécialisés: adolescent·e·s, gens d'affaires, nouveaux arrivants et nouvelles arrivantes, membres des communautés culturelles, personnes vivant avec une déficience visuelle",provincial,arts_culture_medias,education_formation,oui
médecins du monde canada,"560, boulevard Crémazie Est, bureau 100 Villeray—Saint-Michel—Parc-Extension Montréal QC H2P 1E8",Point de service pour l'émission de cartes d'attestation d'identité et de résidence pour personnes sans statut ou à statut précaire. Aide humanitaire médicale et paramédicale à l'étranger. Programmes ...,1 833 896-8998,info@medecinsdumonde.ca,medecinsdumonde.ca,le Québec,"population vulnérable, personnes migrantes sans couverture médicale, cartes d'attestation: personnes avec un statut de touriste ou de résident temporaire qui n'ont pas obtenu le renouvellement de leur visa de touriste, de leur permis d'études ou de leur permis de travail, et qui n'ont pas quitté le Canada, personnes dont la demande d'asile a été refusée, personnes entrées au Canada de façon irrégulière, personnes trans en attente de nouveaux documents d'identification, personnes en situation d'itinérance",provincial,sante,soutien_vulnerabilite,non
médecins du monde - interventions locales,"560, boulevard Crémazie Est Villeray—Saint-Michel—Parc-Extension Montréal QC H2P 1E8","Services médicaux mobiles pour personnes en situation d'itinérance: dépistage des ITSS, évaluation de santé, soins de plaies et infections, prescriptions pour contraception, vaccination, distribution ...",514 281-8998,info@medecinsdumonde.ca,medecinsdumonde.ca,île de Montréal,"clinique mobile: personnes en situation d'itinérance ou à risque de le devenir, travailleur·euse·s du sexe, personnes utilisatrices de drogues, jeunes de la rue, personnes autochtones en situation d'itinérance, clinique destinée aux personnes migrantes à statut précaire: personnes migrantes sans couverture médicale qui habitent au Canada et dans une précarité sociale et financière importante, soutien psychologique: intervenant·e·s des groupes communautaires partenaires de Médecins du Monde",montreal,sante,soutien_vulnerabilite,non
diabète québec - infodiabète,"3750, boulevard Crémazie Est, bureau 500 Villeray—Saint-Michel—Parc-Extension Montréal QC H2A 1B6",Services d'informations médicales. Information et référence sur le diabète offert par des professionnel·le·s de la santé. Programme de suivi du diabète en télémédecine offert aux personnes sans médeci...,1 800 361-3504 poste 1,infodiabete@diabete.qc.ca,www.diabete.qc.ca,le Québec,"professionnel·le·s de la santé, personnes vivant avec le diabète, leurs proches",provincial,sante,,non
carrefour de liaison et d'aide multiethnique,"7200, rue Hutchison, bureau 300 Villeray—Saint-Michel—Parc-Extension Montréal QC H3N 1Z2","Accueil et soutien Accueil et aide à l'établissement des personnes nouvellement arrivées. Information et référence. Soutien dans les démarches administratives, la réunification familiale, la demande d...",514 271-8207,info@leclam.ca,www.leclam.ca,Grand Montréal,"personnes nouvellement arrivées, personnes des communautés culturelles de 50 ans et moins",grand_montreal,autres_missions_sociales,soutien_vulnerabilite,non
"agir: action lesbienne, gai, bisexuelle, trans et queer (lgbtq) avec les immigrants et réfugiés","635, avenue Beaumont, 2ème étage Villeray—Saint-Michel—Parc-Extension Montréal QC H3N 1V7","Action lesbienne, gai, bisexuelle, trans et queer (LGBTQ) avec les immigrants et réfugiés : Soutien et défense des droits des nouvelles·aux migrant·e·s issu·e·s des communautés lesbienne, gaie, bisexu...",438 408-7941,info@agirmontreal.org,www.agirmontreal.org/fr/accueil,Île de Montréal,"personnes issues des communautés LGBTQIA+ avec une expérience personnelle migratoire (incluant personnes demandeuses d'asile, réfugié·e·s accepté·e·s, personnes protégées, personnes réfugiées, immigrantes, au statut non déterminé, travailleurs et travailleuses temporaires, et étudiant·es internationaux·ales), organismes et groupes fournissant des services à cette communauté",montreal,defense_droits,autres_missions_sociales,non
service d'entraide passerelle (le),"469, rue Jean-Talon Ouest, bureau 421 Villeray—Saint-Michel—Parc-Extension Montréal QC H3N 1R4",Soutien et entraide pour femmes et mères vivant une rupture. Accueil téléphonique. Information et référence. Consultation individuelle. Groupes d'entraide et de soutien thématiques. Ateliers d'informa...,514 878-3456,info@entraidepasserellle.org,www.entraidepasserelle.org,Grand Montréal,"femmes en situation de rupture amoureuse, avec ou sans enfant",grand_montreal,soutien_vulnerabilite,developpement_enfants_familles,non
table des groupes de femmes de montréal,"469, rue Jean-Talon Ouest, bureau 404 Villeray—Saint-Michel—Parc-Extension Montréal QC H3N 1R4",Concertation et formation pour groupes de femmes. Promotion et défense des droits et revendications des femmes.,514 381-3288,info@tgfm.org,www.tgfm.org/fr,île de Montréal,groupes de femmes,montreal,defense_droits,,non
ligue des droits et libertés,"469, rue Jean-Talon Ouest, bureau 105 Villeray—Saint-Michel—Parc-Extension Montréal QC H3N 1R4","Information, recherche et intervention pour le développement et la défense des libertés et des droits individuels et collectifs. Membre de la Fédération internationale des ligues des droits de l'homme...",514 849-7717,info@liguedesdroits.ca,liguedesdroits.ca,le Québec,,provincial,defense_droits,,non
fédération des femmes du québec,"469, rue Jean-Talon Ouest, bureau 319 Villeray—Saint-Michel—Parc-Extension Montréal QC H3N 1R4",Promotion et défense collective des droits des femmes. Concertation et mobilisation au sein du mouvement des femmes. Diffusion d'information et facilitation des échanges entre groupes.,514 876-0166,info@ffq.qc.ca,ffq.qc.ca,le Québec,"femmes, associations de femmes",provincial,defense_droits,,non
action femmes et handicap,"469, rue Jean-Talon Ouest, local 101 Villeray—Saint-Michel—Parc-Extension Montréal QC H3N 1R4","Promotion et défense des droits et intérêts. Forum de discussion, groupe d'entraide et de soutien. Actions collectives. Ateliers d'éducation populaire. Information et référence.",514 218-6368,coordo@actionfh.ca,actionfh.ca,île de Montréal,femmes en situation de handicap,montreal,defense_droits,soutien_vulnerabilite,non
r des centres de femmes du québec (l'),"469, rue Jean-Talon Ouest, bureau 418 Villeray—Saint-Michel—Parc-Extension Montréal QC H3N 1R4",Promotion et développement du réseau des centres de femmes du Québec. Représentation dans les revendications et dans les démarches des centres. Développement de la concertation entre les centres de fe...,514 876-9965,info@rcentres.qc.ca,rcentres.qc.ca,le Québec,centres de femmes,provincial,defense_droits,,non
association défi-lles et des ailes,"469, rue Jean-Talon Ouest, bureau 403 Villeray—Saint-Michel—Parc-Extension Montréal QC H3N 1R4","Accompagnement socioculturel pour adolescentes immigrantes et leur famille. Écoute, soutien et accompagnement interculturel. Médiation familiale. Aide dans les dossiers avec la Directeur de la protect...",514 546-9224,defillesetdesailes@gmail.com,defillesetdesailes.ca,"île de Montréal, Laval","femmes immigrantes de 18 ans et moins, leurs familles",grand_montreal,developpement_enfants_familles,soutien_vulnerabilite,non
fédération des associations de familles monoparentales et recomposées du québec,"469, rue Jean-Talon Ouest, bureau 414 Villeray—Saint-Michel—Parc-Extension Montréal QC H3N 1R4","Défense et promotion des droits et intérêts des familles monoparentales et recomposées. Partenariats de recherche, rédaction de publications. Soutien pour organismes membres",514 729-6666,info@fafmrq.org,fafmrq.org,le Québec,familles monoparentales et recomposées,provincial,defense_droits,developpement_enfants_familles,non
fédération du québec pour le planning des naissances,"469, rue Jean-Talon Ouest, bureau 335 Villeray—Saint-Michel—Parc-Extension Montréal QC H3N 1R4","Regroupement féministe de défense de droits et d'éducation populaire en matière de santé sexuelle et reproductive. Information, référence et sensibilisation en matière de planification des naissances,",514 866-3721,info@fqpn.qc.ca,fqpn.qc.ca,le Québec,grand public,provincial,defense_droits,sante,non
association de montréal pour la déficience intellectuelle,"633, boulevard Crémazie Est, bureau 100 Ahuntsic-Cartierville Montréal QC H2M 1L9","Accueil, suivi et références. Sorties familiales. Soutien à la famille. Conférences et causeries. Intégration et participation sociale via des activités adaptées. Séjours et sorties extérieures.",514 381-2300,info@amdi.info,amdi.info,Grand Montréal,"personnes de 18 ans et plus ayant une déficience intellectuelle (avec ou sans trouble du spectre de l'autisme), leurs familles",grand_montreal,sante,soutien_vulnerabilite,non
fondation cancer du sein du québec - maison rose,"1111, avenue Laurier Ouest Outremont Montréal QC H2V 2L3","Lieu offrant un soutien aux personnes touchées par le cancer du sein. Soutien dès l'annonce de la maladie, pendant les traitements et après. Accompagnement personnalisé. Programmation d'activités: yog...",514 871-1717,info@rubanrose.org,https://rubanrose.org/maison-rose,le Québec,"personnes vivant avec le cancer du sein, leurs proches",provincial,sante,soutien_vulnerabilite,non
fondation cancer du sein du québec,"1115, avenue Laurier Ouest Outremont Montréal QC H2V 2L3","Soutien aux personnes touchées par le cancer du sein. Écoute téléphonique, références et information. Soutien psychosocial. Services virtuels: télémédecine, forum, groupe Facebook, capsules vidéos édu...",1 877 990-7171,info@rubanrose.org,rubanrose.org,le Québec,"soutien: personnes touchées par le cancer du sein, leur famille, proches aidant·e·s, éducation et sensibilisation: grand public",provincial,sante,soutien_vulnerabilite,non
centre d'écoute et de référence halte ami,"1265, rue Berri, 4e étage, bureau 400 Ville-Marie Montréal QC H2L 4X4","Service d'écoute, de référence, d'accueil et d'aide à l'intégration aux immigrants. Écoute anonyme et confidentielle en personne ou par téléphone. Activités de prévention psychosociale et de sensibili...",438 796-8701,centre_ecoute@halte-ami.ca,halte-ami.ca,Grand Montréal,"écoute, référence, jumelage linguistique et assermentation: ouverts à toustes, intégration: personnes nouvellements arrivées, personnes immigrantes",grand_montreal,autres_missions_sociales,soutien_vulnerabilite,non
groupe conseil en développement de l'habitation,"1000, rue Atateken, bureau 201 Ville-Marie Montréal QC H2L 3K5",Aide à la réalisation de projets immobiliers communautaires. Accompagnement des organismes ayant des travaux majeurs à réaliser sur leurs immeubles. Formation des groupes en organisation coopérative o...,514 849-7800,info@groupecdh.com,www.groupecdh.com,île de Montréal,"familles et personnes seules à faible revenu, communautés culturelles, clientèle avec besoins particuliers, personnes âgées en légère perte d'autonomie, personnes vivant avec un handicap, personnes âgées autonomes",montreal,logement,developpement_communautaire,non
mission inclusion,"130, avenue de l'Épée Outremont Montréal QC H2V 3T2","Soutien et financement des organismes communautaires oeuvrant auprès des familles en difficulté, des jeunes de la rue et des personnes aînées. Actions visant l'inclusion sociale et la sécurité aliment...",1 877 288-7383,bonjour@missioninclusion.ca,missioninclusion.ca,le Québec,organismes communautaires,provincial,developpement_communautaire,soutien_vulnerabilite,non
projet fées marraines,"2080, rue Lepailleur Montréal QC H1L6E6","Remise de tenues de bal et de bourses d'études post-secondaires pour jeunes éprouvant des difficultés financières. Dons de robes de bal, sacs à main de soirée, bijoux, écharpes, gants et autres access...",514 316-7819,info@feesmarraines.ca,feesmarraines.ca,Grand Montréal,finissant·es du secondaire en situation précaire,grand_montreal,developpement_enfants_familles,soutien_vulnerabilite,non
centre d'action bénévole de montréal-nord - clinique d'impôts,"4642, rue Forest Montréal-Nord Montréal QC H1H 2P3",Clinique d'impôts sur rendez-vous.,514 328-1114 poste 100,info@cabmtl-nord.org,cabmtl-nord.org,"personnes à faible revenu ou aînées: Montréal-Nord (H1H et H1G), personnes immigrantes: île de Montréal","personnes à faible revenu, citoyen·ne·s canadien·ne·s, personnes immigrantes, personnes nouvellement arrivées, personnes demandeuses d'asile, personnes âgées de 65 ans et plus, ayant un revenu maximum de 35 000$ pour une personne seule, 45 000$ pour un couple sans enfants, 2 500$ en plus par enfant à charge",local,soutien_vulnerabilite,autres_missions_sociales,non
centre des femmes de montréal,"3585, rue Saint-Urbain Le Plateau-Mont-Royal Montréal QC H2X 2N6",Alimentation Aide alimentaire. Cuisines collectives. Paniers de Noël pour les participantes.Emploi Programmes d'aide à l'emploi en français et en anglais.Immigration Aide à l'installation et à l'intég...,514 842-4780,cfmwcm@centredesfemmesdemtl.org,centredesfemmesdemtl.org,Grand Montréal,"femmes québécoises, immigrantes et autochtones de 18 ans et plus",grand_montreal,soutien_vulnerabilite,bien_etre_alimentaire,non
centre des femmes de montréal - employabilité - intégration des femmes dans les secteurs non traditionnels,"3585, rue Saint-Urbain Le Plateau-Mont-Royal Montréal QC H2X 2N6",Soutien aux femmes pour l'intégration en emploi et l'accès à des programmes de formation dans les domaines professionnels typiquement masculins. E,514 842-6652,emploi@centredesfemmesdemtl.org,centredesfemmesdemtl.org,île de Montréal,"femmes souhaitant s'intégrer dans un des secteurs d'emploi où elles sont présentes à moins de 33%, programme de retour aux études: en français, programme de recherche d'emploi en français et en anglais si suffisamment de participantes",montreal,emploi,education_formation,non
centre des femmes de montréal - employabilité - nouvelles arrivantes,"3585, rue Saint-Urbain Le Plateau-Mont-Royal Montréal QC H2X 2N6",Soutien à l'intégration professionnelle. Entrée continue. Accompagnement individuel ou programme de groupe. Jumelage et mentorat. Cours d'appoint en anglais et en informatique. Bilan d,514 842-6652,emploi@centredesfemmesdemtl.org,centredesfemmesdemtl.org/fr,île de Montréal,femmes nouvelles arrivantes depuis moins de 5 ans,montreal,emploi,autres_missions_sociales,non
centre des femmes de montréal - employabilité - québécoises et immigrantes,"3585, rue Saint-Urbain Le Plateau-Mont-Royal Montréal QC H2X 2N6",Programme d'aide à l'emploi. Maintien en emploi. Exploration de carrières. Bilan des compétences. Information scolaire et professionnelle. Outils et techniques de recherche d'emp,514 842-6652,emploi@centredesfemmesdemtl.org,centredesfemmesdemtl.org/fr,île de Montréal,"Québécoises, Canadiennes et immigrantes, ateliers: en français et en anglais",montreal,emploi,education_formation,non
centre des femmes de montréal - employabilité - femmes de 50 ans et plus,"3585, rue Saint-Urbain Le Plateau-Mont-Royal Montréal QC H2X 2N6",Soutien aux femmes de 50 ans et plus pour l'intégration en emploi. Entrée continue. Accompagnement individuel ou programme de groupe. Programme de réorientation de carrière. Jumela,514 842-6652,emploi@centredesfemmesdemtl.org,centredesfemmesdemtl.org/fr,île de Montréal,femmes de 50 ans et plus à la recherche d'emploi,montreal,emploi,soutien_vulnerabilite,non
motivation-jeunesse 16-18 inc.,"8200, boulevard Saint-Laurent Villeray—Saint-Michel—Parc-Extension Montréal QC H2P 2L8","Programme d'alternance études-stage. Soutien scolaire. Enseignement des matières de base: français, mathématiques secondaire 2 et 3 et anglais secondaire 2, 3 et 4. Aide psychosociale. Soutien parenta...",514 596-5400,reception@motivationjeunesse.com,motivationjeunesse.com,île de Montréal,"jeunes de 16 à 18 ans, à risque de décrochage social ou ayant décroché, présentant des difficultés d'apprentissage et pour qui les programmes scolaires traditionnels ne sont pas adaptés, leurs parents",montreal,education_formation,soutien_vulnerabilite,non
coalition des organismes communautaires québécois de lutte contre le sida,"1, rue Sherbrooke Est Le Plateau-Mont-Royal Montréal QC H2X 3V8","Soutien aux organismes: concertation, évaluation et réseautage. Promotion de la santé sexuelle à travers la prévention et l'information. Cercle Orange: suivi médical pour les per",1 866 535-0481,info@cocqsida.ca,www.cocqsida.com,le Québec,"personnes vivant avec le VIH/sida, organismes communautaires de lutte contre le VIH/sida",provincial,sante,soutien_vulnerabilite,non
association des consommateurs pour la qualité dans la construction,"65, rue Sherbrooke Est, bureau 105 Le Plateau-Mont-Royal Montréal QC H2X 1C4",Association de consommateur·ice·s dans le marché de la construction et de la rénovation résidentielle. Information et défense des droits. Appui dans les démarches et recours collectifs.,1 877 624-7667,info@acqc.ca,www.acqc.ca,le Québec,"consommateur·ice·s dans le domaine de la construction, rénovation résidentielle et de l'immobilier",provincial,defense_droits,,non
comité de soutien aux parents étudiants de l'uqam,"405, rue Sainte-Catherine Est, bureaux J-M890 et J-M775 Ville-Marie Montréal QC H2L 2C5",Représentation et défense des droits des parents aux études. Aide alimentaire. Friperie pour les enfants. Halte-garderie. Bourses d'études. Sorties familiales. Ateliers thématiques. Références et acco...,514 987-3000 poste 5669,info@cspeuqam.ca,cspeuqam.com,Grand Montréal,parents aux études à l'Université du Québec à Montréal,grand_montreal,developpement_enfants_familles,defense_droits,non
clef pour l'intégration au travail des immigrants,"1259, rue Berri, bureau 900 Ville-Marie Montréal QC H2L 4C7","Services pour l'installation et la recherche d'emploi. Pré-départ: services avant l'arrivée, assistance et informations facilitant l'intégration. Premières démarches d'installation: conseils pratiques...",514 987-1759,accueil@citim.org,www.citim.org,Grand Montréal,"personnes immigrantes, résident·e·s permanent·e·s, résident·e·s temporaires, PVTistes, résident·e·s réfugié·e·s accepté·e·s , visiteur·euse·s, citoyen·ne·s moins de 5 ans",grand_montreal,emploi,autres_missions_sociales,non
mire: mouvement pour l'intégration et la rétention en emploi,"1259, rue Berri, 7e étage Ville-Marie Montréal QC H2L 4C7",Mouvement pour l'Intégration et la Rétention en Emploi : Programme de formation et de placement en emploi. Ateliers de groupe. Soutien financier. Implication sociale. Cours de base en informatique. Ac...,514 598-7474,info@projetmire.com,projetmire.com,île de Montréal,adultes avec des difficultés à intégrer ou à réintégrer le marché du travail,montreal,emploi,education_formation,non
joie des enfants (montréal) (la),"8321, rue Clark Villeray—Saint-Michel—Parc-Extension Montréal QC H2P 2N6",Promotion et défense des droits des personnes vivant avec une déficience intellectuelle. Écoute téléphonique et accompagnement. Activités récréatives hebdomadaires. Répit de fin de semaine. Camp de jo...,514 270-0338,lajoiedesenfants@videotron.ca,www.lajoiedesenfants.ca,île de Montréal,personnes de 10 à 45 ans vivant avec une déficience intellectuelle,montreal,defense_droits,sante,non
centre haïtien d'animation et d'intervention sociales - clinique d'impôts,"419, rue Saint-Roch, bureau SS-15 Villeray—Saint-Michel—Parc-Extension Montréal QC H3N 1K2","Clinique d'impôts à l'année, par dépôt et sans rendez-vous.",514 271-7563,centrehaitien@chais.qc.ca,www.chais.qc.ca,île de Montréal,"personnes immigrantes, personnes à faible revenu",montreal,soutien_vulnerabilite,autres_missions_sociales,non
go jeunesse,"200, rue Ontario Est, local 3004 Ville-Marie Montréal QC H2X 1H3","Activités sportives et éducatives visant à lutter contre la pauvreté et l'exclusion sociale, le décrochage scolaire, l'isolement et la détresse psychologique. Programme d'intervention sociale auprès d...",514 872-7948,goadmin@gojeunesse.org,www.gojeunesse.org,île de Montréal,"jeunes, familles et personnes de milieux défavorisés et vulnérables",montreal,sports_loisirs_tourisme,developpement_communautaire,oui
maison du père (la) - accès-santé,"550, boulevard René-Lévesque Est Ville-Marie Montréal QC H2L 2L3","Chambres privées de convalescence pour suivi clinique à la suite d'une chirurgie, d'un traitement ou d'une maladie. Suivi par des professionnels de la santé. Gestion des médicaments et des pansements....",514 845-0168 poste 221,info@maisondupere.org,www.maisondupere.org,Grand Montréal,"hommes de 25 ans et plus en situation d'itinérance aux prises avec un ou plusieurs problèmes de santé, soins palliatifs: hommes en situation d'itinérance en phase terminale avec un pronostic vital de moins de 3 mois",grand_montreal,sante,soutien_vulnerabilite,non
projet logement montréal,"550, boulevard René-Lévesque Est Ville-Marie Montréal QC H2L 2L3","Consortium d'organismes de lutte à l'itinérance composé de la Maison du Père, de la Mission Bon Accueil, de la Mission Old Brewery et de l'Accueil Bonneau. Services d'un·e agent·e de logement: accompa...",514 845-0168 poste 307,info@projetlogementmontreal.org,www.projetlogementmontreal.org,île de Montréal,"Adultes vivant une situation d'itinérance chronique, situationnelle ou épisodique",montreal,logement,soutien_vulnerabilite,non
maison du père (la) - hébergement d'urgence et de référencement,"550, boulevard René-Lévesque Est Ville-Marie Montréal QC H2L 2L3","Accueil à court terme pour une nuit. Repas, douche et vestiaire. Intervention psychosociale sur place pour les hommes désirant entreprendre une démarche de réinsertion sociale.",514 845-0168 poste 305,info-cahr@maisondupere.org,www.maisondupere.org,Grand Montréal,hommes de 25 ans et plus en situation d'itinérance,grand_montreal,soutien_vulnerabilite,logement,non
maison du père (la),"550, boulevard René-Lévesque Est Ville-Marie Montréal QC H2L 2L3",Hébergement pour la réinsertion sociale. Résidence J.-A. De Sève pour personnes aînées de la rue. Maintien en logement avec accompagnement social. Banque d'aide aux loyers: création d'ententes avec le...,514 845-0168,info@maisondupere.org,www.maisondupere.org,"Grand Montréal, Banque loyer: le Québec","hommes sans-abri de 25 ans et plus désirant entreprendre une démarche de réinsertion sociale, banque loyer: femmes et hommes avec une dette de loyer ne dépassant pas 5 000$",grand_montreal,soutien_vulnerabilite,logement,non
maison du père (la) - pavillon robert-lemaire,"550, boulevard René-Lévesque Est Ville-Marie Montréal QC H2L 2L3",Logements sociaux pour les hommes de plus de 50 ans en situation d'itinérance.,514 845-0168,info@maisondupere.org,maisondupere.org,Grand Montréal,hommes de plus de 50 ans en situation d'itinérance ayant une source de revenu déclarée,grand_montreal,logement,soutien_vulnerabilite,non
maison du père (la) - réinsertion sociale,"545, rue de la Gauchetière Est Ville-Marie Montréal QC H2L 5E1","Hébergement transitoire de 3 à 12 mois avec accompagnement psychosocial. Réinsertion sociale à travers différents programmes à moyen et long terme, adaptés à la réalité des hommes en situation de vuln...",514 845-0168 poste 301,info@maisondupere.org,maisondupere.org,Grand Montréal,hommes de 25 ans et plus en situation d'itinérance ou à risque de le devenir,grand_montreal,soutien_vulnerabilite,logement,non
maison du père (la) - la résidence j.-a. de sève,"545, rue De la Gauchetière Est Ville-Marie Montréal QC H2L 5E1",Hébergement permanent pour personnes aînées de la rue. Chambre privée avec suivi psychosocial. Repas. Gestion du budget et de la médication. Soins d'hygiène et accompagnement aux rendez-vous médicaux....,514 843-3739,info@maisondupere.org,maisondupere.org,Grand Montréal,"hommes de 55 ans et plus qui ont connu l'itinérance, ont souffert ou souffrent de dépendance ou de problématiques reliées à la santé mentale et désirent se sortir de la rue",grand_montreal,soutien_vulnerabilite,sante,non
débiteurs anonymes,Montréal QC,Groupe d'entraide de 12 étapes pour sortir de l'endettement compulsif. Rencontres virtuelles: groupe francophone et anglophone.,438 809 7799,contact@debanonmontreal.ca,www.debanonmontreal.ca/FR/home.html,le Québec,personnes ayant des problèmes d'argent résultant d'achats compulsifs,provincial,soutien_vulnerabilite,,non
axia services,"9245, boulevard Langelier Saint-Léonard Montréal QC H1P 3K9","Centre de travail adapté pour personnes en situation de handicap. Entretien ménager commercial, location de main-d'oeuvre, agence de sécurité (gardiennage), entreposage et service d'emballage de march...",514 642-3250,je.arsenault@axiaservices.com,www.axiaservices.com,île de Montréal,personnes vivant avec un handicap physique ou intellectuel ou un problème de santé mentale,montreal,emploi,soutien_vulnerabilite,non
projets autochtones du québec - programme de gestion de la consommation d'alcool,"1019, rue Saint-Hubert Ville-Marie Montréal QC H2L 3Y3",Résidence supervisée pour hommes avec possibilité de participer à un programme de gestion de consommation d'alcool. Séjour d'une durée illimitée.,514 879-3310,coordo.logements.intervention@paqc.org,www.paqc.org/fr/programme-gestion-alcool,île de Montréal,"hommes et femmes autochtones de 18 ans et plus, des Premières Nations, Métis et Inuit en situation d'itinérance chronique et ayant une dépendance grave à l'alcool",montreal,soutien_vulnerabilite,sante,non
projets autochtones du québec - logements permanents,"1025, rue Saint-Hubert Ville-Marie Montréal QC H2L 3Y3","Centre d'hébergement permanent subventionné pour personnes autochtones. Séjour dans une chambre, d'une durée indéfinie, selon les besoins de la personne. Soutien psychosocial par une équipe d'interven",514 879-3310,coordo.logements.intervention@paqc.org,www.paqc.org/fr/accueil,île de Montréal,"personnes autochtones, des Premières Nations, Métis et Inuit en situation d'itinérance chronique",montreal,logement,soutien_vulnerabilite,non
action santé travesti(e)s et transsexuel(le)s du québec,"300, rue Sainte-Catherine Est Ville-Marie Montréal QC H2X 1L7","Soutien et accompagnement: rendez-vous médicaux (cliniques et hôpitaux), rendez-vous légaux (avocats et à la cour) et aux services sociaux. Aide à l'accès aux informations relatives aux enjeux et",514 847-0067 poste 207,info@astteq.org,cactusmontreal.org/soutien-aux-personnes-trans,le Québec,"personnes transsexuelles, travesties, transgenres, non-binaires, bispirituelles, personnes en questionnement sur leur identité de genre incluant travailleuses du sexe, immigrantes et réfugiées, personnes vivant avec le VIH, personnes sans emploi ou sans logement, personnes incarcérées, personnes utilisatrices de drogues",provincial,sante,soutien_vulnerabilite,non
groupe d'intervention alternative par les pairs,"1300, rue Sanguinet Ville-Marie Montréal QC H2X 3E7","Programme Jeunesse de Cactus Montréal faisant appel aux services de personnes paires aidantes dans une perspective de prévention de la transmission du VIH, du VHC et des autres ITSS et de réduction de...",514 847-0067 poste 300,agentpairs@cactusmontreal.org,cactusmontreal.org/programmes/giap,île de Montréal,jeunes de 14 à 30 ans en situation de grande précarité,montreal,sante,soutien_vulnerabilite,non
projets autochtones du québec - maison annagiarvik,"3702, rue Sainte-Famille Le Plateau-Mont-Royal Montréal QC H2X 2L4","Logements de transition sobres pour les populations autochtones. Séjour pouvant aller jusqu'à 5 ans. Espaces communs: cuisine, salles d'intervention, buanderie. Intervenant·e·s sur place.",514 284-0117,thomas.addison@paqc.org,paqc.org,île de Montréal,"Autochtones, Premières Nations, Métis et Inuit qui tentent de trouver un logement sobre pour travailler sur eux-mêmes et qui sortent d'un programme de réhabilitation ou qui y entrent",montreal,soutien_vulnerabilite,logement,non
projets autochtones du québec - refuge d'urgence 2,"2060, rue Saint-Dominique Ville-Marie Montréal QC H2X 2X1",Refuge d'urgence à seuil d'exigence adapté. Un étage réservé aux femmes et un autre aux hommes. Services de soutien psychosocial adaptés aux besoins individuels. Soutien 24/7 offert par une équipe d'i...,514 879-3310,sheltercoordinatorPAQ2.Intervention2@paqc.org,www.paqc.org/fr/refuge,île de Montréal,"personnes autochtones de 18 ans et plus, des Premières Nations, Métis et Inuit en situation d'itinérance ou de précarité",montreal,soutien_vulnerabilite,logement,non
centre d'amitié autochtone de montréal,"2001, boulevard Saint-Laurent Ville-Marie Montréal QC H2X 2T3","Centre de jour pour personnes autochtones en situation d'itinérance. Repas chauds: déjeuner et dîner. Dons de vêtements. Douches et buanderie. Patrouilles de rue et d'orientation en milieu urbain, éch...",514 499-1854,info@nfcm.org,www.nfcm.org/fr,"île de Montréal, patrouille de rue: centre-ville","personnes autochtones, patrouille de rue: personnes en situation d'itinérance autochtones",montreal,soutien_vulnerabilite,bien_etre_alimentaire,non
action centre-ville - clinique d'impôts,"105, rue Ontario Est, bureau 201 Ville-Marie Montréal QC H2X 1G9",Clinique d'impôts sur rendez-vous.,514 878-0847,info@acv-montreal.com,www.acv-montreal.com,Grand Montréal,personnes aînées de 50 ans et plus ayant un revenu annuel maximal de 35 000$ ou 45 000$ pour un couple,grand_montreal,soutien_vulnerabilite,,non
clinique droits devant,"105, rue Ontario Est, bureau 214 Ville-Marie Montréal QC H2X 1G9","Information concernant les contraventions (procédure pénale), références. Aide à l'accès aux dossiers judiciaires et à la formulation de plaintes contre les abus policiers. Accompagnement aux instance...",514 603-0265,intervention@cliniquedroitsdevant.org,www.cliniquedroitsdevant.org,Grand Montréal,"personnes itinérantes ou marginalisées, leurs intervenant·e·s",grand_montreal,defense_droits,soutien_vulnerabilite,non
onentokon healing lodge - outreach services of montreal,"2001, boulevard Saint-Laurent Ville-Marie Montréal QC H2X 2T3",Bureau de Montréal situé dans les locaux du Centre d'amitié autochtone de Montréal. Consultation individuelle. Évaluation. Référence vers des centres de traitements et de désintoxication. Suivi pos,514 668-6399,otsmontrealoutreach@hotmail.com,www.onentokon.com,le Québec,personnes autochtones vivant avec des dépendances à l'alcool et/ou aux drogues et leurs proches,provincial,soutien_vulnerabilite,sante,non
action centre-ville,"105, rue Ontario Est, bureau 201 Ville-Marie Montréal QC H2X 1G9","Information. Ateliers, loisirs, cours et sorties. Repas communautaires. Livraison de repas à domicile. Soins des pieds. Intervention de milieu: initiative de travail de milieu auprès des aînés en situ...",514 878-0847,info@acv-montreal.com,acv-montreal.com,"Grand Montréal, livraison de repas: entre De la Visitation, Jeanne-Mance, Sherbrooke et De la Commune, ITMAV: Ville-Marie",personnes préretraitées et retraitées de 50 ans et plus,grand_montreal,sante,bien_etre_alimentaire,non
conseil régional des personnes âgées italo-canadiennes de montréal,"671, rue Ogilvy Villeray—Saint-Michel—Parc-Extension Montréal QC H3N 1N4","Appels et visites d'amitié. Popote roulante. Dîners hebdomadaires. Activités et sorties. Cours de gymnastique pour aîné.e.s, de danse sociale et d'informatique. Réseautage. Information",514 273-6588,info@craic.ca,craic.ca,"popote roulante: Saint-Michel-Parc-Extension, autres services: île de Montréal, Laval","personnes aînées et clubs de l'âge d'or italophones, grand public",local,sante,sports_loisirs_tourisme,oui
maison des sourds,"2200, boulevard Crémazie Est, bureau 207 Villeray—Saint-Michel—Parc-Extension Montréal QC H2E 2Z8",Centre communautaire. Logements sociaux. Activités sociales et récréatives. Location de salle.,438 381-6372,service@mdsourds.org,,le Québec,"personnes sourdes ou malentendantes, sourdes-aveugles, leurs proches, interprètes, organismes communautaires",provincial,soutien_vulnerabilite,logement,non
sac à dos - action-réinsertion (le),"222, rue Sainte-Catherine Est Ville-Marie Montréal QC H2X 1L1",Lieu d'accueil ouvert et inclusif qui vient en aide aux personnes en situation d'itinérance ou à risque de le devenir. Entreposage: casier d'entreposage et tiroir sécurisé pour effets personnels. Serv...,514 393-8868,info@lesacados.org,lesacados.org,île de Montréal,"hommes et femmes âgé·e·s de 18 ans et plus en situation d'itinérance, aide à l'emploi: usager·ère·s qui ont un casier postal",montreal,soutien_vulnerabilite,emploi,non
cultures et langues autochtones,"535, avenue Viger Est Ville-Marie Montréal QC H2L 2P3","Accompagnement et soutien financier pour la réalisation de projets de jeunes autochtones impliquant une mobilité au Québec, au Canada ou à l'international. Accompagnement personnalisé tout au long du ...",1 800-465-4255,info@lojiq.org,www.lojiq.org/partenariat-initiative-cultures-et-langues-autochtones,le Québec,Inuits ou Premières Nations de 18 à 35 ans,provincial,autres_missions_sociales,developpement_communautaire,non
"en coeur, fondation québécoise pour les enfants malades du coeur","8585, boulevard Saint-Laurent, bureau 310 Villeray—Saint-Michel—Parc-Extension Montréal QC H2P 2M9",Information et soutien financier. Sensibilisation du grand public. Contribution à l'amélioration des services médicaux en cardiologie pédiatrique et en cardiologie congénitale pour adulte,514 737-0804 poste 101,encoeur@en-coeur.org,en-coeur.org,le Québec,"enfants malades du coeur, leur famille",provincial,sante,,non
association québécoise plaidoyer-victimes,"8615, boulevard Saint-Laurent, bureau 206 Villeray—Saint-Michel—Parc-Extension Montréal QC H2P 2M9","Promotion et défense des droits et intérêts des victimes d'actes criminels. Information, soutien et orientation des victimes. Production et diffusion d'outils d'information. Programmes de formation. A...",514 526-9037,aqpv@aqpv.ca,aqpv.ca,le Québec,"personnes victimes d'un acte criminel, intervenant·e·s, grand public",provincial,defense_droits,soutien_vulnerabilite,non
microcrédit montréal,"3680, rue Jeanne-Mance, bureau 319 Le Plateau-Mont-Royal Montréal QC H2X 2K5",Prêts et accompagnement individualisé aux personnes ou organisations qui n'ont pas accès au crédit institutionnel pour leur projet d'entreprise ou professionnel. Financement des entrepreneur·e·s pour ...,514 843-7296,info@microcreditmontreal.ca,microcreditmontreal.ca,le Québec,"personnes exclues des réseaux de financement conventionnels, personnes immigrantes et organismes communautaires",provincial,emploi,developpement_communautaire,non
atelier (l'),"3680, rue Jeanne Mance, local 213 Le Plateau-Mont-Royal Montréal QC H2X 2K5","Formation en métiers d'art et en employabilité. Programme PAAS-Action: insertion sociale, développement des habiletés sociales, par l'apprentissage d'un métier d'art. Programme Transart vers l'emploi:...",514 844-6458,coordo@atelierobnl.com,atelierobnl.com,Grand Montréal,adultes vivant avec des enjeux de santé mentale,grand_montreal,emploi,sante,non
transart vers l'emploi,"3680, rue Jeanne-Mance, local 213 Le Plateau-Mont-Royal Montréal QC H2X 2K5",Programme préparatoire à l'emploi visant la réintégration du marché du travail pour personnes vivant avec des enjeux de santé mentale. Accompagnement par un·e enseignant·e en intégration socio-profess...,514 844-6458 poste 241,coordo@atelierobnl.com,,Grand Montréal,"personnes de 18 ans et plus sans revenu, prestataires de l'aide sociale ou de l'assurance-emploi, détenant au minimum un niveau scolaire de 3e secondaire et ayant été aux prises avec des difficultés liées à la santé mentale",grand_montreal,emploi,sante,non
ex aequo,"3680, rue Jeanne-Mance, bureau 328 Le Plateau-Mont-Royal Montréal QC H2X 2K5",Promotion de l'accessibilité universelle et défense des droits des personnes vivant avec une déficience motrice. Banque de personnes préposées pour les personnes utilisant le chèque emploi-service. Ac...,514 288-3852,info@exaequo.net,exaequo.net,île de Montréal,personnes de 18 ans et plus ayant une déficience motrice,montreal,defense_droits,sante,non
réseau enfants-retour,"950, avenue Beaumont, bureau 103 Villeray—Saint-Michel—Parc-Extension Montréal QC H3N 1V5",Ateliers et séminaires de prévention des disparitions et enlèvements. Information par téléphone et sur place. Accompagnement dans les démarches administratives et légales liées à la disparition. Produ...,1 833 632-4673,info@reseauenfantsretour.ong,www.reseauenfantsretour.ong,le Québec,"parents, enfants et intervenant·e·s",provincial,soutien_vulnerabilite,developpement_enfants_familles,non
comité chômage de montréal,"3734, avenue du Parc Le Plateau-Mont-Royal Montréal QC H2X 2J1",Information et défense des droits des personnes chômeuses.,514 933-5915,info@comitechomage.qc.ca,comitechomage.qc.ca,île de Montréal,personnes chômeuses,montreal,defense_droits,emploi,non
conseil national des chômeurs et chômeuses,"3734, avenue du Parc Le Plateau-Mont-Royal Montréal QC H2X 2J1","Regroupement de groupes de défense des droits. Action collective, éducation et sensibilisation. Rencontres individuelles et collectives.",,cnc@lecnc.com,www.lecnc.com,le Québec,groupes de défense des chômeurs et chômeuses,provincial,defense_droits,emploi,non
maisons de l'ancre (les) - habitations de l'ancre,"10031, boulevard Saint-Michel Montréal-Nord Montréal QC H1H 5G9",Logements subventionnés avec soutien communautaire.,514 750-5340,habitationsancre@lesmaisonsdelancre.org,www.lesmaisonsdelancre.org,île de Montréal,femmes de 40 ans et plus en difficulté qui ont fait une démarche vers l'autonomie en logement,montreal,logement,soutien_vulnerabilite,non
services sociaux helléniques du québec - parc-extension,"821, rue Ogilvy Villeray—Saint-Michel—Parc-Extension Montréal QC H3N 1N8",Alimentation Banque alimentaire hebdomadaire. Livraison à domicile. Paniers de Noël.Soutien Information et références. Écoute active et accompagnement. Interprétation et traduction. Aide pour rempl,514 906-0784,infosshq@hcgm.org,hcgm.org,"Grand Montréal, livraison alimentaire: Parc-Extension et les environs à proximité","grand public, principalement grecque, cours d'exercice et centre de jour: personnes aînées",grand_montreal,bien_etre_alimentaire,soutien_vulnerabilite,non
maison des petits tournesols (la),"150, rue Grant, bureau 330 Longueuil Montérégie QC J4H 3H6","Soutien et accompagnement pour les enfants et adolescent·e·s en deuil ainsi que leur famille. Information, écoute et références. Rencontres individuelles et de groupe. Soutien téléphonique. Activités ...",450 332-4862,administration@lamaisondespetitstournesols.org,www.lamaisondespetitstournesols.com,Grand Montréal,"enfants et adolescent·e·s en deuil, leurs parents et grands-parents et les adultes responsables de ces jeunes",grand_montreal,sante,developpement_enfants_familles,non
"fondation se reconstruire, centre de santé du sein","67, rue Sainte-Elizabeth Longueuil Montérégie QC J4H 1J3","Soutien pour personnes atteintes du cancer du sein, à tous les stades de la maladie, à travers le traitement de la douleur physique et sa dimension psychologique.Services et soins Tatouage: mamelon et...",438 527-7346,info@centresereconstruire.ca,www.centresereconstruire.ca,le Québec,personnes atteintes du cancer du sein ou ayant subi une mastectomie,provincial,sante,soutien_vulnerabilite,non
fondation virage pour le soutien au cancer,"1000, rue Saint-Denis, local C14-7065 Ville-Marie Montréal QC H2X 0C1","Écoute, soutien. Information, documentation et ressources. Groupes de soutien. Prothèses capillaires, bonnets, foulards, chapeaux. Prothèses mammaires temporaires, vêtements compressifs pour reconstru...",514 890-8000 poste 28139,fondationvirage@gmail.com,www.viragecancer.org,Grand Montréal,personnes atteintes du cancer,grand_montreal,sante,soutien_vulnerabilite,non
microentreprendre,"2, rue Sainte-Catherine Est, bureau 201 Ville-Marie Montréal QC H2X 1K4",Promotion et développement de l'approche du microcrédit entrepreneurial au Québec. Consolidation et soutien du réseau d'organismes de microcrédit. Accompagnement et information sur le microcommunautai...,514 900-0961,info@microentreprendre.ca,microentreprendre.ca,le Québec,"personnes en démarrage d'entreprise individuelle, collective ou d'économie sociale, sans accès au crédit traditionnel ou au programme normé",provincial,emploi,developpement_communautaire,non
réchaud-bus,"8845, boulevard Saint-Laurent Ahuntsic-Cartierville Montréal QC H2N 1M3",Distribution de nourriture et de collations dans les écoles primaires et dans les maisons des jeunes.,514 280-3246,rechaud.bus@stm.info,www.rechaudbus.org,île de Montréal,enfants de tous âges,montreal,bien_etre_alimentaire,developpement_enfants_familles,non
cercle des aînés d'outremont,"999, avenue McEachran Outremont Montréal QC H2V 3E6",Centre communautaire intergénérationnel Activités sociales et culturelles. Jeux de cartes. Soupers thématiques biannuels. Dons à des organismes de charité.,514 495-6211,pouliotj67@gmail.com,,Grand Montréal,personnes de 60 ans et plus,grand_montreal,sante,sports_loisirs_tourisme,oui
fondation des jeunes de la dpj,"9335, rue Saint-Hubert Ahuntsic-Cartierville Montréal QC H2M 1Y7","Financement de causes diverses en prévention et soutien aux familles, persévérance scolaire, estime de soi et saines habitudes de vie, transition vers la vie autonome et réinsertion sociale, etc. Coll...",514 593-2676,info@fjdpj.ca,www.fondationjeunesdpj.ca,Grand Montréal,intervenant·e·s jeunesse,grand_montreal,developpement_enfants_familles,soutien_vulnerabilite,non
projets autochtones du québec - refuge d'urgence 1,"169, rue de la Gauchetière Est Ville-Marie Montréal QC H2X 1P7",Refuge d'urgence à haut seuil et à sobriété exigée. Un étage réservé aux femmes et un autre aux hommes. Services de soutien psychosocial adaptés aux besoins individuels. Soutien 24/7 offert par une éq...,514 879-3310,sheltercaseworker@paqc.org,www.paqc.org/fr/refuge,île de Montréal,"personnes autochtones de 18 ans et plus, des Premières Nations, Métis et Inuit en situation d'itinérance ou de précarité",montreal,soutien_vulnerabilite,logement,non
projets autochtones du québec - clinique de proximité,"169, rue de la Gauchetière Est Ville-Marie Montréal QC H2X 1P7","Clinique de proximité en santé autochtone de Projets Autochtones du Québec, en collaboration avcc Médecins du Monde. Prescription et soutien pour la prise de médicaments. Soins des plaies et traiteme",438-867-5214,myriam.kaszap@medecinsdumonde.ca,paqc.org,île de Montréal,"personnes autochtones des Premières Nations, Métis et Inuit confrontées à la précarité du logement à Tio'tià : ke / Montréal.",montreal,sante,soutien_vulnerabilite,non
porte jaune (la),"3625, rue Aylmer Le Plateau-Mont-Royal Montréal QC H2X 2C3","Personnes aînées Visites amicales. Appels amicaux. Aide aux courses. Tech Café: aide informatique et technologique individuelle, ateliers sur la culture numérique. Accompagnement pour les sorties et r...",514 845-2600 poste 1,info@yellowdoor.org,fr.yellowdoor.org,"services de visites et accompagnements pour les personnes aînées: centre-ville: entre l'avenue des Pins au nord, rue Saint-Jacques au sud, avenue Atwater à l'ouest et rue Saint-Denis à l'est, Petit-Portugal: entre l'avenue Mont-Royal au nord, avenue des Pins au sud, avenue du Parc à l'ouest et rue Saint-Denis à l'est, Vieux-Port: entre la rue Saint-Jacques au nord, rue de la Commune au sud, boulevard Robert-Bourassa à l'ouest et rue Berri à l'est, autres services: île de Montréal","personnes aînées de 55 ans plus, personnes intéressées par le bénévolat, membres de la communauté",montreal,sante,developpement_communautaire,non
centre de ressources pour les patients du neuro,"3801, rue University, bureau 354 Ville-Marie Montréal QC H3A 2B4","Bibliothèque spécialisée, prêt et consultation sur place. Aide à la recherche et référence, en personne ou au téléphone. Base de données en ligne. Production de documentation informative.",514 398-5358,infoneuro@muhc.mcgill.ca,www.mcgill.ca/infoneuro/fr,Grand Montréal,"personnes de 18 ans et plus traitées pour des troubles neurologiques, leur famille, leurs soignant·e·s",grand_montreal,sante,,non
centre d'aide aux victimes d'actes criminels de montréal - cour municipale de la ville de montréal,"775, rue Gosford Ville-Marie Montréal QC H2Y 1A8",Services confidentiels de première ligne adaptés à chacune des étapes du processus judiciaire. Évaluation des besoins. Intervention post-traumatique et p,1 866 532-2822,communication@cavacmontreal.qc.ca,cavac.qc.ca,île de Montréal,"personnes victimes d'un acte criminel, leurs proches, témoins d'un crime, peu importe la gravité, la nature et le moment du crime commis, que l'auteur·rice du crime soit ou non identifié·e, arrêté·e, poursuivi·e ou reconnu·e coupable",montreal,soutien_vulnerabilite,defense_droits,non
juristes à domicile,"338, rue Saint-Antoine Est, bureau 202 Ville-Marie Montréal QC H2Y 1A3","Services de juristes sur place ou à domicile et référencement à des avocat-e-s pour services juridiques à prix modique. Accompagnement, information et orientation juridique personnalisée. Services de ...",514 944-9929,info@juristesadomicile.com,www.juristesadomicile.com,"services par téléphone ou courriel: le Québec, visites à domicile: Grand Montréal","personnes vivant en situation de pauvreté, à faible revenu, isolées ou vulnérables",grand_montreal,defense_droits,soutien_vulnerabilite,non
projets autochtones du québec,"338, rue Saint-Antoine Est, bureau 402 Ville-Marie Montréal QC H2Y 1A3",Intervention de crise. Repas chauds. Programme Nouveau Départ: soutien holistique aux autochtones nouvellement arrivés en ville. Refuges d'urgence: un étage pour les femmes et un pour les hommes. Cham...,514 879-3310,info@paqc.org,paqc.org,île de Montréal,"personnes autochtones de 18 ans et plus, des Premières Nations, Métis et Inuit en situation d'itinérance ou de précarité",montreal,soutien_vulnerabilite,bien_etre_alimentaire,non
jaide,"338, rue Saint-Antoine Est, bureau 202 Ville-Marie Montréal QC H2Y 1A3","Programme Justice, Access, Inclusion, Diversity and Equity (JAIDE). Accompagnement et informations juridiques. Service d'avocat·e·s de garde pour représentation devant les Tribunaux en matière de droi...",438 371-8090,avocats.jaide@gmail.com,www.juristesadomicile.com,"services par téléphone ou courriel: le Québec, visites à domicile: Grand Montréal","personnes faisant l'objet d'une demande en autorisation de soins ou de garde en établissement, leurs proches",grand_montreal,defense_droits,sante,non
société culturelle québécoise des sourds,"2200, boulevard Crémazie, bureau 210 Ahuntsic-Cartierville Montréal QC H2P 2Z8","Préserve, encourage et développe les intérêts culturels des personnes sourdes du Québec. Encourage et développe de nouveaux moyens visant la créativité, la recherche, la participation et l'intérêt dan...",514 213-1984,scqs.1976@gmail.com,,le Québec,personnes sourdes,provincial,arts_culture_medias,defense_droits,oui
assemblée chrétienne évangélique le refuge de paix - clinique d'impôts,"8877, boulevard Saint-Laurent Ahuntsic-Cartierville Montréal QC H2N 1M2",Clinique d'impôts avec ou sans rendez-vous ou par dépôts. Visites à domicile pour personnes confinées à la maison.,514 245-4498,refugedepaix@gmail.com,,île de Montréal,personnes à faible revenu,montreal,soutien_vulnerabilite,autres_missions_sociales,non
vivre avec la fibrose kystique,"629, rue Prince-Arthur Ouest Le Plateau-Mont-Royal Montréal QC H2X 1T9","Accueil accompagnement, aide et soutien. Référence et représentation des droits.Publication d'un magazine deux fois par année : Santé Vous Bien.Campagnes des bas de Noël pour les membres.Activités de ...",514 288-3157,info@vivreaveclafk.com,vivreaveclafibrosekystique.com,le Québec,"personnes vivant avec la fibrose kystique, leurs proches",provincial,sante,soutien_vulnerabilite,non
association des grands-parents du québec,"365, rue Saint-Jean, bureau 035 Longueuil Montérégie QC J4H 2X7","Défense des droits des grands-parents du Québec. Écoute téléphonique et référence. Groupes d'entraide. Cafés-rencontres. Conférences. Séances d'informations générales, juridiques et psychologiques.",1 866 745-6110,adgpq@grands-parents.qc.ca,www.grands-parents.qc.ca,le Québec,"grands-parents, personnes aînées, petits-enfants, familles élargies",provincial,defense_droits,sante,non
creca - projet sault-au-récollet,"10125, rue Parthenais Ahuntsic-Cartierville Montréal QC H2B 2L6",Comité d'intégration des néo-Québécois. Stimulation précoce pour les 0-5 ans. Activités parents-enfants. Activités pour personnes aînées. Comité citoyens. Cuisines collectives.,514 883-3430,projetsar@outlook.com,,île de Montréal,"personnes nouvellement arrivées, familles avec jeunes enfants, personnes citoyennes, personnes aînées",montreal,autres_missions_sociales,developpement_enfants_familles,non
oeuvre des samaritains (l'),"9300, rue Lajeunesse Ahuntsic-Cartierville Montréal QC H2M 1S5",Centre de distribution alimentaire pour personnes à faible revenu ou en situation d'urgence. Épicerie communautaire. Programme de travaux compensatoires avec le YMCA. Épicerie de Noël.,514 388-4095,lds@live.ca,,île de Montréal,personnes à faible revenu,montreal,bien_etre_alimentaire,developpement_communautaire,non
accueil bonneau - récupération d'articles usagés,"427, rue de la Commune Est Ville-Marie Montréal QC H2Y 1J4","Récupération sur place d'articles usagés: nourriture périssable et non périssable, vêtements et livres. Articles les plus recherchés: bottes d'hiver, rasoirs, ceintures, caleçons, pantalons Jeans, cha...",514 845-3906 poste 222,gestionnaire.saa@accueilbonneau.com,www.accueilbonneau.com,île de Montréal,,montreal,soutien_vulnerabilite,bien_etre_alimentaire,non
accueil bonneau,"427, rue de la Commune Est Ville-Marie Montréal QC H2Y 1J4",Accueil de personnes en situation ou à risque d'itinérance et accompagnement au quotidien dans la réponse aux besoins essentiels et dans la recherche d'une meilleure qualité de vie et d'un mieux-être....,514 845-3906,info@accueilbonneau.com,www.accueilbonneau.com,île de Montréal,"personnes en situation d'itinérance ou à risque de l'être, fiducie régionale solidaire: personnes 18 ans et plus",montreal,soutien_vulnerabilite,bien_etre_alimentaire,non
fondation du collège regina assumpta,"1750, rue Sauriol Est Ahuntsic-Cartierville Montréal QC H2C 1X4",Enfants en tête: activités physiques et récréatives pour les enfants vivant avec un handicap. Aide financière pour les frais scolaires. Bourse Jocelyne et Pierre Royer couvrant l'entièreté des frais d...,514 382-4121 poste 338,fondation@reginaassumpta.qc.ca,fondation.reginaassumpta.qc.ca,Grand Montréal,"activités: enfants vivant avec un handicap, aide financière: élèves du Collège Regina Assumpta dont les parents éprouvent momentanément des difficultés financières, bourse Jocelyne et Pierre Royer: jeunes vivant avec un handicap qui répondent aux critères d'admission et dont les parents ne possèdent pas les moyens financiers pour payer l'accès aux programmes du Collège",grand_montreal,sante,developpement_enfants_familles,non
centre communautaire multi-ethnique de montréal-nord,"11121, avenue Salk, bureau 5A Montréal-Nord Montréal QC H1G 4Y3","Aide à l'intégration des membres des communautés culturelles. Comptoir alimentaire au 6343, rue Pierre, H1G 2P2. Information et référence. Activités socioculturelles. Traduction et assermentation. Ca",514 329-5044,ccmemn13@yahoo.ca,www.centremultiethnic-mtln.org,"comptoir alimentaire: Montréal-Nord, autres services: île de Montréal","membres des communautés culturelles, aide alimentaire: personnes dans le besoin ayant un faible revenu",local,autres_missions_sociales,bien_etre_alimentaire,non
service à la famille chinoise du grand montréal,"1088, rue Clark, 3e étage Ville-Marie Montréal QC H2Z 1C1",Services pour les membres des communautés asiatiques et chinoises.Immigrant·e·s Accueil et aide à l'établissement des nouveaux·elles immigrant·e·s. Francisation à temps partiel. Programmes d'employabi...,514 861-5244,direction@famillechinoise.qc.ca,www.famillechinoise.qc.ca,Grand Montréal,communautés chinoises et asiatiques,grand_montreal,autres_missions_sociales,developpement_enfants_familles,non
corporation via-travail,"9419, rue Lajeunesse Ahuntsic-Cartierville Montréal QC H2M 1S5",Services en employabilité pour personnes judiciarisées. Maison Essor: centre résidentiel communautaire. Centres de main-d'ouvre Opex: services d'employabilité pour la réinsertion au marché du travail....,514 388-4433,opex82montreal@viatravail.ca,viatravail.ca/index.html,"île de Montréal, Laval, Laurentides, Lanaudière",personnes judiciarisées de plus de 18 ans,grand_montreal,emploi,soutien_vulnerabilite,non
maison essor,"9419, rue Lajeunesse Ahuntsic-Cartierville Montréal QC H2M 1S5",Centre résidentiel communautaire. Réinsertion sociale par l'intégration au monde du travail. Suivi clinique. Accompagnement et référence.,514 388-4433,jdonne@viatravail.ca,www.viatravail.ca/eprogramme.html,le Québec,ex-détenus masculins de juridiction fédérale,provincial,soutien_vulnerabilite,emploi,non
centre de main-d'oeuvre opex'82,"9390, rue Lajeunesse Ahuntsic-Cartierville Montréal QC H2M 1S4",Service spécialisé de main-d'oeuvre visant la réinsertion au marché du travail de personnes judiciarisées. Orientation d'emploi. Ateliers de formation. Exploration et connaissance de soi. Formation pr...,514 381-7276,opex82montreal@viatravail.ca,www.viatravail.ca,"Grand Montréal, Laval, Laurentides, Lanaudière",personne ayant un casier judiciaire,grand_montreal,emploi,soutien_vulnerabilite,non
fondation olo,"550, rue Sherbrooke Ouest, tour Est, bureau 230 Ville-Marie Montréal QC H3A 1B9","Distribution de suppléments alimentaires pour les personnes enceintes: oeufs, lait, légumes surgelés et multivitamines prénatales. Suivi individualisé auprès des parents et des familles.",1 888 656-6372,info@fondationolo.ca,www.fondationolo.ca,le Québec,femmes enceintes à faible revenu,provincial,developpement_enfants_familles,bien_etre_alimentaire,non
centre de ressources en employabilité montréal centre-ville,"550, rue Sherbrooke Ouest, 17e étage, bureau 1770, tour Ouest Ville-Marie Montréal QC H3A 1B9",Club de recherche d'emploi. Orientation professionnelle. Ateliers transversaux pour la recherche d'emploi. Ateliers spécialisés pour les personnes nouvellement immigrantes. Aide à la rédaction,514 286-9595,cremcv@cremcv.com,www.cremcv.com,"île de Montréal, Laval, Programme de transition de carrière pour les professionnel·le·s de santé diplômé·e·s hors du Canada et des États-Unis: île de Montréal, Laval, Montérégie","personnes en recherche d'emploi, programme de transition de carrière: personnes détenant un diplôme universitaire obtenu hors Canada et États-Unis et n'ayant pas de permis d'exercice",grand_montreal,emploi,autres_missions_sociales,non
université mcgill - clinique de violence conjugale,"3506, rue University Ville-Marie Montréal QC H3A 2A7","Clinique-école de consultation en violence conjugale. Thérapie individuelle, de couple, familiale et de groupe par des étudiant·e·s supervisé·e·s de l'Université McGill. Recherches en violence conjuga...",514 398-2686,derrolj@hotmail.com,www.mcgill.ca/dvc,le Québec,"personnes vivant ou perpétrant de la violence conjugale, leur conjoint·e, leur famille",provincial,soutien_vulnerabilite,sante,non
centre communautaire juridique de montréal,"425, boulevard de Maisonneuve Ouest, bureau 600 Ville-Marie Montréal QC H3A 3K5","Services d'aide juridique par des avocats en droit familial, droit criminel et pénal, droit de la jeunesse, immigration, droit civil, administratif (aide sociale, SAAQ, CSST), pension alimentaire, dro...",1 800 842-2213,aidejuridiquemtl@ccjm.qc.ca,www.aidejuridiquedemontreal.ca,"île de Montréal, Laval","personne ou organisation sans but lucratif résidant au Québec ou contrainte de rester au Québec, financièrement admissible et dont le service juridique demandé est couvert par la Loi",grand_montreal,defense_droits,soutien_vulnerabilite,non
appui proches aidants,"400, boulevard De Maisonneuve Ouest, bureau 720 Ville-Marie Montréal QC H3A 1L4","Info-aidant: service d'écoute, d'information et de références par téléphone et par clavardage. Financement de projets auprès des organismes qui fournissent des services aux proches aidant·e·s.",514 789-2460,info@lappui.org,www.lappui.org/fr,le Québec,"organismes qui fournissent du soutien aux proches aidant·e·s, personnes proches aidantes",provincial,sante,,non
ligne info-aidant,"400, boulevard de Maisonneuve Ouest, bureau 720 Ville-Marie Montréal QC H3A 1L4","Service téléphonique d'écoute, d'information et de références professionnel, confidentiel et gratuit. Écoute et soutien psychosocial. Information. Orientation vers les services et ressources approprié...",1 855 852-7784,info-aidant@lappui.org,www.lappui.org,le Québec,"proches aidant·e·s, leurs entourages, intervenant·e·s, professionnel·le·s de la santé ou toute autre personne ayant des questions sur la proche aidance",provincial,sante,soutien_vulnerabilite,non
bureau d'aide juridique - droit de l'immigration - montréal,"425, boulevard Maisonneuve Ouest, bureau 400 Ville-Marie Montréal QC H3A 3G5","Bureau d'aide juridique en droit de l'immigration. Consultation téléphonique avec un·e avocat·e, accessible 24 heures, 7 jours, lors d'une arrestation ou en cas de détention.",1 800 842-2213,baj.immigration@ccjm.qc.ca,www.aidejuridiquedemontreal.ca,"île de Montréal, Laval","personne ou organisation sans but lucratif résidant au Québec ou contrainte de rester au Québec, financièrement admissible et dont le service juridique demandé est couvert par la Loi",grand_montreal,defense_droits,autres_missions_sociales,non
mission old brewery - pavillon webster - programme pass,"915, rue Clark Ville-Marie Montréal QC H2Z 1J8","Réaffiliation et stabilisation médicale et psychosociale: introduction de traitement, maintien, accompagnement. Référence et accompagnement vers le logement adapté. Ateliers d'activités artistique",514 798-2244 poste 214,info@missionoldbrewery.ca,www.missionoldbrewery.ca/fr,Grand Montréal,"hommes en situation d'itinérance de 18 ans et plus vivant avec un enjeu de santé devant être stabilisé (physique, mentale, dépendance, etc.)",grand_montreal,sante,soutien_vulnerabilite,non
mission old brewery - pavillon webster - service d'urgence,"915, rue Clark Ville-Marie Montréal QC H2Z 1J8","Service d'urgence et d'accompagnement vers le logement. Programmes pour personnes vivant un premier épisode d'itinérance et en santé urbaine (santé mentale, santé physique et consommation d'alc",514 798-2244,info@missionoldbrewery.ca,www.missionoldbrewery.ca/fr,Grand Montréal,hommes en situation d'itinérance de 18 ans et plus,grand_montreal,soutien_vulnerabilite,logement,non
mission old brewery - les sentinelles de rue,"7, rue Saint-Antoine Ouest Ville-Marie Montréal QC H2Z 1G8",Logements abordables de transition pour anciens combattant·te·s sans-abri·e·s avec soutien psychosocial.,514 278-5363 poste 332,info@missionoldbrewery.ca,www.missionoldbrewery.ca/fr,Grand Montréal,anciens combattant·te·s sans-abri·e·s,grand_montreal,soutien_vulnerabilite,logement,non
mission old brewery - pavillon webster - services de transition,"915, rue Clark Ville-Marie Montréal QC H2Z 1J8",Hébergement et services de transition à durée indéterminée. Vestiaire pour les résidents seulement. Accompagnement dans les démarches de relogement.,514 798-2244,info@missionoldbrewery.ca,www.missionoldbrewery.ca/fr,Grand Montréal,hommes en situation d'itinérance de 18 ans et plus,grand_montreal,soutien_vulnerabilite,logement,non
mission old brewery - pavillon webster - programme de réaffiliation en itinérance et santé mentale,"915, rue Clark Ville-Marie Montréal QC H2Z 1J8",Suivi et hébergement avec repas pour la stabilisation des personnes ayant un problème en santé mentale et d'itinérance. Suivi par des professionnel·le·s,514 798-2244 poste 229,info@oldbrewerymission.ca,www.missionoldbrewery.ca,île de Montréal,hommes en situation d'itinérance vivant avec des problèmes de santé mentale sévères et persistants,montreal,sante,soutien_vulnerabilite,non
mission old brewery - pavillon webster - suivi intensif en itinérance,"915, rue Clark Ville-Marie Montréal QC H2Z 1J8",Logement de transition pour hommes en situation d'itinérance ou à risque de l'être ayant des enjeux de santé mentale.,514 789-1401 poste 3,info@missionoldbrewery.ca,www.missionoldbrewery.ca/fr,Grand Montréal,hommes en situation d'itinérance ou à risque de l'être ayant des enjeux de santé mentale,grand_montreal,soutien_vulnerabilite,logement,non
mission old brewery - café mission,"906, boulevard Saint-Laurent Ville-Marie Montréal QC H2Z 1J2",Centre de jour. Information et références. Douche et buanderie. Accueil psychosocial. Café avec accès Internet.,514 798-2244 poste 213,info@missionoldbrewery.ca,www.missionoldbrewery.ca/fr,Grand Montréal,personnes en situation d'itinérance de 18 ans et plus,grand_montreal,soutien_vulnerabilite,bien_etre_alimentaire,non
mission old brewery,"915, rue Clark Ville-Marie Montréal QC H2Z 1J8","Ensemble de pavillons fournissant refuge, logement, vêtements et repas. Assistance à la recherche d'emploi. Possibilité de travaux compensatoires. Services spécialisés pour adultes itinérants. Pavillo...",514 866-6591 poste 0,info@missionoldbrewery.ca,www.missionoldbrewery.ca/fr,Grand Montréal,personnes en situation d'itinérance,grand_montreal,soutien_vulnerabilite,emploi,non
mission old brewery - pavillon marcelle et jean coutu,"7, rue Saint-Antoine Ville-Marie Montréal QC H2Z 1G8","Logements sociaux subventionnés avec suivi individuel, pouvant être occupés pour une durée illimitée. Intervention communautaire. Soutien psychosocial et suivi dans les démarches personnelles. Soins",514 278-5363 poste 332,info@oldbrewerymission.ca,www.missionoldbrewery.ca/fr,Grand Montréal,hommes de 25 ans et plus en situation d'itinérance et à faible revenu,grand_montreal,logement,soutien_vulnerabilite,non
fondation dr clown,"1200, rue de Bleury Ville-Marie Montréal QC H3B 3J3","Clowns thérapeuthiques visant à améliorer la qualité de vie et le bien-être des personnes vulnérables au niveau de la santé.? Domaines d'intervention: autisme, pédopsychiatrie, enfants hospitalisé·e·s...",514 845-7628,info@drclown.ca,fondationdrclown.ca,le Québec,"enfants, parents, personnes aînées, adultes hospitalisé·e·s ou en soins palliatifs",provincial,sante,arts_culture_medias,oui
sclérodermie québec,"550, chemin Chambly, bureau 040 Longueuil Montérégie QC J4H 3L8","Écoute téléphonique, information et orientation Soutien des personnes atteintes par des références médicales et de l'information éducative. Comités d'entraide: aider les patient·e·s et leurs proches à...",1 844 990-6789,info@sclerodermie.ca,sclerodermie.ca,le Québec,"personnes atteintes de sclérodermie, leurs proches, les professionnel·les de la santé",provincial,sante,soutien_vulnerabilite,non
centre d'aide aux victimes d'actes criminels de montréal - palais de justice de montréal,"1, rue Notre-Dame Est, bureau 12.12 Ville-Marie Montréal QC H2Y 1B6",Services confidentiels de première ligne adaptés à chacune des étapes du processus judiciaire. Évaluation des besoins. Intervention post-traumatique et psychojudic,1 866 532-2822,communication@cavacmontreal.qc.ca,cavac.qc.ca,île de Montréal,"personnes victimes d'un acte criminel, leurs proches, témoins d'un crime, peu importe la gravité, la nature et le moment du crime commis, que l'auteur·rice du crime soit ou non identifié·e, arrêté·e, poursuivi·e ou reconnu·e coupable",montreal,soutien_vulnerabilite,defense_droits,non
tribunal des droits de la personne,"1, rue Notre-Dame Est, bureau 10.51 Ville-Marie Montréal QC H2Y 1B6","Tribunal spécialisé qui entend et dispose des litiges en matière de discrimination, de harcèlement, d'exploitation interdits par la Charte des droits et libertés de la personne. Décide des affaires pr...",514 393-6274,tribunal.personne@judex.qc.ca,tribunaldesdroitsdelapersonne.ca,le Québec,toute personne se croyant victime de discrimination et ayant porté plainte à la Commission des droits de la personne,provincial,defense_droits,,non
sexual assault centre of the mcgill students' society,"3480, rue McTavish, local B-27 Ville-Marie Montréal QC H3A 0B8","Groupes de soutien hebdomadaires confidentiels: pour les survivant·e·s, en français et en anglais. Accueil et assistance téléphonique (DIAL): en anglais, références vers d'autres services de Montréa",,external@sacomss.org,www.sacomss.org/wp/fr,Grand Montréal,survivant·e·s d'agression sexuelle et leurs allié·e·s,grand_montreal,soutien_vulnerabilite,defense_droits,non
armée du salut - service d'urgence et d'aide aux sinistrés,"625, avenue du Président-Kennedy, bureau 511 Ville-Marie Montréal QC H3A 1K2","Aide lors de catastrophes naturelles (inondations, incendies, tempêtes). Aide alimentaire. Aide matérielle: vêtements, kits d'hygiène, couvertures, etc. Mettre en place des abris temporaires et",514 809-2522,anais.lemoine@armeedusalut.ca,salvationarmy.ca/quebec/?lang=fr,le Québec,"personnes ou familles touchées par une catastrophe naturelle (inondations, incendies de forêt, tempêtes, tremblements de terre) et ayant perdu leur logement ou l'accès aux ressources de base, personnes en situation d'itinérance ou à risque de l'être, personnes ou familles en difficulté financière incapables de répondre à leurs besoins de base, groupes marginalisés (communautés autochtones, personnes aînées, personnes handicapées, pompiers, police, équipes médicales, bénévoles, organisations à but non lucratif, agences gouvernementales",provincial,soutien_vulnerabilite,bien_etre_alimentaire,non
services de placement horizon-travail,"666, rue Sherbrooke Ouest, bureau 401 Ville-Marie Montréal QC H3A 1E7",Services externes de main-d'oeuvre. Aide à l'emploi pour personnes vivant avec une déficience visuelle ou des problèmes de santé mentale. Encadrement et soutien dans les démarches de recherche d'emplo...,514 933-1141,info@horizon-travail.org,horizon-travail.org,île de Montréal,personnes vivant avec une déficience visuelle ou des problèmes de santé mentale,montreal,emploi,sante,non
mission communautaire de montréal,"1435, rue City Councillors, bureau 3, 2e étage Ville-Marie Montréal QC H3A 2E4",Camp de jour d'été pour enfants de 5 à 10 ans. Clinique d'information juridique et d'accompagnement pour réfugié·e·s et nouveaux·elles arrivant·e·s avec un statut d'immigration précaire. Clinique juri...,514 844-9128,info@montrealcitymission.org,fr.montrealcitymission.org,île de Montréal,"personnes seules ou itinérantes, familles ou personnes immigrantes ou réfugiées de tous âges, familles à faible revenu",montreal,developpement_enfants_familles,defense_droits,non
parahockey montréal,"8650, rue Querbes Villeray—Saint-Michel—Parc-Extension Montréal QC H3N 2G5",Regroupement de clubs de hockey sur luge visant la promotion du sport pour personnes vivant avec une déficience physique. Cours de hockey sur luge dans différents clubs de la province du Québec.,514 995-2913,info@parahockey.com,www.parahockey.com,le Québec,personnes vivant avec une déficience physique ou étant intéressées par le hockey sur luge,provincial,sports_loisirs_tourisme,sante,oui
piétons québec,"460, rue Sainte-Catherine Ouest, bureau 942 Ville-Marie Montréal QC H3B 1A7","Défense collective des droits des personnes piétonnes. Sensibilisation et mobilisation des citoyen·ne·s et des instances publiques. Information, conférences et formations.",514 394-0002,info@pietons.quebec,www.pietons.quebec,le Québec,"grand public, municipalités",provincial,defense_droits,developpement_communautaire,non
équijustice,"460, rue Sainte-Catherine Ouest, bureau 412 Ville-Marie Montréal QC H3B 1A6","Promotion de la justice équitable et accessible à tous·tes. Partenaire du programme d'Équipe mobile, de médiation et d'intervention sociale (ÉMMIS): équipe 24/7 d'intervention non urgente dans l'espac...",1 877 204-0250,info@equijustice.ca,equijustice.ca/fr,le Québec,"adultes, familles et adolescent·e·s, victimes, contrevenant·e·s, grand public",provincial,defense_droits,soutien_vulnerabilite,non
fédération québécoise des sociétés alzheimer,"460, rue Sainte-Catherine Ouest, bureau 507 Ville-Marie Montréal QC H3B 1A7","Défense des droits et sensibilisation. Information du public et formation des personnes intervenantes de la santé. Soutien, ateliers de consultation, suivi. Soutien à l'hébergement. Répit-stimulation....",1 844 320-9722,info@alzheimerquebec.ca,alzheimer.ca/federationquebecoise/fr,le Québec,"personnes atteintes de la maladie d'Alzheimer ou d'un trouble neurocognitif majeur, leur famille et leurs proches aidant·e·s",provincial,sante,defense_droits,non
centre international d'étude sur le jeu et les comportements à risque chez les jeunes,"3724, rue McTavish Ville-Marie Montréal QC H3A 1Y2",Centre de recherche sur la participation des jeunes aux jeux d'argent et les problématiques connexes. Recherche. Information et documentation. Formation et activités d,514 398-1391,ygi.educ@mcgill.ca,jeuchezlesjeunes.com,le Québec,"adolescent·e·s vivant avec un problème de dépendance aux jeux d'hasard ou une problématique connexe, leurs parents, personnes intervenantes, organismes",provincial,sante,education_formation,non
espace la traversée - habitat charleroi,"11132, boulevard Pie-IX Montréal-Nord Montréal QC H1H 4B5","Logements subventionnés avec services pour personnes aînées à risque d'itinérance. Soutien communautaire. Salles communautaires. Fiducie régionale solidaire: accompagnement dans la gestion du budget, ...",514 379-3526,hlt@espacelt.org,espacelt.org,île de Montréal,"personnes âgées à risque d'itinérance, autonomes en appartement, fiducie régionale solidaire: personnes 18 ans et plus",montreal,logement,soutien_vulnerabilite,non
barreau du québec,"445, boulevard Saint-Laurent Ville-Marie Montréal QC H2Y 3T8",Ordre professionnel des avocat·e·s du Québec. Réception des plaintes: www.barreau.qc.ca/fr/grand-public/porter-plainte/comment-porter-plainte-avocat Bottin des avocat·e·s en ligne: www.barreau.qc.ca/f...,1 844 954-3411,infobarreau@barreau.qc.ca,www.barreau.qc.ca/fr,"le Québec, ligne téléphonique logement: Montréal, Laval, Joliette, Saint-Jérôme",ligne Info-Droit criminel: personnes accusées d'une infraction criminelle ou pénale qui ne sont pas représentées par un·e avocat·e et non admissibles à l'aide juridique,grand_montreal,defense_droits,autres_missions_sociales,non
maison saint-laurent,"6060, rue Renoir Montréal-Nord Montréal QC H1G 2N8","Maison de transition. Ressource substitutive à l'incarcération pour individus en probation, en emprisonnement avec sursis ou en libération sous condition. Réinsertion sociocommunautaire. Séjour réguli...",514 326-8400,administration@msl-assl.com,www.msl-assl.com,Montréal,hommes contrevenants de 18 ans et plus,montreal,soutien_vulnerabilite,defense_droits,non
maisons de transition de montréal,"6060, rue Renoir Montréal-Nord Montréal QC H1G 2N8",Centre de prévention de la délinquance. Réintégration sociale et communautaire pour personnes contrevenantes. Concertation et organisation communautaire. Formation et stages pour intervenant·e·s.,514 326-8400,administration@msl-assl.com,www.msl-assl.com,Montréal,"réintégration sociale: hommes à risque de délinquance, hommes contrevenants",montreal,soutien_vulnerabilite,defense_droits,non
rue des femmes (la),"1050, rue Jeanne-Mance Ville-Marie Montréal QC H2Z 1L7","Centre de jour et hébergement d'urgence pour femmes en situation d'itinérance. Centre de jour: repas, espace de repos et soins de santé relationnelle. Soutien, relation d'aide, intervention en situati...",514 284-9665,info@laruedesfemmes.org,laruedesfemmes.org,Grand Montréal,femmes en état d'itinérance ou en difficulté,grand_montreal,soutien_vulnerabilite,sante,non
rue des femmes (la) - maison olga,"1050, rue jeanne-Mance Ville-Marie Montréal QC H2Z 1L7","Logements de transition pour femmes: durée à court, moyen et long terme. Soutien par une intervenante psychosociale.",514 284-9665,info@laruedesfemmes.org,www.laruedesfemmes.org,Grand Montréal,femmes en état d'itinérance ou en difficulté,grand_montreal,soutien_vulnerabilite,logement,non
centre de justice de proximité du grand montréal,"407, boulevard Saint-Laurent, bureau 410 Ville-Marie Montréal QC H2Y 2Y5","Clinique d'information juridique: explication de la loi, information sur les types de recours, les actes de procédure et le déroulement des instances, orientation dans le système de la justice. Référe...",514 227-3782,montreal@cjpqc.ca,www.justicedeproximite.qc.ca,île de Montréal,personnes à la recherche d'informations juridiques,montreal,defense_droits,,non
maison l'éclaircie de montréal,"10375, rue Papineau Ahuntsic-Cartierville Montréal QC H2B 2A3","Hébergement alternatif et communautaire en santé mentale d'orientation psychanalytique, maximum 2 ans. Suivi clinique et psychosocial. Accompagnement pour projets d'études, de travail et de recherche ...",514 382-2760,info@leclaircie.com,www.leclaircie.com,île de Montréal,personnes vivant avec des difficultés liées à la psychose ou ayant des troubles sévères de la personnalité,montreal,sante,soutien_vulnerabilite,non
mouvement communitas,"1444, avenue Union Ville-Marie Montréal QC H3A 2B8",Organisme de justice réparatrice. Accompagnement et réintégration pour personnes ayant été en prison. Cercles de soutien et de responsabilité: groupes de soutien confidentiels pour personnes avec un h...,514 244-6147,info@communitasmontreal.org,communitasmontreal.org,Grand Montréal,"personnes ayant été en prison, communauté",grand_montreal,defense_droits,soutien_vulnerabilite,non
midnight kitchen,"3480, rue McTavish Ville-Marie Montréal QC H3A 0E7","Distribution de repas vegan: 3480, rue McTavish. Service de traiteur solidaire pour les événements communautaires. Jardin communautaire: pavillon Burnside, 805, rue Sherbrooke. Éducation populaire. Fi...",438 238-9907,midnightkitchencollective@gmail.com,midnightkitchen.org,île de Montréal,"distribution de repas: étudiant·e·s de l'université McGill et membres de la communauté ayant des difficultés financières ou vivant avec un handicap, une maladie chronique, un problème de santé mentale ou d'autres déficiences, autres services: étudiant·e·s, membres de la communauté, organisations communautaires",montreal,bien_etre_alimentaire,developpement_communautaire,non
clinique d'information juridique à mcgill,"3480, rue McTavish, bureaux 108 et 107-A Ville-Marie Montréal QC H3A 0E7",Clinique d'information juridique et de représentation. Formulaire de demande d'information juridique: cliquer ici Référencement et ressources en ligne: cliquer ici Représentation étudiante: conseil et...,438 944-6545,pub.licm@mail.mcgill.ca,licm.ca/fr,Grand Montréal,"étudiant·e·s de l'Université McGill, information juridique et accompagnement à la cour: grand public, ateliers Point d'info: organismes communautaires",grand_montreal,defense_droits,education_formation,non
maison l'échelon,"8777, rue Hochelaga Mercier—Hochelaga-Maisonneuve Montréal QC H1L 2N1",Résidences de groupe et appartements supervisés avec encadrement et loisirs adaptés. Entrevoix: groupes d'entraide pour les entendeur·euse·s de voix.,514 355-4223,info@maisonechelon.ca,www.maisonechelon.ca,île de Montréal,personnes ayant des problèmes de santé mentale et un suivi en clinique externe pour des problèmes d'ordre psychiatrique,montreal,sante,logement,non
résidence emmanuel-grégoire,"2205, rue des Ormeaux Mercier—Hochelaga-Maisonneuve Montréal QC H1L 4W9","Centre résidentiel communautaire, service d'hébergement et programme de réinsertion sociale.",514 640-5361,reg@s-e-g.ca,www.s-e-g.ca/fr,Grand Montréal,hommes ex-détenus sous juridiction fédérale,grand_montreal,soutien_vulnerabilite,logement,non
option consommateurs,"507, Place d'Armes, bureau 1101 Ville-Marie Montréal QC H2Y 2W8","Information et défense des droits en matière de consommation, crédit et endettement. Consultations budgétaires pour aider les consommateurs à équilibrer leur budget. Information juridique aux consomma...",1 888 412-1313,info@option-consommateurs.org,option-consommateurs.org,"consultations budgétaires: Hochelaga-Maisonneuve, Le Plateau-Mont-Royal, Outremont, Rosemont, Ville-Marie, Prêt du quartier: Centre-Sud, Le Plateau-Mont-Royal, information juridique et ligne pour personnes aînées: le Québec","consommateur·trice·s, personnes en situation de vulnérabilité, personnes aînées, organismes communautaires, Prêt du quartier: personnes à faible revenu qui ne peuvent obtenir de prêt d'une institution financière, qui disposent d'une certaine capacité de remboursement et qui sont ou souhaitent devenir membres d'une caisse populaire Desjardins",local,defense_droits,soutien_vulnerabilite,non
association des conseillers en hébergement pour aînés du québec,"1474, rue Fleury Est Ahuntsic-Cartierville Montréal QC H2C 1S1","Accompagnement pour trouver un hébergement au privé pour personnes aînées autonomes. Rencontre individuelle à domicile, à l'hôpital ou en centre de réadaptation pour l'évaluation des besoin",514 949-7234,rene@horizondubelage.com,achq.quebec/fr/achq-accueil,"île de Montréal, région de la Capitale-Nationale, Montérégie, Lanaudière, Laurentides, Laval","personnes aînées, leur famille",grand_montreal,sante,,non
centre des femmes solidaires et engagées,"1586, rue Fleury Est, porte 100 Ahuntsic-Cartierville Montréal QC H2C 1S6","Accueil, écoute active sur place, par téléphone ou par Zoom. Accompagnement pour femmes qui vivent une relation abusive. Consultations individuelles. Clinique juridique. Information et référence. Cent...",514 388-0980,info@cfse.ca,cfse.ca,île de Montréal,femmes,montreal,soutien_vulnerabilite,defense_droits,non
fondation jean marc paquette - safir,"215, rue Saint-Jacques, bureau 600 Ville-Marie Montréal QC H2Y 1M6",Aide financière rapide pour personnes atteintes d'un cancer du sein. Aide par paiement de certaines factures.,514 461-2088,fjmp@fjmp.org,www.fjmp.org/fr/safir,le Québec,personnes atteintes d'un cancer du sein,provincial,sante,,non
sclérose en plaques canada - division du québec,"1981, avenue McGill College, 2e étage, bureau 200, casier 135 Ville-Marie Montréal QC H3A 2Y1",Information relative aux différents aspects de la maladie. Orientation vers les services d'amélioration des conditions de vie. Appui dans la revendication de droits. Promotion et financement de la rec...,1 800 268-7582,info.qc@scleroseenplaques.ca,spcanada.ca,le Québec,"personnes atteintes de sclérose en plaques, leur famille, proches aidant·e·s",provincial,sante,defense_droits,non
info-femmes,"9200, rue Sherbrooke Est, bureau 220 Mercier—Hochelaga-Maisonneuve Montréal QC H1L 1E5","Centre pour femmes. Accueil, information, écoute et référence en personne ou par téléphone. Appels solidaires bimensuels: information, écoute et référence sur une base régulière. Info-Violence: atelie...",514 355-4529,centreif@hotmail.com,www.infofemmes.net,Grand Montréal,"personnes de tous âges s'identifiant comme femmes, leurs enfants",grand_montreal,soutien_vulnerabilite,defense_droits,non
repère - relation d'entraide pour une paternité renouvelée,"2595, boulevard Henri-Bourassa Est Ahuntsic-Cartierville Montréal QC H2B 1V4",Accueil et référence. Intervention individuelle. Consultation juridique en droit de la famille. Programme Harmonie: rencontres de groupe visant à sensibiliser à l'importance de la coparentalité,514 381-3511,liaison@repere.org,www.repere.org,Grand Montréal,"pères, programme Harmonie: pères en difficultés relationnelles et souhaitant rester engagés dans la vie de leurs enfants",grand_montreal,developpement_enfants_familles,soutien_vulnerabilite,non
collectif bienvenue (le),"9494, boulevard St-Laurent, bureau 802 Ahuntsic-Cartierville Montréal QC H2N 1P4","Organisme de soutien aux demandeurs d'asile nouvellement arrivés au pays et vulnérables.Programme de biens essentiels Dons d'articles: meubles, réfrigérateurs et cuisinières, ordinateurs et télévision...",,info@welcomecollective.org,www.welcomecollective.org/fr/accueil,île de Montréal,personnes demandeuses d'asile nouvellement arrivées au pays,montreal,soutien_vulnerabilite,autres_missions_sociales,non
mission bon accueil - marché bon accueil de montréal-nord,"5095, boulevard Henri-Bourassa Est Montréal-Nord Montréal QC H1G 2S4","Distribution de nourriture, avec possibilité de livraison pour les personnes admissibles. Inscription en ligne: clients.missionba.com",514 937-9317 poste 5,marchebonaccueil@missionba.com,clients.missionba.com/login,"Grand Montréal, livraison de nourriture: Montréal-Nord","familles et personnes dans le besoin, livraison de nourriture: personnes âgées, personnes vivant avec une maladie grave ou un handicap",local,bien_etre_alimentaire,soutien_vulnerabilite,non
mission bon accueil - services aux jeunes,"5095, boulevard Henri-Bourassa Est, 2e étage Montréal-Nord Montréal QC H1G 2S4","Lieu de rencontre pour fugueur·se·s et jeunes de la rue. Repas chauds. Douches, produits d'hygiène. Paniers alimentaires. Vêtements et sacs de couchage. Accueil et référence. Soutien sociopsychologiqu...",514 904-1346,info@missionba.com,missionbonaccueil.com,Grand Montréal,"jeunes de 15 à 25 ans et jeunes femmes de 15 à 30 ans en fugue, en situation d'itinérance ou en difficulté",grand_montreal,soutien_vulnerabilite,bien_etre_alimentaire,non
société de saint-vincent de paul - conseil provincial du québec,"6375, rue Dijon Montréal-Nord Montréal QC H1G 2L9",Coordination et concertation des points de service de la Société de Saint-Vincent-de-Paul à l'échelle du Québec.,514 525-0232,info@ssvp.qc.ca,www.ssvp-quebec.ca,le Québec,,provincial,soutien_vulnerabilite,developpement_communautaire,non
parole d'exclues,"11460, avenue Pelletier, local 201 Montréal-Nord Montréal QC H1H 3S4","Lutte contre la pauvreté et l'exclusion sociale par la mobilisation citoyenne. Mobilisation citoyenne et recherche-action sur des enjeux tels que le racisme, la santé mentale, l'aide alimentaire, l'ai...",514 759-0726,communications@parole-dexclues.ca,www.parole-dexclues.ca,"Grand Montréal, priorité à Montréal-Nord",citoyen·ne·s,local,developpement_communautaire,defense_droits,non
société canadienne de la sclérose en plaques - section montréal,"1981, avenue McGill College, bureau 200 Ville-Marie Montréal QC H3A 2Y1",Informations relatives aux différents aspects de la maladie. Éducation et information pour les professionnel·le·s de la santé et les bénévoles. Orientation vers les services pouvant amélio,514 225-9575,info.montreal@scleroseenplaques.ca,spcanada.ca/sp-canada-montréal,île de Montréal,"personnes vivant avec la sclérose en plaques, leur famille, membres ami de la sclérose en plaques",montreal,sante,soutien_vulnerabilite,non
société de l'arthrite du canada,"3, Place Ville-Marie, bureau 400 Ville-Marie Montréal QC H3B 2E3","Aide entrAide: programme d'entraide, d'information et de soutien. Conversations sur l'arthrite: webinaires et conférences. Ligne d'information sur l'arthrite: suivi des demandes de renseignement et de...",1 800 321-1433,info@arthrite.ca,arthrite.ca,le Québec,"personnes de tous âges vivant avec de l'arthrite, camp d'été: enfants de 8 à 16 ans",provincial,sante,,non
mikana,Ville-Marie Montréal QC,Sensibilisation aux réalités et perspectives des peuples autochtones. Ateliers et formations. Programme pour jeunes autochtones qui souhaitent s'engager dans la création de ponts entre Autochtones et ...,,info@mikana.ca,mikana.ca,île de Montréal,,montreal,autres_missions_sociales,education_formation,non
centre d'intégration scolaire,"8844, rue Notre-Dame Est Mercier—Hochelaga-Maisonneuve Montréal QC H1L 3M4","Externat de niveaux primaire et secondaire pour jeunes avec des problèmes d'adaptation sociale et affective. Enseignement individualisé. Activités de rééducation. Équipe en orthopédagogie, enseignant·...",514 374-8490,centre.dintegration.scolaire@gmail.com,,Grand Montréal,enfants de 6 à 18 ans ayant des troubles de comportement et d'adaptation scolaire,grand_montreal,education_formation,sante,non
fondation québécoise pour les jeunes contrevenants,"204, rue du Saint-Sacrement, bureau 300 Ville-Marie Montréal QC H2Y 1W8",Soutien à la réinsertion sociale. Bourses d'études. Stages en entreprise. Soutien à la vie de groupe. Intervention auprès de jeunes toxicomanes.,514 648-5858,infos@fqjc.org,www.fqjc.org/fr,le Québec,jeunes contrevenant·es,provincial,soutien_vulnerabilite,emploi,non
intégration sociale des enfants en milieu de garde,"386, rue de Gentilly Ouest, bureau 105 Longueuil Montérégie QC J4H 2A2","Soutien à l'intégration en service de garde des enfants vivant avec une déficience, une situation de handicap ou des défis particuliers. Service de soutien-conseil sur place ou en ligne pour les éduca...",450 646-2714,info@isemg.quebec,isemg.quebec,le Québec,"services de garde, éducateur·rice·s, accompagnateur·rice·s, surveillant·e·s, parents, enfants vivant avec une déficience, un handicap ou un retard de développement",provincial,developpement_enfants_familles,sante,non
bazar de l'église saint-paul-de-la-croix,"10218, rue de la Roche Ahuntsic-Cartierville Montréal QC H2C 2P1","Magasin d'aubaines. Vente et récupération sur place de vêtements et souliers pour toute la famille, ustensiles de cuisine, petits électroménagers, décorations, livres et magazines, bijoux, tissus, jou...",514 389-0206,paroisse.stpauldelacroix@videotron.ca,,île de Montréal,"familles, principalement celles ayant un faible revenu",montreal,developpement_communautaire,bien_etre_alimentaire,non
communautique,"55, rue Louvain Ouest, bureau 330 Ahuntsic-Cartierville Montréal QC H2N 1A4","Initiation aux technologies de la communication et de l'informatique: maîtrise, appropriation et développement des compétences. Formations en ligne. Fab Lab: laboratoire de fabrication créative avec d...",1 877 948-6644,info@communautique.quebec,www.communautique.quebec,le Québec,"grand public, PING!: personnes aînées, personnes à faible niveau de littératie, personnes à faible revenu",provincial,education_formation,developpement_communautaire,non
institut des troubles d'apprentissage,"1940, boulevard Henri-Bourassa Est Ahuntsic-Cartierville Montréal QC H2B 1S2","Information et soutien pour les personnes ayant des difficultés d'apprentissage et leur entourage. Formations, ateliers, conférences et colloques pour les intervenants en éducation et en santé, les en...",1 877 847-1324,info@institutta.com,www.institutta.com,le Québec,"enfants, adolescents, adultes vivant avec des difficultés d'apprentissage, incluant les TDAH, parents, professionnels et intervenants oeuvrant auprès des personnes aux prises avec cette problématique",provincial,sante,education_formation,non
commission des droits de la personne et des droits de la jeunesse,"360, rue Saint-Jacques, 2e étage Ville-Marie Montréal QC H2Y 1P5",Application de la Charte des droits et libertés de la personne. Réception des plaintes pour discrimination et pour harcèlement régies par la Charte et des plaintes pour exploitation de pe,1 800 361-6477,information@cdpdj.qc.ca,www.cdpdj.qc.ca,le Québec,personnes de tous âges,provincial,defense_droits,,non
objectif emploi,"35, rue de Port-Royal Est, bureau 300 Ahuntsic-Cartierville Montréal QC H3L 3T1","Orientation professionnelle. Aide à la recherche d'emploi pour personnes nouvelles arrivantes: information sur le marché du travail, techniques de recherche active, rédaction et production de CV et de...",514 381-1171,contact@oe2.ca,www.objectifemploi.ca,île de Montréal,"orientation et ateliers de conversation anglaise: grand public, aide à la recherche d'emploi: personnes nouvelles arrivantes depuis moins de 5 ans",montreal,emploi,autres_missions_sociales,non
fondation de l'ordre des dentistes du québec,"800, boulevard René-Lévesque Ouest, bureau 1640 Ville-Marie Montréal QC H3B 1X9",Promotion de la santé buccodentaire. Éducation aux mesures de prévention des maladies buccodentaires. Gestion de fonds pour l'amélioration de l'accessibilité des soins dentaires auprès des personnes v...,514 875-2266,fondation@fodq.ca,fodq.ca,le Québec,,provincial,sante,education_formation,non
banques alimentaires du québec (les),"555, boulevard Roland-Therrien, bureau 230 Longueuil Montérégie QC J4H 3Y9",Regroupement provincial d'organismes d'aide alimentaire. Réseau efficace et solidaire qui achemine et valorise les dons de nourriture vers les personnes qui en ont le plus besoin à travers tout le Qué...,1 877 478-4040,info@banquesalimentaires.org,banquesalimentaires.org,le Québec,"banques, comptoirs et groupes d'aide alimentaire aux niveaux provincial, régional et local",provincial,bien_etre_alimentaire,,non
rêvanous,"9870, rue Laverdure, bureau 100 Ahuntsic-Cartierville Montréal QC H3L 0A7",Ateliers préparatoires à l'autonomie résidentielle. Logement avec soutien individuel et suivi à l'autonomie. Loisirs adaptés. Soutien communautaire. Centre de jour Rêv'avenir.,514 528-8833,directiongenerale@revanous.org,www.revanous.org,île de Montréal,personnes avec une déficience intellectuelle légère,montreal,sante,logement,non
projet 10,"10138, rue Lajeunesse, bureau 301 Ahuntsic-Cartierville Montréal QC H3L 2E2","Services pour jeunes 2SLGBTQIA+ de 14 à 25 ans. Drop-in: espace de socialisation et de détente, comprenant une salle de bain non genrée et une cuisine communautaire. Soutien individuel et accompagneme...",514 989-0001,questions@p10.qc.ca,www.p10.qc.ca/accueil,Grand Montréal,"jeunes personnes bispirituelles, lesbiennes, gaies, bisexuelles, intersexuées, queer, trans, ou en questionnement de 14 à 25 ans",grand_montreal,soutien_vulnerabilite,developpement_enfants_familles,non
association québécoise des personnes de petite taille,"10138, rue Lajeunesse, bureau 401 Ahuntsic-Cartierville Montréal QC H3L 2E2",Information et soutien aux personnes et à leurs parents. Groupe de soutien. Conseils pour adaptations et aide technique. Défense et promotion des droits. Activités sociales. Publication de documents,514 521-9671,info@aqppt.org,aqppt.org,le Québec,"personnes de petite taille ayant le nanisme, leurs familles, personnes désireuses de soutenir la cause",provincial,sante,defense_droits,non
baluchon répit long terme,"10138, rue Lajeunesse, bureau 200 Ahuntsic-Cartierville Montréal QC H3L 2E2",Répit et soutien à domicile pour les proches aidant·e·s qui prennent soin d'un proche non autonome à domicile. Durée de 4 à 14 jours. Accompagnement des personnes en fin de vie et de leurs proches aid...,514 762-2667,info@baluchonrepit.com,www.baluchonrepit.com,le Québec,"proches aidant·e·s des personnes atteintes de la maladie d'Alzheimer, Parkinson, sclérose latérale amyotrophique, sclérose en plaques, en soins palliatifs, en fin de vie à domicile, aidé·e·s alité·e·s, toutes les personnes en perte d'autonomie",provincial,sante,soutien_vulnerabilite,non
montréal - ville - halte-chaleur (ymca centre-ville),"1440, rue Stanley Ville-Marie Montréal QC H3A 1P7","Halte-chaleur mixte pour hommes, femmes et couples. Cages pour les animaux de compagnie. Collations. Espace dédié exclusivement aux femmes.",438 357-2257,isabelle.legault@montreal.ca,,île de Montréal,personnes sans-abri,montreal,soutien_vulnerabilite,,non
aim croit,"433, rue Chabanel Ouest, mezzanine 2, bureau 304, tour sud Ahuntsic-Cartierville Montréal QC H2N 2J4","Développement de l'employabilité. Placement, intégration et maintien en emploi. Counselling individuel et formation de groupe afin de permettre l'identification et le développement de solutions créati...",514 744-2944,emploi@aimcroitqc.org,aimcroitqc.org,île de Montréal,personnes vivant avec un handicap ou des limitations physiques ou sensorielles,montreal,emploi,soutien_vulnerabilite,non
services sociaux helléniques du québec,"5777, avenue Wilderton Côte-des-Neiges—Notre-Dame-de-Grâce Montréal QC H3S 2V7",Alimentation Banque alimentaire. Livraison à domicile. Paniers de Noël.Soutien Information et référence. Écoute et accompagnement. Interprétation et traduction. Aide pour compléter les formulaires. Cl...,514 738-2421 poste 121,infosshq@hcgm.org,hcgm.org/?lang=fr,"Grand Montréal, livraison alimentaire: Côte-des-Neiges et les environs à proximité","grand public, principalement d'origine grecque",grand_montreal,bien_etre_alimentaire,soutien_vulnerabilite,non
société de transport de montréal - mobilité inclusive,"800, rue de la Gauchetière Ouest Ville-Marie Montréal QC H5A 1J6","Programme d'apprentissage au transport collectif (bus, métro, train et REM) pour les personnes avec des limitations fonctionnelles motrices et intellectuelles. Formation théorique en groupe. Formatio",514 786-4636,mobi@stm.info,www.stm.info/fr/infos/accessibilite-universelle/mobilite-inclusive,île de Montréal,"personnes ayant des limitations fonctionnelles motrices ou intellectuelles, personnes autistes, personnes ayant un trouble du langage et de la parole, personnes admises au transport adapté ou utilisant le réseau régulier",montreal,soutien_vulnerabilite,education_formation,non
centre philou,"2450, chemin de la Côte-Sainte-Catherine Côte-des-Neiges—Notre-Dame-de-Grâce Montréal QC H3T 1B1","Organisme offrant des services aux personnes polyhandicapés ainsi que leur famille. Accompagnement familial: écoute, information et référence. Séjours de répit de 24 à 48 heures minimum incluant plusi...",514 739-4861,info@centrephilou.com,centrephilou.com,le Québec,"personnes de 0 à 29 ans vivant avec une déficience physique importante et une déficience intellectuelle modérée ou sévère en plus de conditions associées, leurs familles, garderie spécialisée: enfants de 18 mois à 5 ans, Hébergement et milieu de vie: adultes de 21 ans et plus",provincial,sante,developpement_enfants_familles,non
ymca centre-ville - service de réinsertion sociale espadrille,"1435, rue Drummond, 6e étage Ville-Marie Montréal QC H3G 1W4","Soutien et accompagnement. Ateliers sur demande: compétences parentales, toxicomanie, santé émotionnelle, système judiciaire et correctionnel, endettement. Accompagnement vers des ressources",514 849-8393 poste 1725,cjle@ymcaquebec.org,www.ymcaquebec.org/fr/Programmes-communautaires/Prevention-de-l-exclusion/Service-de-reinsertion-sociale-Espadrille,île de Montréal,hommes adultes qui purgent une peine de compétence provinciale dans un centre de détention ou qui sont soumis à une mesure judiciaire en communauté,montreal,soutien_vulnerabilite,sante,non
ymca centre-ville - programme de travaux compensatoires,"1435, rue Drummond, 6e étage Ville-Marie Montréal QC H3G 1W4",Programme offrant aux citoyen·ne·s qui ne sont pas en mesure de payer leurs amendes la possibilité d'effectuer différents travaux pour rembourser leurs dettes. Facilitation de l'intégration au sein,514 849-8062 poste 21729,travaux.compensatoires@ymcaquebec.org,www.ymcaquebec.org/fr/programmes-communautaires/travaux-compensatoires,district judiciaire de Montréal,"citoyen·ne·s qui ne sont pas en mesure de payer leurs amendes, organismes à but non lucratif, paramunicipaux ou paragouvernementaux",montreal,defense_droits,developpement_communautaire,non
ymca centre-ville - service d'aide à l'emploi - la boussole,"1435, rue Drummond, 6e étage Ville-Marie Montréal QC H3G 1W4","Aide pour la réintégration sur le marché du travail ou pour un retour aux études. Formation préparatoire à l'emploi et intégration à un groupe de recherche d'emploi. Information, rédaction de C",514 849-8062,laboussole@ymcaquebec.org,ymcaquebec.org,Grand Montréal,personnes de 18 ans et plus ayant des antécédents judiciaires,grand_montreal,emploi,soutien_vulnerabilite,non
fondation berthiaume-du-tremblay (la),"1675, boulevard Gouin Est Ahuntsic-Cartierville Montréal QC H2C 1C2",Promotion du mieux-être des personnes aînées. Met de l'avant des projets novateurs qui soutiennent le bien vieillir. Sensibilise aux approches à mettre de l'avant pour soutenir un vieillissement en sa...,514 382-8018,fondation@berthiaume-du-tremblay.com,www.berthiaume-du-tremblay.com,le Québec,personnes aînées,provincial,sante,,non
maison jean lapointe,"111, rue Normand Ville-Marie Montréal QC H2Y 2K6","Centre de traitement des dépendances. Alcool, drogues et médicaments: aide à la désintoxication sous supervision médicale, traitement intensif à l'interne de 21 jours, suivi hebdomadaire de 12 semaine...",514 288-2611,info@maisonjeanlapointe.org,maisonjeanlapointe.org,le Québec,"adultes de 18 ans et plus avec un problème de dépendance à l'alcool, aux drogues (sauf opiacés), aux médicaments ou au jeu, leurs proches, TBH: 12 à 17 ans",provincial,sante,soutien_vulnerabilite,non
mission saint-michael (la) - halte-chaleur,"1105, rue Stanley Ville-Marie Montréal QC H3B 2S6","Halte-chaleur Lits pour hommes. Chaises pour hommes et femmes, chiens acceptés.",514 844-8127,info@stmichaelsmission.ca,stmichaelsmission.ca/fr,île de Montréal,"personnes en situation d'itinérance, avec ou sans chien",montreal,soutien_vulnerabilite,logement,non
mission saint-michael (la),"1105, rue Stanley Ville-Marie Montréal QC H3B 2S6","Centre de jour: déjeuner, dîner, collation, café. Halte-chaleur. Point de services mobile de soins médicaux et de services sociaux. Activités culturelles. Distribution de sacs de nourriture avec denré...",514 844-8127,info@stmichaelsmission.ca,stmichaelsmission.ca/fr,île de Montréal,"adultes à faible revenu, personnes en situation d'itinérance, nouveaux arrivants, personnes avec des conditions de santé mentale et physique",montreal,soutien_vulnerabilite,bien_etre_alimentaire,non
juni-sport,"7000, boulevard Maurice-Duplessis Rivière-des-Prairies—Pointe-aux-Trembles Montréal QC H1G 2J6",Programmes d'activité sportive régulière pour jeunes avec un handicap physique.,514 498-4808,junisport2004@gmail.com,juni-sport.org,Grand Montréal,personnes 6 ans et plus avec un handicap physique,grand_montreal,sports_loisirs_tourisme,sante,oui
toxico-stop,"4800, boulevard Gouin Est Montréal-Nord Montréal QC H1H 1G4",Thérapie interne de 28 jours. Programme distinct pour les dépendances aux substances. Réinsertion sociale de 6 à 12 mois. Thérapie de groupe. Ateliers thématiques ou éducatifs. Réunions de 12 étapes. ...,514 327-6017,admission@toxicostop.org,www.toxico-stop.com,le Québec,femmes et hommes de 18 ans et plus avec des problèmes de dépendance,provincial,soutien_vulnerabilite,sante,non
black healing fund,Montréal QC,Organisme communautaire qui collecte et distribue des fonds aux personnes Noires à faible revenu de la région de Tio'tia:ke / Montréal qui recherchent des services axés sur la santé mentale. Fonds dis...,,blackhealingfund@gmail.com,www.blackhealingfund.com/page-daccueil,île de Montréal,personnes Noires à faible revenu qui recherchent des services axés sur la santé mentale,montreal,sante,soutien_vulnerabilite,non
centre de lutte contre l'oppression des genres,"2110, rue Mackay Ville-Marie Montréal QC H3G 2J1","Promotion de l'égalité entre les genres et de l'autonomisation au sein des communautés marginalisées. Information, ressources, et recommendations axé sur des organismes 2SLGBTQ+. Distribution de matér...",514 848-2424 poste 7431,info@genderadvocacy.org,genderadvocacy.org/fr/accueil,Grand Montréal,"population étudiante et non étudiante, femmes et hommes, lesbiennes, gais, personnes bisexuelles, personnes intersexes, personnes allosexuels, personnes transexuelles, transgenres, bispirituelles, jeunes en questionnement",grand_montreal,defense_droits,soutien_vulnerabilite,non
association générale des insuffisants rénaux,"4865, boulevard Gouin Est Montréal-Nord Montréal QC H1G 1A1","Information, soutien et références par téléphone ou sur place. Groupes d'entraide et de soutien mensuels pour les personnes et leurs proches. Comité d'aide aux nouvelles·aux patient·e·s. Guichet uniqu...",1 888 852-9297,reins@agir.ca,www.agir.ca,le Québec,"personnes vivant avec une insuffisance rénale, dialysées ou greffées, leurs sympathisant·e·s",provincial,sante,soutien_vulnerabilite,non
habitations le soleil d'aoura,"9410, rue Notre Dame Est Mercier—Hochelaga-Maisonneuve Montréal QC H1L 3N9",Logements subventionnés pour femmes immigrantes seules ou monoparentales.,514 279-4246,communication@cfiq.ca,www.cfiq.ca,Grand Montréal,femmes immigrantes seules ou monoparentales avec un statut de citoyen canadien ou résident permanent et autonomes,grand_montreal,logement,soutien_vulnerabilite,non
école félix-antoine,"10730, rue Chambord Ahuntsic-Cartierville Montréal QC H2C 2R8","École secondaire pour adultes. Enseignement des cours nécessaires à l'obtention d'un diplôme d'étude secondaire. Services spécialisés et adaptés assurés par personnes bénévoles: enseignant·e·s, orthop...",514 385-1219,ecolefelixantoine@gmail.com,www.ecolefelixantoine.qc.ca,île de Montréal,adultes vivant des difficultés scolaires ou d'apprentissage importantes et persistantes ayant déjà fréquenté un centre d'éducation des adultes sans avoir été en mesure de compléter le cursus,montreal,education_formation,,non
carrefour d'aide aux nouveaux arrivants - siège social,"880, boulevard Henri-Bourrassa Est Ahuntsic-Cartierville Montréal QC H2C 1E8",Aide à l'immigration et accompagnement des familles. Accompagnement des familles immigrantes dans leur processus d'intégration et dans la scolarité des enfants. Évaluation des besoins d'installation,514 382-0735,info@canamtl.com,canamtl.com,"île de Montréal, prioritairement Ahuntsic-Cartierville",personnes issues de l'immigration,montreal,autres_missions_sociales,developpement_enfants_familles,non
action réfugiés montréal,"1439, rue Sainte-Catherine Ouest, bureau 2 Ville-Marie Montréal QC H3G 1S6","Accueil, accompagnement, sensibilisation et défense des droits des personnes réfugiées et demandeuses d'asile. Information et soutien. Parrainage: mise en contact de personnes réfugiées avec des group...",514 935-7799,info@actionr.org,actionr.org/fr,parrainage: Grand Montréal,"personnes demandeuses d'asile et réfugiées, parrains et marraines potentiel·le·s",grand_montreal,autres_missions_sociales,defense_droits,non
frigo vert (le),"1440, rue Mackay Ville-Marie Montréal QC H3G 2H7","Espace communautaire et alimentaire anticapitaliste, anticolonial et anti-oppression au service des étudiants de l'Université Concordia et de la communauté montréalaise dans son ensemble. Café subvent...",438 387-7586,yesfrigo@gmail.com,www.lefrigovert.org,"île de Montréal, prioritairement Notre-Dame-de-Grâce, Shaughnessy Village","étudiant·e·s de Concordia, membres de la communauté, membres de la communauté LGBTQ+, membres des communautés marginalisées",montreal,bien_etre_alimentaire,developpement_communautaire,non
fondation des canadiens pour l'enfance (la),"1275, rue Saint-Antoine Ouest Ville-Marie Montréal QC H3C 5L2","Promotion de l'activité physique et des saines habitudes de vie. Programme Bleu Blanc Bouge: patinoires extérieures réfrigérées et multisports, dons d'équipement et développement d'habiletés physiques...",514 925-2133,fondation@canadiens.com,fondation.canadiens.com,le Québec,organismes travaillant auprès des jeunes défavorisés de 4 à 17 ans,provincial,sports_loisirs_tourisme,developpement_enfants_familles,oui
ressources ethnoculturelles contre l'abus envers les aînés,"2155, rue Guy, bureau ER-643 Ville-Marie Montréal QC H3G 1M8",Sensibilisation et prévention des mauvais traitements chez les personnes aînées. Atelier de théâtre populaire: mise en scène visant à établir un dialogue sur la maltraitance dans les diverses co,1 855 419-2424,recaa.montreal@gmail.com,recaa.ca,"Province du Québec, principalement l'île de Montréal","personnes aînées, leur entourage, organismes communautaires, toutes autres personnes intéressées",montreal,sante,arts_culture_medias,oui
association iris - hébergements péloquin,"900, boulevard Gouin Est Ahuntsic-Cartierville Montréal QC H2C 1B1",Hébergement temporaire pour hommes en détresse situationnelle. Hébergement jusqu'à 120 jours. Suivi clinique et psychosocial.,514 567-5064,hebergement.peloquin@associationiris.ca,assoiris.ca,île de Montréal,hommes de 18 ans en plus vivant une détresse psychosociale ou situationnelle,montreal,soutien_vulnerabilite,logement,non
association iris - programme de soutien à la vie en logement - montréal,"900, boulevard Gouin Est Ahuntsic-Cartierville Montréal QC H2C 1B1",Programme de soutien à la vie en logement (PSVL). Centre de jour et local communautaire. Activités favorisant l'autonomie. Écoute et encadrement. Suivi individuel. Visites à domicil,514 388-4699,local.montreal@associationiris.ca,assoiris.ca,île de Montréal,"adultes vivant avec des problèmes de santé mentale sévères et persistants avec un diagnostic en santé mentale ou pas, avec ou sans recommandation médicale",montreal,sante,soutien_vulnerabilite,non
cybercap,"20, rue Queen, bureau 301 Ville-Marie Montréal QC H3C 1T4",Intégration socioprofessionnelle et prévention du décrochage scolaire par la technologie numérique. Activités d'information sur les technologies de l'information et de la communication (TIC). Ateliers...,514 861-7700,info@cybercap.qc.ca,www.cybercap.qc.ca,Grand Montréal,jeunes de 16 à 35 ans,grand_montreal,emploi,education_formation,non
centre pour les victimes d'agression sexuelle de montréal,"1801, boulevard De Maisonneuve Ouest, bureau 600 Ville-Marie Montréal QC H3H 1J9","Intervention médicosociale: examen médical et traitements. Information, accompagnement et références pour les procédures juridiques et policières. Suivi clinique individuel.",514 933-9007,info@cvasm.org,cvasm.org/fr,île de Montréal,"personnes de 18 ans et plus ayant vécu une agression sexuelle dans les 12 derniers mois, leurs proches",montreal,soutien_vulnerabilite,sante,non
regroupement des usagers du transport adapté et accessible de l'île de montréal,"6363, chemin Hudson, bureau 152 Côte-des-Neiges—Notre-Dame-de-Grâce Montréal QC H3S 1M9",Promotion et défense des droits des usager·ère·s des transports collectifs ayant des limitations fonctionnelles. Information et sensibilisation. Accompagnement et suivi indi,514 255-0765,info@rutamtl.com,rutamtl.com,île de Montréal,"personnes ayant des limitations fonctionnelles, personnes interpellées par l'accessibilité universelle",montreal,defense_droits,,non
centre de jour l'échelon,"516, avenue Georges-V Est Montréal-Est Montréal QC H1L 3T6","Laboratoire informatique. Souper communautaire hebdomadaire. Cuisine collective. Atelier de croissance personnelle, détente et yoga. Groupe de support pour les entendeur·euse·s de voix. Café-rencontre...",514 351-0836,cdj@maisonechelon.ca,www.maisonechelon.ca,île de Montréal,adultes vivant avec des problèmes de santé mentale,montreal,sante,bien_etre_alimentaire,non
hébergement l'entre-deux,"1625, rue Bourassa Longueuil Montérégie QC J4J 3A5","Démarche thérapeutique en hébergement. Hébergement d'une durée de 15 semaines. Intervention individuelle et de groupe. Ateliers de régulation des émotions, conscience corporelle, yoga et zentangle. Su...",450 651-0715,direction@entredeux.org,entredeux.org,"Grand Montréal, priorité aux personnes habitant la Montérégie","femmes de 18 ans et plus en dépression ou ayant un trouble de personnalité limite, sans problème de toxicomanie ou abstinente depuis au moins 4 à 6 mois",grand_montreal,sante,soutien_vulnerabilite,non
centre des femmes afghanes de montréal,"1857, boulevard de Maisonneuve Ouest, bureau 305 Ville-Marie Montréal QC H3H 1J9","Regroupement de femmes afghanes visant l'autonomisation de femmes immigrantes socialement isolées. Programmes adaptés, ateliers de développement personnel et promotion de projets d'équipes. Cours: ang...",514 321-2194,info@awcm.ca,www.awcm.ca/?lang=fr,Grand Montréal,"personnes de différentes communautés culturelles, en particulier les femmes afghanes, les personnes aînées et leur famille",grand_montreal,soutien_vulnerabilite,developpement_communautaire,non
aînés action québec (les),"1857, boulevard De Maisonneuve Ouest, bureau 307 Ville-Marie Montréal QC H3H 1J9",Promotion des intérêts des personnes aînées anglophones. Information et références. Promotion de l'accès à l'information. Promotion et développement du leadership chez les personnes aînées. Défense de...,514 505-0977,info@seniorsactionquebec.ca,www.seniorsactionquebec.ca/fr,le Québec,personnes anglophones de 50 ans et plus,provincial,sante,defense_droits,non
centre d'écoute et d'intervention face à face,"1857, boulevard De Maisonneuve Ouest, bureau 100 Ville-Marie Montréal QC H3H 1J9","Écoute active et soutien au téléphone et en personne. Consultation individuelle. Information et distribution de chèques de l'aide sociale. Information sur la recherche de logement, l'habitation à loye...",514 934-4546,info@faceafacemontreal.org,faceafacemontreal.org/fr,Grand Montréal,"personnes à la recherche de logement, personnes en situation d'itinérance ou à risque de l'être, personnes vivant avec des problèmes de santé mentale avec ou sans troubles de dépendances, personnes seules et isolées",grand_montreal,soutien_vulnerabilite,logement,non
association pour la défense des personnes et biens sous curatelle publique,"1857, boulevard De Maisonneuve Ouest, bureau 120 Ville-Marie Montréal QC H3H 1J9","Information, documentation juridique et référence. Aide à remplir les formulaires et à rédiger des lettres. Accompagnement et soutien. Surveillance de la curatelle publique. Gro",,curabec@outlook.com,adpbc.org,le Québec,"personnes composant avec l'inaptitude, les régimes de protection et la curatelle publique, la parenté, les professionnels de la santé, le curateur public",provincial,defense_droits,sante,non
mains du quartier (les),"1857, boulevard de Maisonneuve Ouest Ville-Marie Montréal QC H3H 1J9",Dépannage alimentaire sous forme de paniers alimentaires. Repas ou boîte à lunch pour emporter. Épicerie solidaire. Magasin d'aubaines: articles de cuisines. Francisation. Aide à la recherche de logem...,514 989-1735,lesmainsduquartier@gmail.com,lesmainsduquartier.ca,île de Montréal,"personnes dans le besoin: citoyen·ne·s, personnes immigrantes, réfugié·e·s, personnes nouvellement arrivées, étudiant·e·s, personnes de la communauté 2ELGBTQI+",montreal,bien_etre_alimentaire,soutien_vulnerabilite,non
mains du quartier (les) - clinique d'impôts,"1857, boulevard de Maisonneuve Ouest Ville-Marie Montréal QC H3H 1H3",Clinique d'impôts à l'année.,514 989-1735,lesmainsduquartier@gmail.com,lesmainsduquartier.ca,Grand Montréal,"personnes à faible revenu, immigrant·e·s, travailleur·euse·s autonomes, population générale",grand_montreal,soutien_vulnerabilite,,non
prise ii,"10794, rue Lajeunesse, bureau 204 Ahuntsic-Cartierville Montréal QC H3L 2E8",Ressource alternative en santé mentale. Programme thérapeutique. Espace Jeunes destiné au 16 à 35 ans. Soutien et accompagnement aux études collégiales et universitaires. Démarche vers l'emploi et le ...,514 858-0111,info@prise2sm.ca,prise2sm.org,île de Montréal,adultes et jeunes adultes de 16 à 35 ans vivant ou ayant vécu des difficultés liées à la santé mentale,montreal,sante,soutien_vulnerabilite,non
fondation w,"4131, chemin de la Côte-des-Neiges, bureau 12 Ville-Marie Montréal QC H3H 1X1",Contribuer à l'égalité des chances et permettre aux populations vulnérables un réel accès à la réussite éducative. Accompagner les écoles primaires et les CÉGEP dans l'implantation du programme l'Écol...,514 829-3135,info@fondationw.com,www.fondationw.com,"le Québec, Ontario","écoles primaires (principalement situées au 10e, 9e ou 8e rang décile de l'Indice de Milieu Socio-Économique du MEES), cégep",provincial,education_formation,developpement_enfants_familles,non
école des grands,"4131, chemin de la Côte-des-Neiges, bureau 12 Ville-Marie Montréal QC H3H 1X1",Programme parascolaire d'aide aux devoirs et d'éveil scientifique offert par des étudiant·e·s du collégial auprès d'élèves du primaire issus de milieux défavorisés. Mentorat. Transport scolaire et déj...,514 829-3135,info@fondationw.com,ecoledesgrands.com,"le Québec, Ontario","élèves du primaire présentant une moyenne générale entre 50% et 70%, étudiant·e·s du collégial issus de divers profils scolaires, écoles primaires (principalement situées au 10e, 9e ou 8e rang décile de l'Indice de Milieu Socio-Économique du MEES)",provincial,education_formation,developpement_enfants_familles,non
g.e.m.e. groupe d'entraide pour un mieux-être - longueuil,"1085, chemin du Coteau-Rouge, bureau 232 Longueuil Montérégie QC J4K 1W7",Groupes de soutien en personne et virtuels (sur Zoom). Consultations individuelles en personne et virtuels (sur Zoom). Groupes de méditation. Documentation et outils pour gérer les troubles anxi,1 866 443-4363,info@groupegeme.com,www.groupegeme.com,le Québec,"personnes de 18 ans et plus avec des troubles anxieux: stress, phobie simple ou sociale, agoraphobie, trouble panique, burn-out, dépression, stress post-traumatique",provincial,sante,soutien_vulnerabilite,non
mission bon accueil - centre d'accueil et référencement,"1490, rue Saint-Antoine Ouest Ville-Marie Montréal QC H3C 1C3","Hébergement d'urgence: gîte avec déjeuner et souper quotidiens, vêtements, produits d'hygiène, douches, services-conseils. Programme de transition et de réinsertion socioprofessionnelle. Activités",514 935-6396,info@missionba.com,missionbonaccueil.com,Grand Montréal,"hommes sans-abri ou dans le besoin de 18 ans et plus, avec ou sans problématique de dépendance, programme Prisme: hommes vivant avec des troubles psychotiques",grand_montreal,soutien_vulnerabilite,logement,non
maison lucien-l'allier,"720, rue Lucien-L'Allier, bureau 106 Le Sud-Ouest Montréal QC H3C 1Z8",Logement social permanent avec soutien communautaire. Activités communautaires et sorties.,514 932-1898,info.maison-lucienlallier@videotron.ca,maisonlucienlallier.org,île de Montréal,"personnes seules vivant avec un diagnostic en santé mentale chronique, stabilisées et ayant un suivi avec un·e psychiatre ou un·e travailleur·euse social·e",montreal,logement,sante,non
centre de rêves et espoirs,"12550, boulevard Lacordaire Montréal-Nord Montréal QC H1G 4L8",Services principalement anglophones de soutien au développement thérapeutique et récréatif. Orthophonie et ergothérapie. Répit de fin de semaine. Programme éducation pour jeunes anglophones ayant des ...,514 327-6667 poste 200,admincdh@centreofdreamsandhopes.org,centreofdreamsandhopes.org/fr,Grand Montréal,"jeunes de 5 à 35 ans vivant avec une déficience intellectuelle ou physique, incluant les troubles du spectre de l'autisme",grand_montreal,sante,developpement_enfants_familles,non
front de défense des non-syndiqué·e·s,"500, boulevard Gouin Est, bureau 207 Ahuntsic-Cartierville Montréal QC H3L 3R9","Coalition rassemblant des organisations communautaires et syndicales avec comme mission la défense des droits des travailleur·euse·s non syndiqué·e·s. Défense dans les domaines des normes du travail, ...",,fdns.qc@outlook.com,,le Québec,syndicats et organisations communautaires travaillant auprès des personnes non syndiqué·e·s,provincial,defense_droits,emploi,non
au bas de l'échelle,"500, boulevard Gouin Est, bureau 207 Ahuntsic-Cartierville Montréal QC H3L 3R9",Expertise sur les lois encadrant le travail au Québec pour les travailleur·euse·s non syndiqué·e·s. Information juridique gratuite et confidentielle par téléphone sur les droits et recours concernant ...,514 270-7878,administration@aubasdelechelle.ca,www.aubasdelechelle.ca,le Québec,"travailleur·euse·s non syndiqué·e·s, intervenant·e·s, organismes communautaires",provincial,defense_droits,emploi,non
association des jeunes bègues du québec,Montérégie QC,Sensibilisation et information sur le bégaiement. Référence en orthophonie. Formation pour les éducatrices. Camps thérapeutiques annuels.,518 748-2286,info@ajbq.qc.ca,www.ajbq.qc.ca/fr/,le Québec,"enfants et jeunes de 18 ans et moins qui bégaient, leur famille et entourage",provincial,sante,developpement_enfants_familles,non
portage - centre de jour pour adultes - montréal,"1640, rue Saint-Antoine Ouest Le Sud-Ouest Montréal QC H3J 1A1",Centre de réadaptation externe d'une durée de 4 à 5 mois. Activités de groupe et individuelles. Groupe de soutien. Réinsertion sociale. Élaboration d'un plan de réinsertion professionnelle. Suivi post...,514 939-7700,info@portage.ca,portage.ca/fr,île de Montréal,personnes de 18 ans et plus ayant une problématique de toxicomanie,montreal,soutien_vulnerabilite,sante,non
armée du salut - centre booth - le rivage,"880, rue Guy Le Sud-Ouest Montréal QC H3J 1T4",Hébergement et accompagnement pour hommes vivant avec des problèmes de santé mentale.,514 932-2214 poste 226,mtl.booth@armeedusalut.ca,salvationarmy.ca/atlantic/services-2/housing-centres-shelters/booth/?lang=fr,île de Montréal,"hommes de 18 ans ou plus vivant avec un problème de santé mentale, en situation d'itinérance ou à risque d'itinérance",montreal,sante,soutien_vulnerabilite,non
armée du salut - centre booth - le gouvernail,"880, rue Guy Le Sud-Ouest Montréal QC H3J 1T4",Hébergement de transition à court ou long terme avec soutien communautaire.,514 932-2214 poste 307,mtl.booth@armeedusalut.ca,centreboothmontreal.ca/gouvernail,île de Montréal,"hommes de 18 à 55 ans en difficulté, sans domicile fixe ou à risque d'itinérance",montreal,soutien_vulnerabilite,logement,non
armée du salut - centre booth - l'ancrage / delta,"880, rue Guy Le Sud-Ouest Montréal QC H3J 1T4","Centre de réadaptation.Programme de thérapie L'Ancrage Durée 6 mois. 21 premiers jours fermés, puis sorties progressives. Évaluation, orientation et soutien thérapeutique. Hébergement: chambre individ...",514 932-2214,Harout.Tarakjian@salvationarmy.ca,centreboothmontreal.ca/ancragedelta,le Québec,"hommes de 18 ans et plus vivant avec un problème de dépendance (alcool, drogues) visant l'abstinence, programme de réinsertion sociale Le Delta: personnes ayant récemment terminé un programme de traitement de la toxicomanie d'une durée d'au moins quatre mois",provincial,sante,soutien_vulnerabilite,non
armée du salut - centre booth,"880, rue Guy Le Sud-Ouest Montréal QC H3J 1T4",Centre administratif. Programmes d'hébergement de transition. Soutien pour l'obtention de la carte d'assurance-maladie pour les personnes en situation d'itinérance qui fréquentent l'organisme et dont ...,514 601-4799,mtlbooth@armeedusalut.ca,centreboothmontreal.ca,Grand Montréal,"hommes autonomes de 18 ans et plus en difficulté, sans domicile fixe, à risque d'itinérance, vivant avec des problèmes de toxicomanie ou de santé mentale",grand_montreal,soutien_vulnerabilite,logement,non
carrefour d'aide aux nouveaux arrivants - point de service laverdure,"10780, rue Laverdure Ahuntsic-Cartierville Montréal QC H3L 2L9",Francisation et mobilisation. Jumelage interculturel. Cours de francisation en collaboration avec le MIFI. Atelier d'initiation et de conversation en français. Activités collectives: c,514 382-0735,info@canamtl.com,canamtl.com,"île de Montréal, prioritairement Ahuntsic-Cartierville",personnes issues de l'immigration,montreal,autres_missions_sociales,education_formation,non
associés bénévoles qualifiés au service des jeunes (les),"10780, rue Laverdure Ahuntsic-Cartierville Montréal QC H3L 2L9","Recrutement et formation de bénévoles oeuvrant auprès des jeunes en difficulté dans les milieux scolaires et hospitaliers, les centres jeunesse ou les organismes communautaires.",514 948-6180,info@abqsj.org,abqsj.org,île de Montréal,adultes qui font ou qui souhaitent faire du bénévolat auprès des jeunes,montreal,developpement_enfants_familles,soutien_vulnerabilite,non
archipel de l'avenir (l'),"10780, rue Laverdure, bureau 301 Ahuntsic-Cartierville Montréal QC H3L 2L9",Ateliers de préparation à la vie autonome en appartement. Ateliers d'initiation à la cuisine. Activités de loisirs et d'insertion sociale. Café-rencontres pour les parents. Accès à des logements subve...,438 497-2724,info@larchipeldelavenir.org,www.larchipeldelavenir.org,Grand Montréal,adultes autistes,grand_montreal,soutien_vulnerabilite,developpement_communautaire,non
"alima, centre de nutrition sociale périnatale","2182, avenue Lincoln Ville-Marie Montréal QC H3H 1J3","Programme de nutrition sociale périnatale pour femmes enceintes en situation de vulnérabilité. Suivi avec une nutritionniste. Coupons Olo pour le lait, les oeufs, les légumes, le pain, le tofu et les ...",514 937-5375,info@centrealima.ca,centrealima.ca/fr/besoin-de-soutien,Grand Montréal,femmes enceintes en situation de vulnérabilité et leur bébé naissant,grand_montreal,developpement_enfants_familles,bien_etre_alimentaire,non
amis de l'est pour la déficience intellectuelle (les),"12230, 6e avenue Rivière-des-Prairies—Pointe-aux-Trembles Montréal QC H1E 1S2","Maison de répit de fin de semaine avec activités de jour en semaine. Activités de loisirs, danse. Camps de jour.",514 648-0254,lesamisdelest@hotmail.com,www.lesamisdelestpourladeficienceintellectuelle.com,île de Montréal,"personnes vivant avec une déficience intellectuelle, avec ou sans handicap associé",montreal,sante,sports_loisirs_tourisme,oui
résidence maria-goretti,"3333, chemin Côte-Sainte-Catherine Côte-des-Neiges—Notre-Dame-de-Grâce Montréal QC H3T 1C8","Hébergement pour nouvelles arrivantes. Chambres meublées tout inclus avec commodités. Salles de bain, cuisines et espaces communs. Séjour d'une durée d'un an maximum et de trois mois minimum.",514 731-1161,residence@promis.qc.ca,promis.qc.ca/fr,Grand Montréal,"nouvelles arrivantes, résidentes permanentes en processus d'installation ou étudiantes étrangères",grand_montreal,soutien_vulnerabilite,logement,non
promis - promotion - intégration - société nouvelle,"3333, chemin de la Côte-Sainte-Catherine Côte-des-Neiges—Notre-Dame-de-Grâce Montréal QC H3T 1C8",Aide à l'installation et à l'intégration. Francisation: cours de français gratuits. Aide à l'emploi. Aide à l'établissement en région. Emplois hors de Montréal pour personnes immigrantes: www.emploise,514 345-1615,prisesderdv@promis.qc.ca,promis.qc.ca/fr,Grand Montréal,personnes immigrantes,grand_montreal,autres_missions_sociales,emploi,non
"chez doris, la fondation du refuge pour femmes - refuge de nuit elspeth mcconnell","1437, rue Chomedey Ville-Marie Montréal QC H3H 2A6","Hébergement d'urgence pour femmes pour un maximum de 15 nuits consécutives. Vestiaire, douches, buanderie, salle à manger avec cuisinette, salle d'intervention et salle de",514 937-2341 poste 221,info@chezdoris.org,www.chezdoris.org,île de Montréal,femmes en situation d'itinérance,montreal,soutien_vulnerabilite,logement,non
refuge mitshuap montréal,"2154, rue Sainte-Catherine Ouest Ville-Marie Montréal QC H3H 1M7",Refuge par et pour personnes autochtones. Hébergement d'urgence. Chaises de repos. Repas. Présence d'une équipe d'intervention.,438 466-2325,mitshuapmontreal@gmail.com,,île de Montréal,"personnes en situation d'itinérance, priorité aux personnes autochtones",montreal,soutien_vulnerabilite,logement,non
"chez doris, la fondation du refuge pour femmes","1430, rue Chomedey Ville-Marie Montréal QC H3H 2A7","Hébergement et centre Centre de jour: déjeuners, dîners et soupers gratuits, produits d'hygiène, vestiaire et douches, salle de repos incluant des lits de répit. Refuge de nuit Elspeth McConnell. Halt...",514 937-2341 poste 221,info@chezdoris.org,www.chezdoris.org,île de Montréal,"femmes en situation d'itinérance ou en difficulté, femmes inuites et autochtones",montreal,soutien_vulnerabilite,logement,non
"chez doris, la fondation du refuge pour femmes - halte chaleur hivernale","1430, rue Chomedey Ville-Marie Montréal QC H3H 2A7",Halte-chaleur. Lits en dortoir et fauteuils inclinables. Collation et breuvages. Couvertures et oreillers fournis.,514 937-2341 poste 260,info@chezdoris.org,https://chezdoris.org/,île de Montréal,femmes seules de 18 ans et plus en situation d'itinérance,montreal,soutien_vulnerabilite,,non
fédération québécoise des organismes communautaires famille,"222, avenue Victoria Saint-Lambert Montérégie QC J4P 2H6","Regroupement des organismes communautaires famille. Représentation et défense des droits. Information, sensibilisation et concertation.",1 866 982-9990,accueil@fqocf.org,fqocf.org,le Québec,"familles, organismes communautaires famille",provincial,developpement_enfants_familles,defense_droits,non
centre des femmes dynamiques de laval,"3509, boulevard de la Concorde Est, bureau 202 Duvernay Laval QC H7E 2C6","Lieu de rencontre, de référence et de soutien. Activités communautaires et éducatives. Conférences. Écoute et information. Activités physiques. Ateliers de prévention en santé globale. Dîners communau...",450 661-5409,femmedynamique@live.ca,,Grand Montréal,femmes de 50 ans et plus,grand_montreal,sante,developpement_communautaire,non
desta réseau de la jeunesse noire,"1950, rue Saint-Antoine Ouest Le Sud-Ouest Montréal QC H3J 1A5",Soutien aux jeunes adultes issus de la communauté noire. Information et référence. Prévention du décrochage scolaire. Cours d'éducation à distance subventionnés. Programme d'employabilité: orientation...,514 664-5042,support@destabyn.org,destabyn.org,Grand Montréal,personnes de 18 à 35 ans issues de la communauté noire,grand_montreal,education_formation,emploi,non
communauté hadley - maison principale,"1197, avenue Seymour Ville-Marie Montréal QC H3H 2A4","Résidence pour hommes aux prises avec des luttes permanentes. Travailleur social à l'appui. Cours de yoga, cours d'art, sports variés. Gestion de l'argent et des médicaments pour les locataires. Place...",514 933-6916,managerclientservices@hadleycommunity.ca,hadleycommunity.ca,île de Montréal,"hommes et hommes transgenres de 18 ans et plus vivant avec des problèmes de toxicomanie, des maladies mentales ou à risque d'itinérance",montreal,soutien_vulnerabilite,sante,non
communauté hadley - maison d'anne,"1197, avenue Seymour Ville-Marie Montréal QC H3H 2A4",Résidence pour femmes semi-autonomes. Soutien d'un·e travailleur·euse social·e. Activités et programmes préparant les résidentes souhaitant passer à un logement moins supervisé.,514 933-6916 poste 218,managerclientservices@hadleycommunity.ca,hadleycommunity.ca,île de Montréal,"femmes et femmes transgenres semi-autonomes vivant avec un problème de santé mentale, à risque d'itinérance ou en rétablissement d'une dépendance",montreal,sante,soutien_vulnerabilite,non
communauté hadley - maison john,"1222, avenue Seymour Ville-Marie Montréal QC H3H 2A5",Résidence pour jeunes hommes. Soutien d'un·e travailleur·euse social·e. Activités et programmes préparant les personnes résidentes qui souhaitent passer à un logement moins supervisé.,514 933-6916 poste 218,managerclientservices@hadleycommunity.ca,hadleycommunity.ca,île de Montréal,"hommes de 20 à 35 ans qui luttent contre les problèmes de santé mentale, les traumatismes, la dépendance, l'itinérance ou à risque d'itinérance",montreal,soutien_vulnerabilite,logement,non
clé des champs - réseau d'entraide pour personnes souffrant de troubles anxieux (la),"398, boulevard Henri-Bourassa Ouest Ahuntsic-Cartierville Montréal QC H3L 3T5",Groupes d'entraide composés de 10 rencontres hebdomadaires. Information et outils pour gérer l'anxiété. Liste d'organismes oeuvrant dans le domaine. Boutique de ressour,514 334-1587,lacle@lacledeschamps.org,lacledeschamps.org,Grand Montréal,personnes de 18 ans et plus vivant avec des troubles anxieux,grand_montreal,sante,soutien_vulnerabilite,non
carrefour jeunesse-emploi côte-des-neiges - clinique d'impôts,"6555, chemin de la Côte-des-Neiges, bureau 240 Côte-des-Neiges—Notre-Dame-de-Grâce Montréal QC H3S 2A6",Clinique d'impôts par dépôt.,514 342-5678 poste 257,info@cjecdn.qc.ca,www.cjecdn.qc.ca,île de Montréal,"personnes de 16 ans et plus, étudiant·e·s, citoyen·ne·s canadien·ne·s, résident·e·s permanent·es, réfugié·e·s",montreal,soutien_vulnerabilite,emploi,non
centre d'écoute et de référence multi-écoute,"3600, avenue Barclay, bureau 460 Côte-des-Neiges—Notre-Dame-de-Grâce Montréal QC H3S 1K5",Écoute confidentielle et anonyme par téléphone ou en personne. Suivi psychosocial à court ou moyen terme offert dans la langue maternelle de la personne ayant besoin de suivi. Information et référence...,514 378-3430,direction@multiecoute.org,multiecoute.org,Grand Montréal,"toute personne ayant besoin d'aide, personnes immigrantes",grand_montreal,soutien_vulnerabilite,autres_missions_sociales,non
centre de recherche d'emploi côte-des-neiges,"3600, avenue Barclay, bureau 421 Côte-des-Neiges—Notre-Dame-de-Grâce Montréal QC H3S 1K5","Accompagnement pour intégrer le marché du travail. Club de recherche d'emploi: sessions de groupe d'une durée de 3 semaines. Rédaction de CV, de lettres de présentation et service rapide de production...",514 733-3026,info@crecdn.com,crecdn.com,île de Montréal,"personnes de 16 ans et plus sans emploi, personnes immigrantes, réfugiées, étudiant·e·s post-gradué·e·s",montreal,emploi,autres_missions_sociales,non
regroupement des organismes du montréal ethnique pour le logement,"6555, chemin de la Côte-des-Neiges, bureau 400 Côte-des-Neiges—Notre-Dame-de-Grâce Montréal QC H3S 2A6","Information, orientation et référence en matière de logement. Recherche de logement. Aide et appui aux victimes de discrimination. Formation sur le logement et sur le bail en plusieurs la",514 341-1057 poste 200,information@romel-montreal.ca,romel-montreal.ca,île de Montréal,"locataires, immigrants, propriétaires",montreal,logement,defense_droits,non
regroupement des organismes du montréal ethnique pour le logement - maison prud'homme,"6555, chemin de la Côte-des-Neiges, bureau 400 Côte-des-Neiges—Notre-Dame-de-Grâce Montréal QC H3S 2A6",Chambres d'hébergement temporaire pour femmes. Location au mois.,514 341-1057 poste 200,information@romel-montreal.ca,romel-montreal.ca,île de Montréal,"femmes de 18 ans et plus en situation d'itinérance, sans enfants",montreal,logement,soutien_vulnerabilite,non
association cigogne,"3600, avenue Barclay, bureau 342 Côte-des-Neiges—Notre-Dame-de-Grâce Montréal QC H3S 1K4",Soutien aux parents aux études pour concilier études et rôle parental. Écoute. Cafés-rencontres. Comptoir vestimentaire. Coin allaitement. Poste de travail. Cuisine collective mensuelle. Panier alimen...,514 341-0254,info@cigogne.ca,associationcigogne.com,Montréal,étudiant·es avec un enfant ou en attente d'un enfant,montreal,developpement_enfants_familles,bien_etre_alimentaire,non
fondation espace espoir,"7001, chemin de la Côte-des-Neiges Côte-des-Neiges—Notre-Dame-de-Grâce Montréal QC H3S 2B6",Organisme visant à améliorer la vie des jeunes vivant avec une maladie chronique ou un handicap. Rénovation de chambres à coucher afin de les transformer en un lieu inspirant.,514 739-1088,info@espaceespoir.org,www.espaceespoir.org,Grand Montréal,"personnes de 4 à 17 ans vivant avec une maladie chronique ou un handicap, résidant dans un rayon de 30 km de l'organisme et pour qui aucun autre organisme n'a réalisé de projet semblable",grand_montreal,sante,developpement_enfants_familles,non
petales québec,"39A, boulevard Gouin Ouest Ahuntsic-Cartierville Montréal QC H3L 1H9","Soutien, accompagnement et sensibilisation au sujet des enjeux d'attachement et des troubles de l'attachement. Ligne téléphonique d'information, d'écoute et d'accompagnement. Soutien et accompagnement...",1 877 326-4154,info@petalesquebec.org,www.petalesquebec.org/fr,le Québec,"parents biologiques, familles recomposées, familles d'accueil et d'adoption, proches et personnes amies d'enfants, d'adolescent·e·s et d'adultes présentant des enjeux d'attachement ou des troubles de l'attachement, professionnel·le·s, intervenant·e·s",provincial,sante,developpement_enfants_familles,non
centre de psychologie gouin,"39, boulevard Gouin Ouest Ahuntsic-Cartierville Montréal QC H3L 1H9",Thérapie familiale et individuelle. Thérapie par le jeu. Thérapie de groupe. Clinique de la petite enfance et de l'attachement pour 0 à 5 ans: dépistage de diverses problématiques. Clinique de l'enfan...,514 331-5530,admin-cpg@cpgouin.ca,www.cpgouin.ca,Grand Montréal,"enfants, adolescent·e·s, adultes, familles, groupes, évaluations neuropsychologiques: enfants, adolescent·e·s",grand_montreal,sante,developpement_enfants_familles,non
café de la maison ronde,"2330, rue Sainte-Catherine Ouest Ville-Marie Montréal QC H3H 1N2","Accompagnement des personnes autochtones de 18 ans et plus en situation de vulnérabilité économique et sociale vers la citoyenneté entière. Volet 1, programme de travail alternatif à la journée: 1 qua...",514 872-9465,marilou.maisonneuve@itineraire.ca,www.itineraire.ca/programme-maison-ronde,Grand Montréal,"personnes autochtones de 18 ans et plus en situation de vulnérabilité économique et sociale (itinérance, pauvreté, isolement et exclusion sociale, éloignement du marché du travail, toxicomanie, santé mentale, etc.)",grand_montreal,soutien_vulnerabilite,developpement_communautaire,non
havre (le),"440, avenue Notre-Dame Saint-Lambert Montérégie QC J4P 2K4","Logement à long terme pour personnes atteintes d'une maladie mentale. Visites amicales, contacts sociaux réguliers. Assistance pour les procédures médicales, sociales et de services sociaux. Référence...",450 671-9160,info@ourharbour.org,ourharbour.org,"île de Montréal, Montérégie, Estrie",personnes de 18 ans et plus vivant avec un diagnostic de santé mentale,montreal,sante,logement,non
centre international de l'espoir,"5885, chemin De la Côte-des-Neiges Côte-des-Neiges—Notre-Dame-de-Grâce Montréal QC H3S 2T2","Aide aux familles vivant en situation de pauvreté. Programme Banque du bébé et de l'enfant: aide matérielle (lait, dons de mobilier, équipements, jouets et accessoires de base) pour nouveaux-nés et po...",514 561-1088,infos@ciespoir.org,,île de Montréal,"femmes enceintes vivant en situation de pauvreté, enfants de 0 à 5 ans, familles à faible revenu avec ou sans statut de résidence",montreal,developpement_enfants_familles,bien_etre_alimentaire,non
art-rivé (l') - centre de jour de rivière-des-prairies,"8178, boulevard Maurice-Duplessis Rivière-des-Prairies—Pointe-aux-Trembles Montréal QC H1E 2Y5","Rencontres d'accueil. Information et orientation. Écoute ponctuelle et suivi. Accueil repas pour le dîner. Groupes de soutien et d'entraide. Ateliers d'art et de créativité. Activités éducatives, d",514 648-4888,info@art-rive.qc.ca,www.art-rive.qc.ca,île de Montréal,personnes autonomes de 18 ans et plus ayant des problèmes de santé mentale transitoires ou persistants,montreal,sante,arts_culture_medias,oui
association de la communauté noire de côte-des-neiges,"6585, chemin de la Côte-des-Neiges Côte-des-Neiges—Notre-Dame-de-Grâce Montréal QC H3S 2A5","Soutien et activités pour la communauté noire anglophone. Information, référence.? Paniers de nourriture. Activités sportives pour adolescent·e·s, adultes et personnes aînées. Activités et ateliers s",514 737-8321,info@cdnbca.org,cdnbca.org,Grand Montréal,familles et personnes de la communauté noire,grand_montreal,developpement_communautaire,bien_etre_alimentaire,non
"service d'interprète, d'aide et de référence aux immigrants - clinique d'impôts","6767, chemin de la Côte-des-Neiges, bureau 499 Côte-des-Neiges—Notre-Dame-de-Grâce Montréal QC H3S 2T6","Clinique d'impôts sans rendez-vous, à l'année.",514 738-4763,info@siari.org,www.siari.org,île de Montréal,personnes immigrantes et personnes nouvelles arrivantes à faible revenu,montreal,autres_missions_sociales,education_formation,non
centre culturel canadien-bulgare zornica,"6767, chemin de la Côte-des-Neiges, bureau 693-3 Côte-des-Neiges—Notre-Dame-de-Grâce Montréal QC H3S 2T6","Immigration Accueil et accompagnement pour personnes nouvellement arrivées. Traduction en bulgare, anglais, français. Cours de langue: français, anglais, bulgare.Logement Aide à la recherche de logeme...",514 629-6951,zornica.info@gmail.com,www.zornitsa.ca/fr,Grand Montréal,"cours de bulgare et événements culturels: grand public, autres services: personnes de la communauté bulgare, personnes nouvellement arrivées",grand_montreal,autres_missions_sociales,education_formation,non
centre communautaire irakien,"6767, chemin de la Côte-des-Neiges, bureau 601-4 Côte-des-Neiges—Notre-Dame-de-Grâce Montréal QC H3S 2T6",Assistance à la communauté irakienne. Aide à la recherche de logement et d'emploi. Organisation d'activités communautaires. Représentation de la communauté auprès des instances locales et nationales. ...,,info@iraqicommunitycenter.com,iraqicommunitycenter.com,île de Montréal,personnes faisant partie de la communauté irakienne,montreal,autres_missions_sociales,developpement_communautaire,non
communauté moldave du québec,"6767, chemin de la Côte-des-Neiges, bureau 693-5 Côte-des-Neiges—Notre-Dame-de-Grâce Montréal QC H3S 2T6","Intégration de la communauté moldave et roumaine à la société québécoise. Coopération intergénérationnelle. Aide aux personnes nouvellement arrivées: formation sur l'intégration, consultations individ...",438 937-3608,cm.quebec@yahoo.com,www.moldovaquebec.ca,le Québec,communauté de l'Europe de l'Est,provincial,autres_missions_sociales,developpement_communautaire,non
communauté vietnamienne au canada - région montréal,"6767, chemin de la Côte-des-Neiges, bureau 495 Côte-des-Neiges—Notre-Dame-de-Grâce Montréal QC H3S 2T6",Services de références et d'accompagnement dans la démarche d'intégration pour les personnes de la communauté vietnamienne. Information et références. Accompagnement dans la recherche d'emploi. Cours ...,514 340-9630,communaute.viet.montreal@gmail.com,communautevietmontreal.com,Grand Montréal,population d'origine vietnamienne,grand_montreal,autres_missions_sociales,emploi,non
femmes du monde à côte-des-neiges,"6767, chemin de la Côte-des-Neiges, bureau 597 Côte-des-Neiges—Notre-Dame-de-Grâce Montréal QC H3S 2T6","Centre de femmes. Accueil, information, référence. Écoute en personne ou par téléphone. Groupe de soutien aux sujets variés: violence conjugale, santé mentale, gestion des émotions, relations difficil...",514 735-9027,info@femmesdumondecdn.org,femmesdumondecdn.org,Côte-des-Neiges-Notre-Dame-de-Grâce et Montréal,femmes et personnes non-binaires de 18 ans et plus,montreal,soutien_vulnerabilite,sante,non
centre d'orientation des nouveaux arrivants et immigrants de montréal,"6767, chemin de la Côte-des-Neiges, bureau 693-4 Côte-des-Neiges—Notre-Dame-de-Grâce Montréal QC H3S 2T6",Accueil et références. Consultation individuelle. Certification de documents. Préparation à l'examen de citoyenneté. Employabilité: aide à la rédaction de CV et de lettres de présent,514 733-0738,conamc6@hotmail.ca,www.conam.sitew.ca,Grand Montréal,"personnes nouvellement arrivées, personnes immigrantes, toute personne dans le besoin",grand_montreal,autres_missions_sociales,emploi,non
"service d'interprète, d'aide et de référence aux immigrants","6767, chemin de la Côte-des-Neiges, bureau 499 Côte-des-Neiges—Notre-Dame-de-Grâce Montréal QC H3S 2T6",Alimentation Distribution de denrées alimentaires.Immigrants Vêtements d'hiver. Accompagnement des personnes nouvellement arrivées dans toutes leurs démarches d'intégration. Accompagnement au r,514 738-4763,info@siari.org,www.siari.org,Québec,"personnes et familles immigrantes, cartes d'attestation: personnes avec un statut précaire ou de résident temporaire qui n'ont pas obtenu le renouvellement de leur visa de touriste, de leur permis d'études ou de leur permis de travail, et qui n'ont pas quitté le Canada, personnes dont la demande d'asile a été refusée, personnes entrées au Canada de façon irrégulière, personnes trans en attente de nouveaux documents d'identification, personnes en situation d'itinérance",provincial,autres_missions_sociales,bien_etre_alimentaire,non
institut de formation d'aide communautaire à l'enfant et à la famille,"560, boulevard Henri-Bourassa Ouest, bureau 209 Ahuntsic-Cartierville Montréal QC H3L 1P4","Thérapie individuelle, conjugale et familiale. Psychodrame. Consultation parentale. Écoles: intervention auprès des élèves, programmes de perfectionnement pour les enseignant·e·s et",514 388-7216,ifacef@ifacef.com,,le Québec,"enfants, familles, écoles, centres jeunesse, organismes communautaires, intervenant·e·s",provincial,sante,developpement_enfants_familles,non
société huntington du québec,"2300, boulevard René-Lévesque Ouest Ville-Marie Montréal QC H3H 2R5","Ateliers de stimulation sensorimotrice hebdomadaires pour les personnes atteintes. Écoute, soutien et références. Documentation en ligne. Groupe d'entraide ouvert pour les proches aidant·e·s et les fa...",1 877 282-2444,shq@huntingtonqc.org,www.huntingtonqc.org,le Québec,"adultes et adolescent·e·s atteint·e·s de la maladie de Huntington, leurs proches aidant·e·s, leur famille, les professionnels de santé travaillant avec eux",provincial,sante,soutien_vulnerabilite,non
fondation papillon,"2300, boulevard René-Lévesque Ouest Ville-Marie Montréal QC H3H 2R5","Les Répits Papillon accueillent des personnes en situation de handicap, âgées de 3 ans et plus, pour un séjour d'un week-end, afin de permettre à leurs proches de se reposer.Camp de vacances adapté Ca...",1 877 937-6171,info@fondationpapillon.ca,fondationpapillon.ca,le Québec,"personnes vivant avec un handicap physique, intellectuel ou un trouble du spectre de l'autisme, garderie Papillon: enfants de 3 mois à 5 ans, vivant avec ou sans un handicap physique, intellectuel ou un trouble du spectre de l'autisme, centre de jour: adultes de 21 ans et plus",provincial,sante,developpement_enfants_familles,non
résidence ymca,"4039, rue Tupper Westmount Montréal QC H3Z 1T5",Hébergement temporaire avec services. Vestiaire d'urgence. Salle familiale et sorties socioculturelles. Information et aide avec le processus d'immigration et d'intégration pour réfugié·e·s. Ateliers ...,514 932-5353,baptiste.duburcq@ymcaquebec.org,www.ymcaquebec.org,le Québec,"réfugié·e·s et demandeur·euse·s d'asile nouvellement arrivé·e·s au Canada, hébergement: réfugié·e·s et demandeur·euse·s d'asile, avec ou sans enfants, arrivé·e·s depuis moins de 10 jours au Québec",provincial,soutien_vulnerabilite,logement,non
unicef québec,"4060, rue Sainte-Catherine Ouest, bureau 400 Westmount Montréal QC H3Z 2Z3",Organisation humanitaire qui vise à l'amélioration et à la promotion de la condition des enfants. Promotion des droits et du bien-être des enfants et des jeunes. Collecte de fonds pour soutenir les pr...,514 288-5134,info@unicef.ca,www.unicef.ca/fr,le Québec,,provincial,defense_droits,developpement_enfants_familles,non
march of dimes after stroke - montréal stroke club chapter,"395, avenue Elm Westmount Montréal QC H3Z 1Z4",Groupes de soutien par les pairs. Réseau de soutien et activités sociales. Club pour les victimes d'AVC en convalescence. Répit pour les aidants. Orthophonie. Arts et artisanat.,1 888 540-6666,afterstroke@marchofdimes.ca,www.apres-avc.ca,Grand Montréal,"personnes ayant survécu à un AVC, leur famille, aidant·e·s, professionnel·le·s de la santé, bénévoles, ami·e·s",grand_montreal,sante,soutien_vulnerabilite,non
cancer colorectal canada,"1, carré Westmount, bureau 1630 Westmount Montréal QC H3Z 2P9","Soutien aux personnes vivant avec le cancer colorectal. Information et soutien psychologique individuel par téléphone. Groupes de soutien en virtuel. Sensibilisation, séances d'éducation et webinaires...",514 875-7745,info@colorectalcancercanada.com,www.colorectalcancercanada.com/fr,le Québec,"adultes vivant avec le cancer colorectal, leurs proches et personnes proches aidantes",provincial,sante,soutien_vulnerabilite,non
habitations saint-christophe (les),"15, rue Berri, bureau 1 Pont-Viau Laval QC H7G 2W4",Logements subventionnés avec services pour personnes aînées en perte d'autonomie. Chambres et 3½. Logements adaptés pour personnes à mobilité réduite. Présence d'un·e préposé·e aux bénéficiaires 24 he...,450 688-0184,info@omhlaval.ca,,le Québec,"personnes en perte d'autonomie sévère, adultes vivant avec une déficience physique grave",provincial,logement,sante,oui
centre d'intégration à la vie active,"525, rue Dominion, bureau 330 Le Sud-Ouest Montréal QC H3J 2B4","Centre de loisirs et d'activités sportives, sociales, culturelles et récréatives pour personnes en situation de handicap. Soutien à l'intégration. Prêt de matériel sportif et de plein air. Volet jeune...",514 935-1109,info@civa.qc.ca,civa.qc.ca,île de Montréal,personnes en situation de handicap moteur,montreal,sports_loisirs_tourisme,soutien_vulnerabilite,oui
acouphènes québec,"1405, boulevard Henri-Bourassa Ouest, bureau 100 Ahuntsic-Cartierville Montréal QC H3M 3B2",Service de renseignements téléphoniques sur les acouphènes. Soutien par téléphone. Référence vers les ressources professionnelles régionales. Groupe d'entraide mensuel ouvert.,1 877 276-7772,info@acouphenesquebec.org,acouphenesquebec.org,le Québec,personnes aux prises avec de l'acouphène,provincial,sante,soutien_vulnerabilite,non
centre communautaire de l'avenue greene,"1090, avenue Greene Westmount Montréal QC H3Z 1Z9","Programme parascolaire. Camps de jour. Dîners communautaires pour personnes aînées. Activités sportives, créatives et éducatives. Ateliers. Location de salle.",514 931-6202,info@centregreene.org,centregreene.org/bienvenue,île de Montréal,grand public,montreal,developpement_communautaire,sports_loisirs_tourisme,oui
société d'entraide des femmes grecques (la),"275, rue Houde, bureau 203 Saint-Laurent Montréal QC H4N 2J3",Intervention de crise. Dépannage alimentaire. Aide pour le paiement du loyer. Accompagnement dans les services publics. Aide financière pour frais de camps d'été pour enfants et personnes vivant avec ...,514 344-1666,info@hlbs.ca,www.hlbs.ca,Grand Montréal,personnes défavorisées de la communauté grecque,grand_montreal,soutien_vulnerabilite,bien_etre_alimentaire,non
front commun des personnes assistées sociales du québec,"2520, avenue Lionel-Groulx, bureau 322 Le Sud-Ouest Montréal QC H3J 1J8",Défense des droits des personnes assistées sociales. Regroupements. Référence vers les organismes régionaux.,514 987-1989,admin@fcpasq.qc.ca,fcpasq.qc.ca,le Québec,groupes et personnes assistées sociales,provincial,defense_droits,,non
fédération des locataires d'habitations à loyer modique du québec,"2520, avenue Lionel-Groulx, bureau 202 Le Sud-Ouest Montréal QC H3J 1J8",Défense de droits. Représentation des locataires des HLM auprès de différents paliers gouvernementaux. Information et soutien technique. Publications.,1 800 566-9662,info@flhlmq.com,flhlmq.com,le Québec,locataires des habitations à loyer modique,provincial,defense_droits,logement,non
association jamaïcaine de montréal,"4065, rue Jean-Talon Ouest Côte-des-Neiges—Notre-Dame-de-Grâce Montréal QC H4P 1W6","Soutien à la communauté jamaïcaine. Banque alimentaire. Aide aux immigrant·e·s jamaïcain·ne·s: aide avec le passeport jamaïcain, aide à l'application pour la citoyenneté canadienne, informations et ré...",514 737-8229,info@jam-montreal.com,jam-montreal.com,île de Montréal,"personnes d'origine jamaïcaine, banque alimentaire: personnes dans le besoin, programme Au Futur: jeunes femmes noires monoparentales de 15 à 35 ans",montreal,autres_missions_sociales,bien_etre_alimentaire,non
club de recherche d'emploi montréal centre-nord,"1600, boulevard Henri-Bourassa Ouest, bureau 370 Ahuntsic-Cartierville Montréal QC H3M 3E2","Ateliers de recherche d'emploi. Aide à la rédaction de CV, préparation aux entrevues. Services spécialisés pour personnes nouvellement arrivées. Exploration du marché caché de l'emploi. Aide pour remp...",514 858-6611,cre@cremcn.org,cremcn.org,île de Montréal,"personnes cherchant du travail et ayant un objectif d'emploi clair, personnes nouvellement arrivées à la recherche d'un emploi",montreal,emploi,autres_missions_sociales,non
cercle amical de montréal,"4585, avenue Bourret Côte-des-Neiges—Notre-Dame-de-Grâce Montréal QC H3S 1X1","Favorise l'inclusion et l'interaction des enfants, adolescent·e·s et jeunes adultes ayant des besoins spécifiques. Jumelage avec des adolescents neurotypiques pour participer à des activités sociales ...",514 735-2255,info@friendshipcircle.ca,www.cercledelamitie.ca,île de Montréal,"enfants, adolescent·e·s et jeunes adultes avec des besoins particuliers liés au trouble du spectre de l'autisme, aux troubles envahissants du développement, aux troubles d'apprentissage, aux déficiences physiques ou intellectuelles, aux lésions cérébrales ou autres, leurs familles",montreal,sante,developpement_enfants_familles,non
abri en ville (l'),"2352, rue Duvernay Le Sud-Ouest Montréal QC H3J 2X1",Logement stable. Soutien à l'amélioration des aptitudes à la vie quotidienne. Activités sociales et loisirs. Suivi hebdomadaire ou sur demande.,514 932-2199,info@labrienville.org,www.labrienville.org,Grand Montréal,adultes vivant avec une maladie mentale grave,grand_montreal,logement,sante,non
montréal autochtone,"3183, rue Saint-Jacques Le Sud-Ouest Montréal QC H4C 1G7","Lieu de rencontre. Programme de bien-être familial: soutien éducatif aux enfants, aide pour trouver les services, services culturels pour les familles. Camps de jour de printemps et d'été Iorahkote. C...",514 331-6587 poste 210,info@nativemontreal.com,nativemontreal.com/fr/acceuil,Grand Montréal,"communauté autochtone urbaine, familles, jeunes, personnes aînées",grand_montreal,developpement_enfants_familles,developpement_communautaire,non
observatoire vieillissement et société (l'),"4565, chemin Queen-Mary, bureau C2628 Côte-des-Neiges—Notre-Dame-de-Grâce Montréal QC H3W 1W5",Groupe de recherche pour le mieux-être des personnes aînées. Ateliers de sensibilisation: lutte contre l'âgisme et la maltraitance. Espace réflexion: rencontre mensuelle offrant un lieu de discussion ...,514 340-3540 poste 3927,info@ovs-oas.org,ovs-oas.org,le Québec,grand public,provincial,sante,education_formation,non
centre de bien-être l'espoir c'est la vie,"4635, chemin de la Côte-Sainte-Catherine Côte-des-Neiges—Notre-Dame-de-Grâce Montréal QC H3W 1M1","Groupes d'entraide en français et en anglais pour personnes ayant un cancer, personnes proches aidantes et personnes vivant un deuil relié au cancer. Jumelage et soutien par des bénévoles. Activités e...",514 340-3616,hopecope@jgh.mcgill.ca,hopeandcope.ca/fr/?lang=fr,Grand Montréal,"personnes ayant un diagnostic de cancer, personnes proches aidantes",grand_montreal,sante,soutien_vulnerabilite,non
chabad lifeline,"4615, chemin de la Côte-Sainte-Catherine Côte-des-Neiges—Notre-Dame-de-Grâce Montréal QC H3W 1M1","Réadaptation externe pour personnes aux prises avec une dépendance. Dépendances traitées: drogues, alcool, sexe, pornographie, jeu, médicaments, Internet, téléphone intelligent et jeux vidéos. Thérapi...",514 738-7700,lifelineinfo@chabadlifeline.com,www.chabadlifeline.com,île de Montréal,"personnes en détresse en raison d'une dépendance, leur famille, services jeunesse: personnes adolescentes à risque de développer une dépendance et jeunes ayant grandi dans une famille ayant des problèmes de dépendance",montreal,sante,soutien_vulnerabilite,non
carrefour point tournant,"1111, rue Beauregard Longueuil Montérégie QC J4K 2L2",Centre de réadaptation interne de 3 mois. Programme distinct pour les dépendances aux substances. Programme thérapeutique de 12 semaines avec hébergement. Accueil et évaluation. Rencontres individuell...,450 651-0418,info@carrefourlepointtournant.com,www.carrefourlepointtournant.com,le Québec,"hommes de 18 ans et plus présentant une problématique dominante aux substances psychoactives (alcool, drogues, médicament)",provincial,sante,soutien_vulnerabilite,non
centre des travailleurs et travailleuses immigrants,"4755, avenue Van Horne, bureau 110 Côte-des-Neiges—Notre-Dame-de-Grâce Montréal QC H3W 1H8",Défense des droits. Information et références. Éducation sur les droits des travailleurs par l'entremise de campagnes de sensibilisation visant particulièrement les travailleur·euse·s temporaires et c...,514 342-2111,info@iwc-cti.ca,iwc-cti.ca/fr,Grand Montréal,travailleur·euse·s immigrant·e·s,grand_montreal,defense_droits,education_formation,non
cuisine-atout,"1945, rue Mullins, bureau 140 Le Sud-Ouest Montréal QC H3K 1N9",Programme d'insertion socioprofessionnelle de 6 mois. Formation technique et pratique pour les métiers semi-spécialisés en service alimentaire avec expérience en milieu de travail. Formation de base e...,514 939-4080,info@cuisine-atout.com,cuisine-atout.com,"île de Montréal, priorité aux résidents du Sud-Ouest","adultes de 18 à 55 ans, sans emploi, éloigné·e·s du marché de travail, n'ayant pas complété d'études secondaires, personne issues de l'immigration",montreal,emploi,bien_etre_alimentaire,non
pinay,"4781, rue Van Horne, bureau 208 Côte-des-Neiges—Notre-Dame-de-Grâce Montréal QC H3W 1H8","Autonomisation des femmes philippines, des travailleur·euse·s migrant·e·s et des travailleur·euse·s philippin·e·s à l'étranger. Ateliers de formation et d'éducation sur des sujets variés: permis de tr...",514 447-3033,contact@pinayquebec.org,,île de Montréal et les environs,"femmes et hommes philippins, y compris les travailleur·euse·s du Programme des travailleurs étrangers temporaires (PTET) ayant un statut précaire, les travailleur·euse·s isolé·e·s ou vulnérables, les personnes victimes de la traite des êtres humains à des fins de travail forcé, les travailleur·euse·s philippin·e·s impliqué·e·s dans des escroqueries au recrutement, les travailleur·euse·s philippin·e·s à l'étranger ou sans papiers",montreal,defense_droits,soutien_vulnerabilite,non
légion royale canadienne - direction du québec,"2727, rue Saint-Patrick, bureau 105 Le Sud-Ouest Montréal QC H3K 0A8",Aide pour les ancien·ne·s combattant·te·s et les personnes à leur charge. Promotion du Souvenir. Soutien aux militaires en service. Implication au sein des communautés locales et régionales du Canada....,1 877 401-7111,info@qc.legion.ca,www.qc.legion.ca,le Québec,"anciens combattants et personnes à leur charge, militaires en service",provincial,soutien_vulnerabilite,autres_missions_sociales,non
maison benoit-labre (la),"250, avenue Atwater Le Sud-Ouest Montréal QC H4C 0C8","Centre de jour. Soutien et référence. Repas quotidiens: déjeuner et collations. Vestiaire, douches. Distribution de produits d'hygiène. Programme d'implication sociale: Propulsion et Brigades. Accès à...",514 937-5973,info@benedictlabre.org,lamaisonbenoitlabre.org,île de Montréal,personnes de 18 ans et plus sans domicile ou à faible revenu,montreal,soutien_vulnerabilite,bien_etre_alimentaire,non
icna relief canada,Montréal QC,Informations et références. Aide alimentaire.,1 844-997-8777,montrealfb@icnareliefcanada.ca,icnareliefcanada.ca,île de Montréal,"familles et personnes ayant un faible revenu, bénéficiaires de l'aide sociale, réfugiés",montreal,bien_etre_alimentaire,soutien_vulnerabilite,non
école entreprise formétal (l'),"1850, rue Le Ber Le Sud-Ouest Montréal QC H3K 2A4","Entreprise d'insertion sociale et professionnelle. Formations techniques de 6 mois. Domaines de formation: transformation du métal en feuille, soudage, peinture, travail général d'usine.",514 939-2510,reception@formetal.qc.ca,formetal.qc.ca,île de Montréal et environs,personnes de 18 à 65 ans qui souhaitent entamer une réinsertion professionnelle dans le domaine de la fabrication métallique et du travail d'usine,montreal,emploi,education_formation,non
école peter hall,"840, boulevard de la Côte-Vertu Saint-Laurent Montréal QC H4L 1Y4",Centre administratif. Campus primaire et secondaire.,514 748-6727,siegesocial@peterhall.qc.ca,peterhall.qc.ca,"Grand Montréal, Rive-Sud, Rive-Nord","élèves francophones et anglophones de 4 à 21 ans avec une déficience intellectuelle légère, moyenne, profonde à sévère, des troubles du spectre de l'autisme ou des troubles relevant de la psychopathologie, avec ou sans handicaps associés",grand_montreal,education_formation,sante,non
école peter hall - côte-vertu,"840, boulevard de la Côte-Vertu Saint-Laurent Montréal QC H4L 1Y4",Programmes de niveau secondaire francophone et anglophone.,514 747-4075,cote-vertu@peterhall.qc.ca,peterhall.qc.ca,"Grand Montréal, Rive-Sud et Rive-Nord","élèves francophones et anglophones de 12 à 21 ans avec une déficience intellectuelle légère, moyenne, profonde à sévère, des troubles du spectre de l'autisme ou des troubles relevant de la psychopathologie, avec ou sans handicaps associés",grand_montreal,education_formation,sante,non
association des inuits du sud du québec,"1315, rue Charlevoix Le Sud-Ouest Montréal QC H3K 3A1","Représentation, défense des intérêts et soutien communautaire aux Inuits du Sud du Québec. Promotion du développement culturel, communautaire, social et économique des Inuits du Sud du Québec. Informa...",514 932-5267,sqiafrontdesk@gmail.com,,sud du Québec,Inuit,provincial,defense_droits,developpement_communautaire,non
fondation les petits rois,"4666, avenue Victoria Côte-des-Neiges—Notre-Dame-de-Grâce Montréal QC H3W 2N1",Promotion de l'éducation et le développement d'enfants qui vivent avec une déficience intellectuelle avec ou sans troubles liés au spectre de l'autisme. Encadrement éducatif. Accompagnement en milieu ...,,info@petitsrois.org,petitsrois.org/fr,Île de Montréal,jeunes vivant avec une déficience intellectuelle avec ou sans un trouble du spectre de l'autisme,montreal,developpement_enfants_familles,sante,non
mission du grand berger,"2510, rue Centre Le Sud-Ouest Montréal QC H3K 1J8","Distribution de repas complets par une unité mobile dans les lieux publics du centre-ville, dont le parc Émilie-Gamelin. Friperie: vente d'électroménagers, de meubles, d'articles de maison, de vêtemen...",514 933-9608,demunis@missiongrandberger.com,www.missiongrandberger.com/accueil,île de Montréal,"personnes en situation d'itinérance, personnes avec un faible revenu, grand public",montreal,bien_etre_alimentaire,soutien_vulnerabilite,non
centre d'assistance et d'accompagnement aux plaintes - île de montréal,"4900, rue Jean-Talon Ouest, bureau 210 Côte-des-Neiges—Notre-Dame-de-Grâce Montréal QC H4P 1W9",Défense des droits des usagers du réseau de la santé et des services sociaux. Information et référence. Soutien et conseil. Aide pour formuler une plainte et accompagnement dans les,514 861-5998,info@caapidm.ca,www.caapidm.ca,île de Montréal,"usager·ères des services de santé et sociaux: CLSC, CHSLD, centres de réadaptation, centres jeunesse, services ambulatoires, centres hospitaliers, résidences privées pour personnes âgées, familles ou résidences d'accueil, ressources intermédiaires, organismes communautaires",montreal,defense_droits,sante,non
préma-québec,"25, rue de Lauzon, bureau 8 Boucherville Montérégie QC J4B 1E7",Soutien pour parents d'enfants prématurés pendant l'hospitalisation et au retour à la maison. Groupe de discussion dans les unités néonatales pour parents dont le bébé est hospitalisé. Service d'héber...,1 888 651-4909,info@premaquebec.ca,premaquebec.ca,le Québec,"parents d'enfants prématuré·e·s, professionnel·le·s",provincial,sante,developpement_enfants_familles,non
centre de la fluidité verbale de montréal,"4626, rue Sainte-Catherine Ouest Westmount Montréal QC H3Z 1S3","Centre d'orthophonie et de psychopédagogie. Séances individuelles et de groupe en orthophonie et apprentissage. Évaluations en matière de langue, parole, langage et littéracie. Évaluations concernant ...",514 489-4320,reception@montrealfluency.com,https://fluiditemontreal.com/,le Québec,"enfants et adolescent·e·s vivant avec des troubles de la communication et d'apprentissage, familles, professionnel·le·s",provincial,sante,education_formation,non
résonance montréal,"4670, rue Sainte-Catherine Ouest Westmount Montréal QC H3Z 1S5","Établissement d'enseignement où les enfants qui présentent une déficience auditive apprennent en écoutant et en parlant. Intervention précoce pour les 0 à 3 ans: orientation parentale, stimulation du ...",514 488-4946,info@resonancemontreal.ca,resonancemontreal.ca/fr,"île de Montréal et les environs, services indirects: le Québec","enfants vivant avec la surdité, programme d'intégration scolaire: enfants, adolescents et jeunes adultes de 4 à 21 ans",montreal,sante,developpement_enfants_familles,non
canada afrique pour le développement durable,"235, rue Frank-Selke, bureau 3 Le Sud-Ouest Montréal QC H3K 3J6","Soutien aux communautés multiculturelles et promotion de l'intégration des immigrants et des réfugiés. Conseil et accompagnement. Conférences et ateliers sur la diversité, le multiculturalisme, les lu...",438 936-3697,cadeveloppementdurable@gmail.com,www.caddurable.com,Île de Montréal,"immigrant·e·s, réfugié·e·s, populations vulnérables",montreal,autres_missions_sociales,developpement_communautaire,non
atelier jem,"8400, avenue Mountain Sights Côte-des-Neiges—Notre-Dame-de-Grâce Montréal QC H4P 2B9","Atelier de travail à temps partiel ou à temps plein adapté aux besoins et aux habiletés. Emballage et assemblage, fonctionnement léger de machine, étiquetage et triage, sous supervision. Consultation ...",514 735-4217,info@jemworkshop.org,www.jemworkshop.org/fr,Grand Montréal,"personnes de 18 ans et plus avec un problème physique, émotionnel ou intellectuel et qui ne peuvent pas travailler dans une industrie concurrentielle",grand_montreal,emploi,sante,non
agence ometz,"1 carré Cummings, 5151, chemin de la Côte-Sainte-Catherine Côte-des-Neiges—Notre-Dame-de-Grâce Montréal QC H3W 1M6","Services d'intervention, de prévention et de soutien visant l'amélioration de la qualité de vie. Soutien en santé mentale. Consultation pour familles, couples et personnes seules. Éducation en matière...",514 342-0000 poste 3333,info@ometz.ca,www.ometz.ca,île de Montréal,"grand public, volet immigration: personnes nouvellement arrivées",montreal,sante,soutien_vulnerabilite,non
young men's and young women's hebrew association of montreal,"5400, avenue Westbury Côte-des-Neiges—Notre-Dame-de-Grâce Montréal QC H3W 2W8",Programmes de conditionnement physique. Club de santé. Services culturels et de loisirs. Programmes pour les personnes ayant des besoins spéciaux. Entraînement personnel. Sports et ligues.,514 737-6551,contact@ymywha.com,ymywha.com/fr,île de Montréal,grand public,montreal,sports_loisirs_tourisme,sante,oui
centre africain de développement et d'entraide,"2390, rue de Ryde, bureau 202 Le Sud-Ouest Montréal QC H3K 1R6",Dons de petits électroménagers. Information et références. Aide pour remplir les formulaires et accompagnement dans les services gouvernementaux. Aide aux devoirs dans les écoles primaires. Programme ...,514 528-6032,centreafricaindeveloppement@gmail.com,,Grand Montréal,"personnes immigrantes et réfugiées d'origine africaine, personnes de toute origine en situation de précarité",grand_montreal,autres_missions_sociales,education_formation,non
centre de développement yaldei shashuim,"5170, rue Van Horne Côte-des-Neiges—Notre-Dame-de-Grâce Montréal QC H3W 1J6",Programme individualisé d'intervention précoce pour enfants de 0 à 6 ans et thérapies spécialisées pour enfants de 0 à 21 ans vivant avec des problèmes de développement. École Yaldei: enfants de 4 à 1...,514 279-3666,info@yaldei.org,www.centreyaldei.org,île de Montréal,"enfants de 0 à 21 ans vivant avec un trouble du spectre de l'autisme, une déficience physique, une déficience intellectuelle, un trouble du déficit de l'attention avec ou sans hyperactivité, des difficultés émotionnelles",montreal,developpement_enfants_familles,sante,non
g.e.m.e. groupe d'entraide pour un mieux-être - laval,"25, rue Saint-Louis Pont-Viau Laval QC H7G 4W3",Groupes de soutien en personne et virtuels (sur Zoom). Consultations individuelles en personne et virtuels (sur Zoom). Groupes de méditation. Documentation et outils pour gérer les troubles anxieux:,1 866 443-4363,info@groupegeme.com,www.groupegeme.com,le Québec,"personnes de 18 ans et plus avec des troubles anxieux: stress, phobie simple ou sociale, agoraphobie, trouble panique, burnout, dépression, stress post-traumatique",provincial,sante,soutien_vulnerabilite,non
centre juif cummings pour aînés,"5700, avenue Westbury Côte-des-Neiges—Notre-Dame-de-Grâce Montréal QC H3W 3E8","Services aux personnes aînées, principalement de la communauté juive. Information et référence. Intervention individuelle et suivi. Activités culturelles et sociales. Popote roulante cachère. Défense ...",514 343-3514,info@cummingscentre.org,cummingscentre.org/fr,Grand Montréal,"personnes à mobilité réduite, personnes âgées de 50 ans et plus, principalement de la communauté juive, popote roulante cachère: personnes de 65 ans et plus",grand_montreal,sante,bien_etre_alimentaire,non
alliance pour l'accueil et l'intégration des immigrant-es,"5165, chemin Queen-Mary, bureau 350, 3e étage Côte-des-Neiges—Notre-Dame-de-Grâce Montréal QC H3W 1X7","Information et référence. Objectif Intégration (OI): cours d'intégration intensif ou à temps partiel, en personne ou à distance, parlant de l'histoire du Québec, du marché de l'emploi, etc. Aide",514 737-3642,info@alac.qc.ca,www.alac.qc.ca,"services d'intégration: le Québec, services d'employabilité: île de Montréal","service d'intégration: personnes résidentes permanentes, personnes réfugiées acceptées et personnes demandeuses d'asile, personnes travailleuses étrangères temporaires, personnes étudiantes étrangères, service d'employabilité: personnes résidentes permanentes, personnes réfugiées acceptées et personnes travailleuses étrangères temporaires",montreal,autres_missions_sociales,emploi,non
regroupement des organismes en francisation du québec,"5165, chemin Queen-Mary, bureau 501 Côte-des-Neiges—Notre-Dame-de-Grâce Montréal QC H3W 1X7",Regroupement des organismes oeuvrant en intégration sociolinguistique des personnes immigrantes. Soutien. Promotion et défense des intérêts.,514 962-3642,info@rofq.org,www.rofq.org,le Québec,"organismes communautaires, personnes cherchant des renseignements sur la francisation",provincial,autres_missions_sociales,education_formation,non
alliance pour l'accueil et l'intégration des immigrant-es - clinique d'impôts,"5165, chemin Queen-Mary, bureau 350, 3e étage Côte-des-Neiges—Notre-Dame-de-Grâce Montréal QC H3W 1X7",Clinique d'impôt sur rendez-vous.,514 737-3642,info@alac.qc.ca,www.alac.qc.ca,île de Montréal,personnes immigrantes à faible revenu,montreal,autres_missions_sociales,soutien_vulnerabilite,non
prévention côte-des-neiges-notre-dame-de-grâce - halte-chaleur,"5845, boulevard Décarie Côte-des-Neiges—Notre-Dame-de-Grâce Montréal QC H3W 3C9","Halte-chaleur. Refuge de nuit. Café, repas chauds, buanderie, douches. Lieu de rassemblement, de discussion, de repos et de répit. Références et appui dans les démarches.",514 664-2152,halte-chaleur@preventioncdnndg.org,www.preventioncdnndg.org,île de Montréal,personnes en situation d'itinérance,montreal,soutien_vulnerabilite,bien_etre_alimentaire,non
maison up,"5215, rue Namur Côte-des-Neiges—Notre-Dame-de-Grâce Montréal QC H4P 2R7","Information et références. Cuisine collective. Activités sociales et récréatives: radio up podcast, jardinage, bénévolat communautaire, etc. Activités éducatives et activités de sensibilisation: santé...",514 764-5599,info@uphouse.org,www.uphouse.org/index_fr.html,le Québec,personnes de 18 ans et plus vivant avec un problème de santé mentale,provincial,sante,developpement_communautaire,non
association dysphasie +,"3235, boulevard Saint-Martin Est, bureau 216 Duvernay Laval QC H7E 5G8","Conférences pour parents. Groupes d'entraide et d'échange entre parents, ateliers thématiques. Formation pour parents et intervenant·e·s. Accompagnement et soutien. Ateliers de stimulation pour enfant...",1 855 937-3670,info@dysphasieplus.com,dysphasieplus.com,"Laval, île de Montréal","personnes vivant avec un TDL (dysphasie), leurs proches",grand_montreal,sante,developpement_enfants_familles,non
centre communautaire mada,"6875, boulevard Décarie Côte-des-Neiges—Notre-Dame-de-Grâce Montréal QC H3W 3E4",Banque alimentaire. Cafétéria. Banque de meubles et de vêtements. Soutien familial et individuel. Programmes sociaux et éducatifs. Repas à partager: boîte-repas livrée à domicile (nourriture cachère)....,514 342-4969,mada@madacenter.com,www.madacentre.com/fr,Grand Montréal,personnes dans le besoin,grand_montreal,bien_etre_alimentaire,soutien_vulnerabilite,non
société john howard du québec (la) - siège social,"605, rue Filiatrault, bureau 7 Saint-Laurent Montréal QC H4L 3V3","Organisme visant à offrir une réponse aux problématiques en lien avec la criminalité. Prévention, intervention, sensibilisation du public et promotion des droits. Accompagnement dans la recherche d'un...",1 855 780-3016,admin@john-howard.qc.ca,john-howard.qc.ca/fr,le Québec,"individus qui sont entrés ou à risque d'entrer en conflit avec la loi, leurs familles, proches et communautés, acteurs du milieu, personnes de 18 ans et plus",provincial,defense_droits,soutien_vulnerabilite,non
société john howard du québec (la) - chez nous!,"605, rue Filiatrault, bureau 7 Saint-Laurent Montréal QC H4L 3V3","Service d'accompagnement à l'hébergement pour personnes sortant d'une prison provinciale, d'un pénitencier fédéral ou d'une maison de transition et voulant résider à Québec ou Montréal. Assistance mon...",514 909-8040,admin@john-howard.qc.ca,john-howard.qc.ca/fr,le Québec,"personnes de plus de 18 ans sortant d'une prison provinciale, d'un pénitencier fédéral ou d'une maison de transition, qui sont en situation de grande vulnérabilité, sans ressource financière, sans réseau social adéquat et sans lieu d'hébergement digne et sécuritaire, avec priorité aux personnes devant être libérées pour des motifs en lien avec la pandémie et les personnes de plus de 50 ans",provincial,soutien_vulnerabilite,logement,non
conseil des éducateurs noirs du québec,"5050, chemin de la Côte Saint-Luc Côte-des-Neiges—Notre-Dame-de-Grâce Montréal QC H3W 2H1","Soutien académique Programme de tutorat virtuel pour élèves du primaire ou secondaire tout au long de l'année scolaire. Soutien académique en ligne dans le domaine de la formation continue, des mathém...",514 481-9400,info@qbbe.ca,qbbe.ca/fr,Grand Montréal,"enfants, adolescent·e·s, jeunes adultes et familles issu·e·s de communautés multiculturelles et interculturelles",grand_montreal,education_formation,developpement_enfants_familles,non
maison jeun'aide,"4430, rue Saint-Jacques Le Sud-Ouest Montréal QC H4C 1K2","Centre résidentiel communautaire. Programme d'Accès communautaire: programme de réinsertion sociale via un projet en emploi, en bénévolat ou de retour aux études offert aux personnes référées par le S...",514 932-0699,mja@maisonjeunaide.com,maisonjeunaide.com,le Québec,"hommes ex-détenus de 18 ans et plus ayant obtenu une libération conditionnelle de type semi-liberté, service externe: hommes de 18 ans et plus",provincial,soutien_vulnerabilite,emploi,non
ligues des noirs du québec (la),"5201, boulevard Décarie Côte-des-Neiges—Notre-Dame-de-Grâce Montréal QC H3W 3C2","Sensibilisation sur le racisme, le décrochage scolaire et l'usage de stupéfiants dans le voisinage. Conseils juridiques sur les droits de la personne, le racisme et la discrimination. Session préparat...",514 489-3830,info.ligue@videotron.ca,liguedesnoirs.org,le Québec,communauté noire et autres communautés ethnoculturelles,provincial,defense_droits,education_formation,non
ressources jeunesse de saint-laurent - appartements supervisés,"1550, rue Élizabeth, bureau 100 Saint-Laurent Montréal QC H4L 5N7",Appartements supervisés pour jeunes adultes en difficulté. Suivi psychosocial offrant un hébergement pouvant aller jusqu'à 3 ans. Paniers de Noël pour les résidents.,514 748-0202 poste 225,coordo.admin@rjsl.ca,www.rjsl.ca,île de Montréal,"personnes de 18 à 25 ans en difficulté, en démarche d'autonomie, résident permanent ou citoyen canadien",montreal,soutien_vulnerabilite,logement,non
institut raymond-dewar - services psychosociaux pour la clientèle sourde gestuelle,"250, boulevard Cartier Ouest Laval-des-Rapides Laval QC H7N 5S5","Services psychosociaux de première ligne pour la clientèle sourde gestuelle. Accueil, évaluation et orientation. Intervention de crise. Aide à la communication. Intervent",450 668-1803 poste 4591,1e_laval@raymond-dewar.gouv.qc.ca,www.lavalensante.com/soins-et-services/liste-des-soins-et-services/deficience-intellectuelle-di-trouble-du-spectre-de-lautisme-tsa-deficience-physique-dp/services-specifiques-adultes-di-tsa-dp-1re-ligne/services-psychosociaux-1re-ligne-pour-la-clientele-sourde-gestuelle,"île de Montréal, Laval",personnes adultes sourdes utilisant la langue des signes québécoise (LSQ),grand_montreal,sante,soutien_vulnerabilite,non
centre eurêka,"4377, rue Notre-Dame Ouest, bureau 106 Le Sud-Ouest Montréal QC H4C 1R9","Service conseil en développement de l'employabilité (SCDE). Intervention individuelle, encadrement et suivi à long terme pour les personnes de 40 ans et plus et les personnes nouvellement arrivées ave...",514 937-8998 poste 300,info@centreeureka.org,www.centreeureka.org,île de Montréal,"adultes de 40 ans et plus sans emploi, bénéficiaires de la sécurité du revenu, travailleur·euse·s à temps partiel de moins de 29 heures par semaine ou travailleur·euse·s autonomes, qui possèdent une expérience du marché du travail au Canada d'au moins trois ans, sans emploi depuis un maximum de trois ans et personnes nouvellement arrivées avec un permis de travail",montreal,emploi,autres_missions_sociales,non
société alzheimer de montréal,"4505, rue Notre-Dame Ouest Le Sud-Ouest Montréal QC H4C 1S3",Consultations gratuites et confidentielles. Groupes d'information et de soutien pour personnes vivant avec l'Alzheimer et pour personnes proches aidantes. Groupes de soutien mensuels pour personnes vi...,514 369-0800,info@alzheimermontreal.ca,alzheimermontreal.ca,île de Montréal,"personnes vivant avec la maladie d'Alzheimer ou une maladie apparentée, personnes proches aidantes, professionnel·le·s de la santé et des services sociaux, toute personne qui désire obtenir de l'information",montreal,sante,soutien_vulnerabilite,non
fondation du rein (la) - division du québec,"5160, boulevard Décarie, bureau 880 Côte-des-Neiges—Notre-Dame-de-Grâce Montréal QC H3X 2H9",Financement de la recherche sur les maladies rénales. Sensibilisation au don d'organes et à la prévention. Aide aux patient·e·s: jumelage avec un pair. Auto-Rein: récupération de voitures comme don.,1 800 565-4515,info@reinquebec.ca,rein.ca,le Québec,"personnes vivant avec une insuffisance rénale, dialysées, greffées, leur famille et les professionnel·le·s",provincial,sante,soutien_vulnerabilite,non
société elizabeth fry du québec,"5105, chemin de la Côte-Saint-Antoine Côte-des-Neiges—Notre-Dame-de-Grâce Montréal QC H4A 1N8","Services en prison: programmes de préparation à la sortie, de sensibilisation à la toxicomanie, de gestion de la colère, Un pas vers l'autonomie, Vis-à-vis, Face à face, Temps d'arrêt. Groupes de sout...",1 844 489-2116,admin@elizabethfry.qc.ca,www.elizabethfry.qc.ca,le Québec,femmes judiciarisées qui ont été incarcérées ou qui sont à risque de l'être,provincial,defense_droits,soutien_vulnerabilite,non
maison thérèse-casgrain (la),"5105, chemin de la Côte-Saint-Antoine Côte-des-Neiges—Notre-Dame-de-Grâce Montréal QC H4A 1N8",Maison de transition. Centre résidentiel communautaire pour les femmes qui sortent de détention. Service de soutien et d'encadrement. Suivi psychologique.,514 489-3887,admin@elizabethfry.qc.ca,elizabethfry.qc.ca,île de Montréal,femmes en démarche de réinsertion sociale après leur sortie de détention,montreal,soutien_vulnerabilite,defense_droits,non
"centre amitié, ressources et entraide pour la jeunesse","4999, rue Saint-Catherine Ouest, bureau 102 Westmount Montréal QC H3Z 1T3",Communauté de soutien pour jeunes et ancien·ne·s de tous les stages de protection de l'enfance. Événements sociaux et ateliers. Service de références. Opportunités de plaidoyer. Clinique d'impôts po,514 307-2474,direction@carejeunesse.org,www.carejeunesse.org,le Québec,"jeunes, ancien·ne·s membres ou tout enfant dans tous les stages de protection de l'enfance (foyers d'accueil, foyers de groupe, divers centres d'hébergement, etc.)",provincial,developpement_enfants_familles,soutien_vulnerabilite,non
entreprendre ici,"8250, boulevard Décarie, bureau 155 Côte-des-Neiges—Notre-Dame-de-Grâce Montréal QC H4P 2P5",Soutien aux personnes entrepreneuses issues de la diversité ethnoculturelle. Accompagnement sur mesure et soutien. Programme Avantages EICI: groupe de personnes expertes de différents domaines d'affai...,1 888 975-1420,info@entreprendreici.org,entreprendreici.org,le Québec,"personnes nouvellement arrivées, personnes entrepreneuses de la diversité ethnoculturelle voulant démarrer, acheter ou développer une entreprise",provincial,emploi,autres_missions_sociales,non
équipe rdp,"12511, boulevard Rodolphe-Forget Rivière-des-Prairies—Pointe-aux-Trembles Montréal QC H1E 6P6",Organisme contribuant au développement social et à l'amélioration de la qualité de vie de la population. Programme de loisirs. Programme d'intervention sociale: prévention de la marginalisation et de ...,514 643-3872,info@equiperdp.ca,equiperdp.com,île de Montréal,"grand public, familles immigrantes, programme d'intervention sociale: enfants, jeunes et jeunes adultes de 16 à 35 ans",montreal,developpement_communautaire,sports_loisirs_tourisme,oui
centre d'accueil et de référence sociale et économique pour immigrants de saint-laurent,"774, boulevard Décarie, bureau 300 Saint-Laurent Montréal QC H4L 3L5","Immigration Accueil, référence, information et orientation. Assermentation. Aide technique dans les démarches et aide pour remplir les formulaires. Aide à la recherc",514 748-2007,info@cari.qc.ca,cari.qc.ca,"Grand Montréal, particulièrement Saint-Laurent","familles et personnes immigrantes, minorités visibles, résident·e·s temporaires et permanent·e·s, demandeur·euse·s d'asile, personnes réfugiées, étudiant·es étranger·ère·s",grand_montreal,autres_missions_sociales,,non
centre d'encadrement pour jeunes femmes immigrantes,"831, rue Décarie, bureau 301 Saint-Laurent Montréal QC H4L 3L8","Informations et références. Formations: petite enfance, multimédia, informatique, codage numérique, lancement d'entreprises, IA et suivi entrepreneurial. Cours de langues: français, anglais. Orientati",514 744-2252,contact@cejfi.org,www.cejfi.org,Grand Montréal,"femmes immigrantes et leur famille, aide alimentaire: nouvelles arrivantes et leur famille",grand_montreal,autres_missions_sociales,education_formation,non
société de la sclérose latérale amyotrophique du québec,"5415, rue Paré, bureau 200 Mont-Royal Montréal QC H4P 1P7",Groupes de soutien mensuels en ligne ou en personne pour les personnes vivant avec la maladie et pour les personnes proches aidantes. Activités de sensibilisation auprès du réseau des institutions,1 877 725-7725,info@sla-quebec.ca,sla-quebec.ca,le Québec,"personnes vivant avec la sclérose latérale amyotrophique, leurs proches aidant·e·s, leurs familles",provincial,sante,soutien_vulnerabilite,non
mission bon accueil,"606, rue De Courcelle Le Sud-Ouest Montréal QC H4C 3L5",Refuge pour hommes en situation d'itinérance. Traitement des dépendances. Réinsertion sociale. Logements de transition. Marché Bon Accueil: aide alimentaire sous forme d'épicerie gratuite. Services au...,514 523-5288,info@missionba.com,missionbonaccueil.com,Grand Montréal,"hommes, femmes, enfants, jeunes, familles, personnes en situation d'itinérance, personnes immigrantes, grand public",grand_montreal,soutien_vulnerabilite,bien_etre_alimentaire,non
mission bon accueil - logements de transition - coeur à soeur,"4755A, rue Acorn, 2e étage Le Sud-Ouest Montréal QC H4C 3L6",Logements de transition pour jeunes mères d'enfants de 0 à 5 ans et femmes enceintes de 15 à 30 ans. Plan de vie personnalisé. Durée de séjour pouvant aller jusqu'à 3 ans.,514 523-5288 poste 177,info@missionba.com,missionbonaccueil.com,Grand Montréal,"jeunes mères d'enfants âgés de 0 à 5 ans, femmes enceintes de 15 à 30 ans",grand_montreal,soutien_vulnerabilite,developpement_enfants_familles,non
mission bon accueil - résidences bon accueil,"4755-A, rue Acorn Le Sud-Ouest Montréal QC H4C 3L6",Programme de réinsertion sociale en dépendance avec hébergement d'une durée de 3 à 6 mois. Évaluation personnalisée. Studio meublé. Gestion et administration des médicaments. Suivi individuel. Atelier...,514 523-5288 poste 118 ou 177,info@missionba.com,www.missionbonaccueil.com,le Québec,hommes de 18 à 64 ans avec une problématique en dépendance liée à l'alcool ou à la toxicomanie avec ou sans traitement par agonistes opioïdes (TAO) et ayant des besoins psychosociaux,provincial,soutien_vulnerabilite,sante,non
mission bon accueil - marché bon accueil,"4755, rue Acorn, porte D Le Sud-Ouest Montréal QC H4C 3L6",Distribution de nourriture avec possibilité de livraison pour les personnes admissibles. Magasin-partage de Noël. Fournitures scolaires pour les membres seulement. Sessions d'information communautaire...,514 937-9317 poste 5,marchebonaccueil@missionba.com,missionbonaccueil.com,"Grand Montréal, livraison de nourriture: Le Sud-Ouest","familles ou personnes dans le besoin, livraison de nourriture: personnes aînées, personnes vivant avec une maladie grave ou un handicap",grand_montreal,bien_etre_alimentaire,soutien_vulnerabilite,non
mission bon accueil - clinique dentaire jim lund,"4755, rue Acorn Le Sud-Ouest Montréal QC H4C 3L6","Soins dentaires de base offerts par des professionnel·le·s et des étudiant·e·s en dentisterie de l'Université McGill. Examen dentaire complet, nettoyage régulier et profond, plombages simples, extract...",514 523-5288 poste 172,pmaldonado@missionba.com,www.missionbonaccueil.com,île de Montréal,"personnes en situation d'itinérance, bénéficiaires de l'aide sociale non éligibles au programme de soins dentaires gratuits du gouvernement, personnes retraitées à faible revenu",montreal,sante,soutien_vulnerabilite,non
mission bon accueil - logements de transition mba,"4755, rue Acorn, porte D Le Sud-Ouest Montréal QC H4C 3L6","Logements subventionnés. Programme de réinsertion sociale de trois ans. Accueil et références. Suivi psychosocial et accompagnement. Suivi post-hébergement. Banque alimentaire, soutien matériel, servi...",514 937-9317,info@missionba.com,www.missionbonaccueil.com,Grand Montréal,"femmes de 18 à 60 ans, seules, enceintes ou ayant un enfant de moins d'un an, à risque d'itinérance et engagées dans une démarche de réinsertion sociale",grand_montreal,soutien_vulnerabilite,logement,non
centre montréalais pour les troubles d'apprentissage,"2100, avenue Marlowe, bureau 535 Côte-des-Neiges—Notre-Dame-de-Grâce Montréal QC H4A 3L5",Soutien aux personnes vivant avec des troubles d'apprentissage ou un TDAH. Information et référence. Services pour les parents d'enfants neurodivergents: coaching individuel et groupes de soutien. Pro,514 482-7196,info@ldmontreal.ca,ldmontreal.ca,Grand Montréal,"adultes et enfants ayant des troubles d'apprentissage ou un TDAH, leur famille et les professionnel·le·s du milieu, programmes K.I.D.S: enfants de 6 à 16 ans ayant des troubles d'apprentissage ou un TDAH",grand_montreal,sante,developpement_enfants_familles,non
maison caci,"2190, rue De Salaberry Ahuntsic-Cartierville Montréal QC H3M 1K7","Logements sociaux. Phase II située au 10350, place de l'Acadie. Accompagnement des locataires: conseils lors des procédures administratives, séances d'information, cours de français, événements et act...",514 439-6013,info@caci-bc.org,caci-bc.org,"île de Montréal, Laval",personnes immigrantes seules et familles immigrantes à faibles revenus,grand_montreal,logement,soutien_vulnerabilite,non
amal-centre pour femmes,"860, boulevard Décarie, bureau 301 Saint-Laurent Montréal QC H4L 3M1","Centre promouvant le bien-être des femmes aux plans individuel et familial. Soutien psychosocial pour les victimes de violence conjugale, de conflits familiaux ou matrimoniaux. Consultation individuel...",514 855-0330 poste 1,info@amalwomencenter.ca,www.amalwomencenter.ca,Grand Montréal,"femmes en difficulté, particulièrement celles issues de l'immigration ou des communautés arabes, maghrébines et sud-asiatiques, familles, couples",grand_montreal,soutien_vulnerabilite,developpement_enfants_familles,non
ressources jeunesse de saint-laurent - maison d'hébergement,"1410, rue O'Brien Saint-Laurent Montréal QC H4L 3W4",Hébergement de courte durée d'un maximum de 6 mois avec repas. Soutien et service téléphonique de référence. Suivi posthébergement.,514 748-0202 poste 231,coordo.admin@rjsl.ca,www.rjsl.ca,île de Montréal,jeunes en situation d'itinérance de 16 à 22 ans,montreal,soutien_vulnerabilite,logement,non
association polio québec,"3500, boulevard Décarie, bureau 219A Côte-des-Neiges—Notre-Dame-de-Grâce Montréal QC H4A 3J5",Information et référence. Sensibilisation et prévention. Soutien. Défense des droits.,1 877 765-4672,association@polioquebec.org,polioquebec.org,le Québec,"personnes vivant avec la polio ou le syndrome post-polio, leurs proches",provincial,sante,defense_droits,non
école multiethnique de langues et de cultures du québec,"3480, boulevard Décarie, 2e étage, bureau 200 Côte-des-Neiges—Notre-Dame-de-Grâce Montréal QC H4A 3J5",Programme MIFI: cours de français à temps partiel.,514 484-8899,emulcq@gmail.com,coursdefrancais.ca,île de Montréal,"citoyen·nes canadien·nes naturalisé·es, résident·es permanent·es, travailleur·euses temporaires, étudiant·es étranger·ères, réfugié·es et demandeur·euses d'asile",montreal,education_formation,autres_missions_sociales,non
école peter hall - ouimet,"1455, rue Rochon Saint-Laurent Montréal QC H4L 1W1",Programmes de niveau primaire francophone et anglophone.,514 748-1050,ouimet@peterhall.qc.ca,peterhall.qc.ca,"Grand Montréal, Rive-Sud, Rive-Nord","élèves francophones et anglophones de 4 à 21 ans avec une déficience intellectuelle légère, moyenne, profonde à sévère, des troubles du spectre de l'autisme ou des troubles relevant de la psychopathologie, avec ou sans handicaps associés",grand_montreal,education_formation,sante,non
pavillon emmanuel-grégoire,"11430, rue Notre-Dame Est Montréal-Est Montréal QC H1B 5T5","Centre résidentiel communautaire, service d'hébergement et programme de réinsertion sociale.",514 640-5361,peg@s-e-g.ca,www.s-e-g.ca/fr,Grand Montréal,ex-détenus sous juridiction fédérale,grand_montreal,soutien_vulnerabilite,logement,non
family care collective,"5276, rue Sherbrooke Ouest, bureau 214 Côte-des-Neiges—Notre-Dame-de-Grâce Montréal QC H4A 1W8","Soutien et conseils pour accéder aux ressources liées à la santé reproductive, la santé mentale, les soins médicaux, la garde d'enfants, le travail et le logement. Activités: groupe de soutien en sant...",514 961-1766,info@familycarecollective.org,www.familycarecollective.org,Île de Montréal,"nouveaux ou futurs parents, nouvelles familles",montreal,sante,developpement_enfants_familles,non
services de soutien à la famille - hay doun,"2425, rue de Salaberry, bureau 112 Ahuntsic-Cartierville Montréal QC H3M 1L2","Soutien aux familles, aux jeunes et aux personnes aînées. Intégration des nouvelles·aux arrivant·e·s et des réfugié·e·s. Parrainage collectif. Référence et accompagnement. Soutien individuel et de gro...",514 897-7504,info@haydoun.ca,www.haydoun.ca,"île de Montréal, Laval","familles et personnes en difficulté, personnes nouvellement arrivées, personnes réfugiées, personnes proches aidantes de personnes aînées ou patient·e·s en oncologie (cancer), personnes aînées vulnérables",grand_montreal,developpement_enfants_familles,autres_missions_sociales,non
assistance humanitaire et communautaire multiforme,"11640, rue René-Lévesque Rivière-des-Prairies—Pointe-aux-Trembles Montréal QC H1B 2B3","Programme Integrana pour personnes nouvellement arrivées: accompagnement et orientation, aide à la recherche d'emploi. Programmes humanitaires en Afrique. Clinique d'impôts.",514 608-6317,clientsashucom@gmail.com,www.ashucom.org,Grand Montréal,"personnes à faible revenu, personnes nouvellement arrivées",grand_montreal,autres_missions_sociales,emploi,non
association des infirmières et infirmiers en soins podologiques du québec,"2160, chemin du Tremblay, bureau 205 Longueuil Montérégie QC J4N 1A8",Regroupement d'infirmiers et d'infirmières en soins podologiques. Promotion de la profession et maintien de la qualité des services. Bottin des membres infirmiers et infirmières e,,info@aiispq.org,aiispq.org,le Québec,"infirmier·ière·s en soins podologiques, grand public, personnes diabétiques, CLSC, résidences privées pour personnes aînées",provincial,sante,education_formation,non
debout pour la dignité,"9603, boulevard Maurice-Duplessis Rivière-des-Prairies—Pointe-aux-Trembles Montréal QC H1E 4M6","Groupe de défense des minorités visibles et des immigrant·e·s. Accompagnement des victimes d'actes racistes: accueil, écoute et références. Aide à la recherche de logement. Aide à la recherche d'emplo...",514 512-5907,deboutpourdignite@gmail.com,,le Québec,"membres des minorités visibles, personnes nouvelles arrivantes, immigrant·e·s",provincial,defense_droits,soutien_vulnerabilite,non
clic opeq,"1, carrefour Alexander-Graham-Bell, Tour C, 2e étage Verdun Montréal QC H3E 3B3",Ordinateurs remis à neuf à prix abordable pour le cheminement académique ou professionnel d'un·e membre de la famille.,1 877 617-6737,demande@opeq.qc.ca,www.opeq.qc.ca/recevoir/programme-clic-opeq,le Québec,personnes à faible revenu,provincial,soutien_vulnerabilite,education_formation,non
cansupport des cèdres,"1001, boulevard Décarie Côte-des-Neiges—Notre-Dame-de-Grâce Montréal QC H4A 3J1",Programmes et services offrant du soutien additionnel pour aider à composer avec le cancer et le traitement. Ateliers et groupes de soutien. Atelier d'écriture créative. Art-thérapie Ateliers pour fem...,514 934-1934 poste 31666,cedarscansupport@muhc.mcgill.ca,cansupport.ca/fr,Grand Montréal,"personnes vivant avec un cancer, leurs proches, aide financière: pour les patients en oncologie au CUSM",grand_montreal,sante,soutien_vulnerabilite,non
fondation cypihot-ouellette,2820 rue Berthon Longueuil Montérégie QC J4M 1X1,"Soutien financier aux personnes vivant avec une déficience visuelle. Soutien financier aux études: bourse soutien, bourse mérite, bourse excellence. Soutien financier pour l'inclusion sociale: activit...",,info@cypihotouellette.org,cypihotouellette.org,le Québec,"personnes vivant avec une déficience visuelle, organismes et personnes ouvrant dans la recherche ou le développement de projets pour les personnes vivant avec une déficience visuelle, soutien aux études: personnes vivant avec une déficience visuelle, ayant le statut de citoyen canadien ou de résident permanent et inscrites aux études à temps plein dans un programme de formation reconnu par le MEES",provincial,sante,soutien_vulnerabilite,non
maison de l'autisme,"4710, rue Saint-Ambroise, bureau 309B Le Sud-Ouest Montréal QC H4C 2C7",Soutien aux parents Ateliers. Groupe de support pour parents ayant des enfants autistes.Soutien aux adultes et adolescent·e·s autistes Consultations privées et interventions d'autonomie. Groupe de sup...,514 231-7093,patrick@lamaisondelautimse.ca,lamaisondelautisme.ca,Grand Montréal,"adultes ou adolescent·e·s autistes, leurs proches",grand_montreal,sante,soutien_vulnerabilite,non
inform'elle,"2068, boulevard Édouard Longueuil Montérégie QC J4T 2A1","Ligne d'information juridique en droit familial, référence. Médiation familiale pour couples mariés ou unis de fait en cas de rupture. Base de données juridique en ligne sur le droit de la famille. Ca...",1 877 443-8221,droitpourelle@informelle.org,informelle.org,Grand Montréal,"parents, familles, organismes",grand_montreal,defense_droits,soutien_vulnerabilite,non
association québécoise des parents d'enfants handicapés visuels,"10, boulevard Churchill, bureau 203 Longueuil Montérégie QC J4V 2L7",Référence téléphonique. Intervention et soutien. Journées d'échange: conférences et ateliers. Groupes de soutien. Production de documents spécialisés.,1 888 849-8729,info@aqpehv.qc.ca,www.aqpehv.qc.ca,le Québec,parents d'enfants vivant avec un handicap visuel ou un trouble neurovisuel de 0 à 21 ans,provincial,sante,developpement_enfants_familles,non
centre d'intégration tsa,"811, rue Fillion Ahuntsic-Cartierville Montréal QC H4J 1T6","Soutien, écoute et informations aux parents. Répit de fin de semaine du vendredi au dimanche.",514 679-8689,kathalay2@hotmail.com,,île de Montréal,"personnes autistes, leur famille",montreal,sante,soutien_vulnerabilite,non
maison les étapes inc.,"2240, rue Girouard Côte-des-Neiges—Notre-Dame-de-Grâce Montréal QC H4A 3C3","Foyers de groupe. Centre communautaire: programme social et d'éducation, formation au travail. Recherche d'emploi et placement en milieu de travail. MIR Plus: programme résidentiel intensif à court te...",514 488-9119,maisonlesetapes@videotron.ca,fr.maisonlesetapes.org,île de Montréal,"adultes avec des difficultés psychiatriques, MIR Plus: patient·e·s des soins psychiatriques du réseau hospitalier de McGill",montreal,sante,emploi,non
service oxygène,"5262, rue Notre-Dame Ouest Le Sud-Ouest Montréal QC H4C 1T5",Soutien et accompagnement en réinsertion sociale. Appartements Satellites: hébergement de type maison de chambres.,514 260-2202,info@maisoncrossroads.qc.ca,maisoncrossroads.qc.ca/fr/services/service-oxygene,Grand Montréal,personnes âgées de 50 ans et plus judiciarisées qui sont incarcérés dans un pénitencier fédéral du Québec ou qui ont été libérés dans la communauté,grand_montreal,soutien_vulnerabilite,logement,non
maison cross roads,"5262, rue Notre-Dame Ouest Le Sud-Ouest Montréal QC H4C 1T5",Centre résidentiel communautaire. Sous contrat avec le Service correctionnel du Canada: durée moyenne de séjour de 4 à 6 mois.,514 932-7188,info@maisoncrossroads.qc.ca,maisoncrossroads.qc.ca/fr,Grand Montréal,"hommes ex-détenus, en libération conditionnelle de jour, libération conditionnelle totale (avec obligation de résidence dans un CRC) ou en absence temporaire sans escorte",grand_montreal,soutien_vulnerabilite,defense_droits,non
habitations communautaires entre-deux-âges,"3601, boulevard Gaétan-Laberge, bureau 102 Verdun Montréal QC H4G 0A5",Logements à loyer modique subventionnés ou non subventionnés avec services. Appartements 3½. Service de repas du lundi au vendredi. Surveillance le soir et la fin de semaine. Soutien communautaire. Lo...,438 383-4193 poste 101,direction@entre-deux-ages.org,entre-deux-ages.org,île de Montréal,"personnes de 65 ans et plus autonomes ou en légère perte d'autonomie, à faible et modeste revenu",montreal,logement,sante,non
centre social d'aide aux immigrants - verdun,"3782, rue Wellington Verdun Montréal QC H4G 1V2",Accueil et intégration. Information et orientation. Consultation et soutien individuel. Aide avec les formulaires relatif à l'immigration et aux demandes de citoyenneté. Assermentation de documents. A...,514 932-2953,csai@centrecsai.org,centrecsai.org,île de Montréal,"résident·e·s permanent·e·s depuis moins de 5 ans, étudiant·e·s étrang·ère·s, travailleur·euse·s temporaires, réfugié·e·s pris·e·s en charge par l'État, demandeur·euse·s d'asile",montreal,autres_missions_sociales,,non
"alternative (l'), centre de jour en santé mentale","11813, rue Notre-Dame Est Rivière-des-Prairies—Pointe-aux-Trembles Montréal QC H1B 2Y1","Centre de jour en santé mentale pour adultes, proposant un milieu de vie convivial et chaleureux en vue de favoriser l'entraide et le rétablissement par le biais d'activités quotidiennes, de rencontre...",514 640-1200,info@lalternativecentredejour.org,lalternative-cdj.org,île de Montréal,adultes de 18 ans et plus vivant avec des troubles de santé mentale,montreal,sante,soutien_vulnerabilite,non
summit school,"1750, rue Deguire Saint-Laurent Montréal QC H4L 1M7",École privée offrant des programmes adaptés. Pré-maternelle. Primaire modifié. Secondaire premier cycle modifié. Programme d'intégration sociale. Programme Défis. Formation de préparation au travail o...,514 744-2867,admin@summit-school.com,www.summit-school.com/?lang=fr,Grand Montréal,"élèves de 4 à 21 ans vivant avec des troubles du développement incluant les troubles intellectuels, les troubles comportementaux et émotionnels, les troubles du spectre de l'autisme, le syndrome de Down, l'anxiété et les troubles d'apprentissages sévères",grand_montreal,education_formation,sante,non
croix-rouge canadienne - division du québec,"6, place du Commerce Verdun Montréal QC H3E 1P4","Services humanitaires et secours d'urgence lors de catastrophes ou de conflits au Canada et partout dans le monde. Cours de secourisme, de gardiens avertis et de RCR. Trouver un cours: myrc.redcross.c...",1 800 363-7305,comptezsurnous@croixrouge.ca,www.croixrouge.ca,le Québec,"services en cas de sinistres: victimes d'incendies résidentiels, feux de forêts, ouragans, inondations et autres urgences",provincial,soutien_vulnerabilite,sante,non
maison de la famille pierre bienvenu noailles,"4350, rue de Salaberry Ahuntsic-Cartierville Montréal QC H4J 1H3",Répit et dépannage pour parents d'enfants de 0 à 18 mois. Halte-garderie pour enfants de 0 à 5 ans. Droits d'accès supervisés et échange de garde. Atelier de préparation à l'école pour enfants de 3 à ...,514 337-1522,info@maifapbn.ca,www.maifapbn.ca,Grand Montréal,parents avec enfants de 0 à 13 ans,grand_montreal,developpement_enfants_familles,,non
fondation miriam (la),"5703, rue Ferrier Mont-Royal Montréal QC H4P 1N3","Organisme qui ouvre pour le bien-être, le développement et l'inclusion des personnes ayant un trouble neurodéveloppemental, notamment le trouble du spectre de l'autisme (TSA) et la déficience intellec...",514 345-8330 poste 996,info@miriamfoundation.ca,miriamfoundation.ca/fr/accueil,île de Montréal,"personnes vivant avec un trouble du spectre de l'autisme ou une déficience intellectuelle, parents, professionnel·le·s et paraprofessionnel·le·s du milieu",montreal,sante,developpement_enfants_familles,non
centre social d'aide aux immigrants - île-des-soeurs,"40, rue Place du Commerce, local 006 Verdun Montréal QC H3E 1J6","Accueil et intégration, information et orientation. Consultation et soutien individuel. Aide avec les formulaires en matière d'immigration et de demande de citoyenneté. Assermentation de documents. C",514 932-2953,csai@centrecsai.org,www.centrecsai.org,Île de Montréal,"résident·e·s permanent·e·s, étudiant·e·s internationaux·ales, travailleur·euse·s temporaires, réfugié·e·s pris·e·s en charge par l'État, réfugié·e·s parrainé·e·s par le privé, demandeur·euse·s d'asile",montreal,autres_missions_sociales,,non
ateliers quatre saisons (les),"11929, rue Victoria Rivière-des-Prairies—Pointe-aux-Trembles Montréal QC H1B 2R1","Service occupationnel et thérapeutique pour des personnes ayant un vécu psychiatrique. Types de travail effectués: empaquetage, assemblage, triage, encartage. Une allocation est accordée.",514 640-4747,info@ateliers4saisons.com,,île de Montréal,adultes ayant un vécu psychiatrique,montreal,sante,emploi,non
église saint-jacques syriaque orthodoxe,"4375, boulevard Henri-Bourassa Saint-Laurent Montréal QC H4L 1A5","Aide et assistance à l'accueil des nouveaux arrivants syriens. Soutien, information, intégration et suivi. Parrainage de réfugiés. Aide pour remplir les formulaires. Jumelage de dons: mise en contact ...",514 334-6993,immigrationst-jacques@outlook.com,,"île de Montréal, Laval","immigrants d'origine syrienne, réfugiés",grand_montreal,autres_missions_sociales,soutien_vulnerabilite,non
pavillon prosper-boulanger,"11931, rue Notre-Dame Est Rivière-des-Prairies—Pointe-aux-Trembles Montréal QC H1B 2Y4","Centre résidentiel communautaire, service d'hébergement et programme de réinsertion sociale.",514 640-5361,ppb@s-e-g.ca,www.s-e-g.ca/fr,Grand Montréal,hommes ex-détenus sous juridiction fédérale,grand_montreal,soutien_vulnerabilite,logement,non
association québécoise de défense des droits des personnes retraitées et préretraitées,"1090, rue de l'Église, bureau 204 Verdun Montréal QC H4G 2N5","Défense des droits des personnes de 50 ans et plus afin d'améliorer leurs conditions de vie concernant le revenu, le logement, les services à domicile, le transport e",1 877 935-1551 poste 0,info@aqdr.org,www.aqdr.org,le Québec,personnes retraitées et préretraitées de 50 ans et plus,provincial,defense_droits,sante,non
info-alpha,"4080, rue Wellington, bureau 350 Verdun Montréal QC H4G 1V4","Service téléphonique d'écoute et de référence en alphabétisation et en formation de base dédié aux adultes éprouvant des difficultés en lecture, en écriture et en calcul de base. Écoute et références ...",1 888 488-3888,ssaidj@fondationalphabetisation.org,fondationalphabetisation.org/info-alpha,le Québec,"adultes de 16 ans et plus, leur entourage et intervenant·e·s de différents réseaux",provincial,education_formation,soutien_vulnerabilite,non
fondation pour l'alphabétisation (la),"4080, rue Wellington, bureau 350 Verdun Montréal QC H4G 1V4",Analyse des enjeux liés à l'analphabétisme et des solutions à mettre en place pour l'enrayer. La lecture en cadeau: programme dédié aux enfants de 0 à 12 ans vivant en milieux défavorisés visant à pré...,514 289-1178,info@fondationalphabetisation.org,fondationalphabetisation.org,le Québec,,provincial,education_formation,developpement_enfants_familles,non
centre action,"2169, boulevard Marcel-Laurin Saint-Laurent Montréal QC H4R 1K4","Centre d'activités offrant 21 ateliers structurés autour de quatre thèmes: éducation, arts et créativité, santé et bien-être, participation communautaire. Sorties socioculturelles hebdomadaires.",514 366-6868,info@centreaction.org,centreaction.org/fr,île de Montréal,personnes de 21 à 65 ans vivant avec une déficience physique ou cognitive légère,montreal,sante,sports_loisirs_tourisme,oui
mamies immigrantes pour le développement et l'intégration,"4250, avenue Bannantyne, bureau 102 Verdun Montréal QC H4G 3J4","Information, référence, encadrement et accompagnement. Interprétariat. Cuisines collectives. Visites à domicile. Appels d'amitié. Répit pour proches aidantes: répit à domicile, accompagnement à",514 903-1380,lesmamies2002@gmail.com,www.mamiesimmigrantes.org,île de Montréal,"femmes immigrantes et québécoises de 50 ans et plus, proches aidant·e·s",montreal,autres_missions_sociales,sante,non
reclaim literacy,"4322, rue Wellington Verdun Montréal QC H4G 1W4",Programmes visant à aider les adultes anglophones à développer leurs capacités de lecture et d'écriture et à promouvoir l'apprentissage tout au long de la vie. Tutorat individuel. Centre d'apprentissa...,514 369-7835,info@reclaimliteracy.ca,reclaimliteracy.ca,Grand Montréal,"adultes, personnes aînées, familles",grand_montreal,education_formation,,non
répit une heure pour moi,"750, 16e Avenue, bureau 10 Rivière-des-Prairies—Pointe-aux-Trembles Montréal QC H1B 3M7",Répit à domicile. Répit en accompagnement. Suivi individualisé. Groupe de soutien pour parents. Répits virtuels. Groupes d'activités.,514 640-6030,info@uneheurepourmoi.com,www.uneheurepourmoi.com,île de Montréal,familles ayant un enfant de 0 à 17 ans qui vit avec une problématique liée à la santé mentale,montreal,sante,developpement_enfants_familles,non
havre jeunesse,"4360, boulevard Lasalle Verdun Montréal QC H4G 2A8",Réhabilitation et réinsertion sociale pour adolescentes. Hébergement de groupe.,514 769-5050,administration@thaven.ca,www.teenhaven.ca/accueil,le Québec,adolescentes de 12 à 17 ans ayant des problèmes de comportement,provincial,soutien_vulnerabilite,developpement_enfants_familles,non
bouger et vivre,"4501, rue Bannantyne Verdun Montréal QC H4G 1E3",Organisme favorisant le maintien à domicile des personnes aînées et à améliorer la qualité de vie des personnes adultes présentant des problèmes de mobilité ou souffrant de maladie chronique. Programm...,438 836-1559,bouger.vivre@gmail.com,,île de Montréal,"personnes aînées, personnes adultes vivant avec un problème de mobilité ou souffrant d'une maladie chronique",montreal,sante,soutien_vulnerabilite,non
ivirtivik,"4590, rue de Verdun, bureau 200 Verdun Montréal QC H4G 1M3","Programme d'aide à l'emploi d'une durée de six mois à 30 heures par semaine. Ateliers de recherche d'emploi, rédaction de CV, préparation à l'entrevue. Ateliers de communication et culture générale. A...",514 564-3051,csescu@ivirtivik.org,ivirtivik.org/fr,Grand Montréal,Inuit de 18 ans et plus,grand_montreal,emploi,autres_missions_sociales,non
qavvivik centre de santé familiale et communautaire inuit,"4468, rue Wellington, bureau 204 Verdun Montréal QC H4G 1W5","Développe des programmes et améliore l'accès aux services pour les Inuit, avec le réseau de santé et de services sociaux du Québec. Clinique médicale, avec ou sans rendez-vous. Soutien et accompa",438 380-4670,infoqavvivik@gmail.com,www.qavvivik.ca/fr,le Québec,"Siqinirmiut: Inuit vivant dans le sud du Québec, leurs familles",provincial,sante,developpement_communautaire,non
à deux mains,"3465, avenue Benny Côte-des-Neiges—Notre-Dame-de-Grâce Montréal QC H4B 2R9",Information et références. Services de santé communautaire: cliniques médicales sur rendez-vous. Aide alimentaire d'urgence. Distribution de condoms et de lubrifiant. Distribution de produits d'hygièn...,514 481-0277,info@headandhands.ca,headandhands.ca,Grand Montréal,"personnes de 12 à 25 ans, jeunesse 2000: personnes de 12 à 17 ans",grand_montreal,sante,bien_etre_alimentaire,non
école secondaire elizabeth,"1741, rue de Biencourt Le Sud-Ouest Montréal QC H4E 1T4",École anglophone pour adolescentes enceintes et jeunes mères. Programme permettant aux étudiantes de terminer le secondaire 1 à 5 à leur propre rythme. Enseignement individualisé. Préparation pour l'é...,514 488-6529,elizabethhigh@emsb.qc.ca,www.elizabethhigh.ca,le Québec,adolescentes enceintes et jeunes mères de moins de 21 ans,provincial,education_formation,developpement_enfants_familles,non
pavillon l'essence ciel,"3823, Grand Boulevard Longueuil Montérégie QC J4T 2M3",Centre de réadaptation interne d'une durée de 3 à 6 mois. Programme distinct pour les dépendances aux substances. Thérapie de groupe et individuelle. Suivi postcure (en personne ou par zoom): une renc...,450 672-0926,info@lessenceciel.org,www.lessenceciel.org,le Québec,"hommes de 18 ans ayant une problématique de dépendance (alcool, drogue, médicament, opiacés), hommes sur un programme de substitution (Méthadone et Suboxone) et ayant ou non une problématique de santé mentale",provincial,soutien_vulnerabilite,sante,non
aide aux personnes obèses handicapées du québec,"12716, boulevard Industriel Rivière-des-Prairies—Pointe-aux-Trembles Montréal QC H1A 3V2",Défense des droits. Vente ou prêt d'équipement spécialisé pour la marche. Documentation.,514 254-8415,cdat@qc.aira.com,,le Québec,personnes pathologiquement obèses,provincial,defense_droits,sante,non
maison d'entraide saint-paul et émard,"5999, rue Drake Le Sud-Ouest Montréal QC H4E 4G8",Épicerie à contribution réduite et épicerie solidaire Paule &amp Émard. Livraison hebdomadaire de plats surgelés aux personnes aînées et personnes à mobilité réduite. Distribution de paniers de fruits...,514 761-1280,info@maison-entraide.org,maison-entraide.org,"marchés, livraison de repas surgelés, épicerie à contribution réduite et solidaire: codes postaux débutant par H4E, autres services: île de Montréal","marchés: personnes à faible revenu, livraison de plats surgelés: personnes aînées de 50 ans et plus ou à mobilité réduite, autres services: public général",montreal,bien_etre_alimentaire,soutien_vulnerabilite,non
auberge communautaire du sud-ouest - envol,"5947, boulevard Monk Le Sud-Ouest Montréal QC H4E 3H5",Logement abordable ou subventionné. Soutien communautaire sur place. Cuisine collective et souper communautaire hebdomadaires.,514 768-4774,lauberge@laubergecommunautaire.org,laubergecommunautaire.org,Grand Montréal,"jeunes de 18 à 29 ans, en situation d'itinérance ou en difficulté",grand_montreal,logement,soutien_vulnerabilite,non
groupe paradoxe,"5959, boulevard Monk Le Sud-Ouest Montréal QC H4E 3H5","Programme d'insertion sociale et professionnelle. Contrat de travail salarié de 26 semaines. Formation de base dans 4 domaines liés à l'événementiel. Suivi individuel et de groupe, encadrement profess...",514 931-5204,info@paradoxe.ca,www.paradoxe.ca,île de Montréal,"personnes de 18 à 35 ans à faible revenu, en situation d'emploi précaire, peu scolarisées",montreal,emploi,soutien_vulnerabilite,non
auberge communautaire du sud-ouest,"5947, boulevard Monk Le Sud-Ouest Montréal QC H4E 3H5","Hébergement: soutien individuel et collectif, gîte et couvert, séjour maximum d'un an. Envol: appartements abordables avec soutien communautaire. Le Tremplin: appartements supervisés avec suivi indivi...",514 768-4774,lauberge@laubergecommunautaire.org,laubergecommunautaire.org,Grand Montréal,"hébergement: jeunes de 18 à 29 ans, en situation d'itinérance ou en difficulté",grand_montreal,soutien_vulnerabilite,logement,non
chantier d'afrique du canada,"4740, rue Wellington, bureau 203 Verdun Montréal QC H4G 1X3","Soutien aux personnes issues des minorités ethnoculturelles, particulièrement d'origine africaine, dans leur processus d'intégration sociale, culturelle et économique. Carrefour entreprendre: formatio...",514 767-6200,info@chafric.ca,,Grand Montréal,"personnes issues de l'immigration et des groupes racisés, personnes afrodescendantes",grand_montreal,autres_missions_sociales,emploi,non
cartier émilie,"12225, rue Grenet, bureau 1400 Ahuntsic-Cartierville Montréal QC H4J 2N7","Accueil et références. Projets ponctuels. Activités d'intégration des jeunes et des adultes contrevenant·e·s par le biais de travaux communautaires, en partenariat avec Trajet Jeunesse, Sécurité Québe...",514 658-3126 poste 221,info@friperieemilie.com,friperieemilie.com,"achats: île de Montréal, dons: quartier Ahuntsic-Cartierville","dons: personnes nouvellement arrivantes depuis 6 mois ou moins, familles nouvellement arrivantes référés par école ou clsc, familles monoparentales, personnes victimes de sinistres, achats: grand public",montreal,soutien_vulnerabilite,autres_missions_sociales,non
concertation femme,"12225, rue Grenet, bureau 3514 Ahuntsic-Cartierville Montréal QC H4J 2N7","Relation d'aide, écoute et référence. Information juridique gratuite. Information et intervention en violence conjugale. Sensibilisation à la mammographie de dépistage du cancer du sein. Ateliers de s...",514 336-3733,info@concertationfemme.ca,www.concertationfemme.ca,Île de Montréal,"femmes de 18 ans et plus, halte-garderie: enfants de 0 à 6 ans",montreal,soutien_vulnerabilite,defense_droits,non
centre social d'aide aux immigrants,"6201, rue Laurendeau Le Sud-Ouest Montréal QC H4E 3X8",Accueil et intégration. Information et orientation. Intervention et soutien individuel. Aide avec les formulaires relatifs à l'immigration et la demande de citoyenneté. Assermentation de documents. Ac...,514 932-2953,csai@centrecsai.org,centrecsai.org,île de Montréal,"résident·e·s permanent·e·s, étudiant·e·s étranger·ère·s, travailleur·euse·s temporaires, réfugié·e·s pris·e·s en charge par l'État, citoyen·ne·s canadien·ne·s naturalisé·e·s, demandeur·euse·s d'asile",montreal,autres_missions_sociales,,non
répit émergo,"1862, rue Jolicoeur Le Sud-Ouest Montréal QC H4E 1X2",Camp de répit estival. Répit scolaire les fins de semaine.,514 931-2882,info@repitemergo.com,repitemergo.com,le Québec,personnes autistes de 4 ans et plus,provincial,sante,developpement_enfants_familles,non
maisons transitionnelles o3 (les) - on our own o3,"3970, boulevard Cavendish, bureau 1 Côte-des-Neiges—Notre-Dame-de-Grâce Montréal QC H4B 2N3","Logements abordables et services de soutien pour les jeunes parents et leurs enfants. Ateliers pour résidents: budget, compétences parentales, carrière et éducation, soins personnels et participation ...",514 369-0757,info@o3onourown.com,www.o3onourown.com,"région de Montréal, priorité à Côte-des-Neiges-Notre-Dame-de-Grâce",parents de 16 à 30 ans à faible revenu et ayant au moins un enfant de moins de 5 ans,montreal,developpement_enfants_familles,logement,non
habitations adaptées et accessibles tango (les),"4235, avenue Prince-of-Wales Côte-des-Neiges—Notre-Dame-de-Grâce Montréal QC H4B 0A2",Immeubles résidentiels adaptés et accessibles. Soins personnels et domestiques. Services d'intégration sociale. Activités culturelles et sociales. Cuisine collective.,514 487-5080,habitation.tango@gmail.com,www.ndg.ca/fr/les-habitations-tango,île de Montréal,personnes de 18 à 55 ans vivant avec un handicap physique et une mobilité réduite,montreal,logement,sante,oui
habitat métis du nord - succursale de montréal,"3455, rue Robert-Chevalier, bureau 218 Rivière-des-Prairies—Pointe-aux-Trembles Montréal QC H1A 3R7",Logements à faible coût avec possibilité d'intervention sociocommunautaire. Programmes de rénovation et d'adaptation de domicile.,514 527-5454,montreal@waskahegen.com,waskahegen.com,le Québec,personnes autochtones vivant hors réserve,provincial,logement,developpement_communautaire,non
association bégaiement communication,"5010, rue Wellington, bureau 200 Verdun Montréal QC H4G 1X9","Soutien aux adultes qui bégaient et sensibilisation de la population générale au bégaiement. Groupes de soutien en ligne et en personne. Thérapie pour les adultes qui bégaient. Conférences, événements...",514 273-1427,info@abcbegaiement.com,abcbegaiement.com,le Québec,adultes qui bégaient,provincial,sante,soutien_vulnerabilite,non
maison répit oasis,"6065, rue Hurteau Le Sud-Ouest Montréal QC H4E 2Y3",Répit de fin de semaine. Répit et camps pendant les congés. Activités d'autonomisation et d'intégration sociale. L'Envolée: projet de stimulation précoce.,514 379-4144,contact@maisonrepitoasis.com,www.maisonrepitoasis.com,"répit: île de Montréal, l'Envolée: Le Sud-Ouest","répit: personnes vivant avec une déficience intellectuelle, personnes autistes, l'Envolée: enfants autistes de 0 à 5 ans, enfants de 0 à 5 ans vivant avec un retard de développement",montreal,sante,developpement_enfants_familles,non
carrefour ble,"12049, boulevard Laurentien, bureau 221A et 221B Ahuntsic-Cartierville Montréal QC H4K 1M8",Programmes Agrippez-vous et Transformez-vous: formations d'une durée de 13 semaines de cours théoriques et de 8 semaines de stage pratique de mise à niveau pour les professionnels en agroalimentaire e...,514 279-3669,cout@carrefourble.qc.ca,carrefourble.qc.ca,île de Montréal,"immigrants récents ayant ouvré dans le secteur agroalimentaire dans leur pays (agronomes, contrôle et assurance de qualité) et qui sont diplômés dans les domaines d'agronomie et agroalimentaire",montreal,emploi,education_formation,non
arche-montréal (l'),"6105, rue Jogues Le Sud-Ouest Montréal QC H4E 2W2","Services et hébergement pour adultes vivant avec une déficience intellectuelle. Foyers d'accueil: l'Arc-en-ciel, l'Esquif, la Colombe, le Rameau, la Passerelle. Centre de jour: activités artistiques, ...",514 761-7307,info@larche-montreal.org,larche-montreal.org,île de Montréal,personnes de 18 ans et plus vivant avec une déficience intellectuelle,montreal,sante,soutien_vulnerabilite,non
réseau alternatif et communautaire des organismes en santé mentale de l'île de montréal,"6389, boulevard Monk Le Sud-Ouest Montréal QC H4E 3H8","Regroupement et représentation des organismes en santé mentale. Formations en santé mentale. Liste et carte des organismes membres: information sur les services, act",514 847-0787,racor@racorsm.org,racorsm.org,île de Montréal,"organismes communautaires et alternatifs oeuvrant en santé mentale, formations en santé mentale: intervenant·e·s, grand public",montreal,sante,defense_droits,non
centrami,"6387, boulevard Monk Le Sud-Ouest Montréal QC H4E 3H8","Aide en santé mentale.? Groupe d'entraide. Centre de jour: activités d'autonomisation. Discussion, partage, soutien et information.",514 761-1509,centram1@bellnet.ca,www.centrami.ca,le Québec,adultes vivant avec un problème de santé mentale,provincial,sante,soutien_vulnerabilite,non
centre d'intégration et d'intervention multiculturel de l'ouest de montréal,"5847, boulevard Gouin Ouest, bureau B Ahuntsic-Cartierville Montréal QC H4J 1E4",Organisme qui oeuvre auprès des communautés immigrantes. Distribution de paniers alimentaires. Projet Aînés Actifs: ateliers d'informatique et ordinateurs sur place. Camps de jo,514 237-4413,info@ciimo.ca,ciimo.ca,île de Montréal,"aîné·e·s, grand public en particulier les membres des communautés culturelles, camp de jour: enfants de 6 à 12 ans",montreal,autres_missions_sociales,bien_etre_alimentaire,non
envol des femmes (l'),"6897, avenue Somerled Côte-des-Neiges—Notre-Dame-de-Grâce Montréal QC H4V 1V2",Information et référence. Ateliers sur les compétences parentales. Ateliers sur l'estime de soi et le développement personnel. Plus Fort Ensemble: groupe de soutien contre la violence conjugale. Group...,514 485-7814,info@womenontherise.ca,fr.womenontherise.ca,Grand Montréal,"mères isolées, particulièrement les mères immigrantes, avec enfants de 0 à 5 ans",grand_montreal,developpement_enfants_familles,soutien_vulnerabilite,non
maison internationale des femmes,"1876, rue Edgar-Prairie Rivière-des-Prairies—Pointe-aux-Trembles Montréal QC H1A 5C5","Ateliers de cuisine, de sensibilisaton et d'éducation visant la sécurité alimentaire des femmes à faible revenu. Ateliers sur le développement et l'habileté de la communication interculturelle.",514 815-8825,mifcanada@yahoo.com,mifcanada.org,île de Montréal,femmes immigrantes des communautés ethnoculturelles et québécoises,montreal,bien_etre_alimentaire,autres_missions_sociales,non
armée du salut - services communautaires et d'aide à la famille - ville émard,"6620, boulevard Monk Le Sud-Ouest Montréal QC H4E 3J1",Aide alimentaire. Paniers de Noël pour les membres. Fournitures scolaires. Aide aux personnes immigrantes et réfugiées. Assemblées culturelles. Référence vers les autres ress,514 766-2155 poste 5,tsamontrealcitadel@gmail.com,www.montrealcitadel.com,île de Montréal,"personnes et familles à faible revenu, nouveaux·elles arrivant·e·s",montreal,bien_etre_alimentaire,autres_missions_sociales,non
action autisme,"1705, boulevard des Laurentides, bureau 250 Vimont Laval QC H7M 2P5","Soutien aux parents: accompagnement, remboursement de formations et accès à une matériathèque offrant des équipments spécialisés (jeux, livres, modules, etc.). Soutien aux personnes autistes adultes: ...",450 627-2250,actionautime@hotmail.com,actionautisme.org,le Québec,"familles de personnes autistes, adultes autistes, professionnel·le·s travaillant avec les personnes neurodivergentes",provincial,sante,developpement_enfants_familles,non
acte d'amour !,"1111, boulevard Dr. Frederik-Philips, 6? étage Saint-Laurent Montréal QC H4M 2X6","Aide pour femmes immigrantes, personnes aînées et jeunes.Personnes aînées Envoi: cartes d'amitié et de réconfort, jeux de mémoire par la poste. Appels d'amitiés. Ateliers de percussions et ateliers de...",514 419-3632,actedamour.ca@gmail.com,www.actedamour.ca,le Québec,"personnes aînées seules ou en perte d'autonomie, femmes immigrantes avec statuts précaires, personnes de 7 à 30 ans",provincial,soutien_vulnerabilite,developpement_communautaire,non
entendre québec,"7000, rue Sherbrooke Ouest Côte-des-Neiges—Notre-Dame-de-Grâce Montréal QC H4B 1R3",Cours de lecture labiale. Sessions d'information. Ateliers informatifs pour enfants et adultes. Référence.,514 488-5552 poste 54500,info@hearhear.org,hearhear.org/?lang=fr,Grand Montréal,personnes malentendantes,grand_montreal,sante,,non
carrefour espoir et sobriété,"415, 66e Avenue Chomedey Laval QC H7V 2L2","Services internes et externes aux personnes et familles vivant avec un problème de dépendance ou de codépendance: alcoolisme, toxicomanie, jeu compulsif, compulsion alimentaire, problèmes sexuels, dép...",450 681-2399,carrefourrespoir2000@gmail.com,www.carrefourespoir.org,le Québec,"personnes de 14 ans et plus, familles vivant avec un problème de dépendance ou de codépendance",provincial,soutien_vulnerabilite,sante,non
bread and beyond,"4680, avenue Belmore Côte-des-Neiges—Notre-Dame-de-Grâce Montréal QC H4B 2C2",Soutien aux organismes oeuvrant pour les personnes en situation d'itinérance ou à risque de le devenir. Programme le Pain: préparation et livraison de sandwiches frais et nutritifs aux refuges de Mont...,,volunteerbreadandbeyond@gmail.com,fr.breadandbeyond.ca,Montreal,personnes sans-abri ou des personnes à risque de le devenir,montreal,soutien_vulnerabilite,bien_etre_alimentaire,non
centre de ressources pour les familles de militaires - région de montréal - saint-hubert,"4815, chemin de la Savane Longueuil Montérégie QC J3Y 9G1",Soutien aux familles de militaires. Consultations psychologiques. Accompagnement et référence. Soutien en cas de deuil. Parrainage. Visites et appels amicaux. Halte,450 462-8777 poste 6810,info.crfm@forces.gc.ca,crfmmfrcmtl.ca,Grand Montréal,familles de militaires,grand_montreal,sante,developpement_enfants_familles,non
adhara,"2685, rue Allard Le Sud-Ouest Montréal QC H4E 2L7","Services de réinsertion pour les femmes judiciarisées. Programme mère-enfant à l'Établissement de détention Leclerc de Laval: visites mère-enfant, activités et fêtes familiales, ateliers divers (compé...",1 877 229-9891,info@adharaqc.org,cfad.ca,le Québec,"femmes judiciarisées, leurs proches",provincial,soutien_vulnerabilite,defense_droits,non
scama,"3168, boulevard Cartier Ouest Chomedey Laval QC H7V 1J7","Centre communautaire d'activités sociales et récréatives. Services alimentaires: popote roulante, dépannage alimentaire, cantine sur place, livraison de repas congelés. Centre communautaire: exercices...",450 681-4240,info@centrescama.org,centrescama.org,"popote roulante et dépannage alimentaire: Chomedey, projet Amperâge et centre communautaire: Laval, autres services: Laval, île de Montréal",personnes âgées de 50 ans et plus,grand_montreal,bien_etre_alimentaire,sports_loisirs_tourisme,oui
amalgame montréal,"5970, rue Bannantyne Verdun Montréal QC H4H 1H8",Organisme à gestion participative. Activité de jour reproduisant le marché du travail en offrant un service d'emballage et d'assemblage manuel. Formation sur mesure selon les besoins des membres.,514 362-9551,contact@amalgamemontreal.com,amalgamemontreal.com/?page_id=212&lang=en,Grand Montréal,adultes vivant avec un ou plusieurs handicaps physiques,grand_montreal,emploi,sante,non
"c.a.r.e., (centre d'activités récréatives et éducatives)","5785, avenue Parkhaven Côte-Saint-Luc Montréal QC H4W 1X8",Centre de jour. Activités récréatives et éducatives. Sorties hebdomadaires. Information et références. Rencontres individuelles.,514 483-7200 poste 6205,centre.dactivites@gmail.com,www.carecentre.org,île de Montréal,adultes de 21 ans et plus vivant avec un handicap physique,montreal,sante,sports_loisirs_tourisme,oui
lumi-vie,"1850, boulevard Le Corbusier, bureau 303 Chomedey Laval QC H7S 2K1","Information et référence. Accompagnement et soutien des personnes endeuillées et des personnes en fin de vie. Rencontres individuelles pour enfants, adolescent·e·s et adultes endeuillé·e·s. Accompagne...",450 687-8311,info@lumivie.com,lumivie.com,Grand Montréal,"adultes, adolescent·e·s et enfants endeuillé·e·s, proches aidant·e·s, personnes en fin de vie",grand_montreal,sante,soutien_vulnerabilite,non
alzheimer groupe,"5555, avenue Westminster, bureau 304 Côte-Saint-Luc Montréal QC H4W 2J2",Sensibilisation sur la maladie d'Alzheimer et soutien aux personnes atteintes ainsi qu'à leurs proches. Consultation individuelle et familiale. Centre d'activités: activités de socialisation et de sti...,514 485-7233,info@agiteam.org,www.agiteam.org/fr,Grand Montréal,"personnes atteintes d'Alzheimer ou d'un trouble neurocognitif, proches aidant·e·s, membres de la famille, étudiant·e·s et professionnel·le·s de la santé, grand public",grand_montreal,sante,soutien_vulnerabilite,non
vie autonome - montréal,"5555, avenue Westminster, bureau 313 Côte-Saint-Luc Montréal QC H4W 2J2","Information, référence et sensibilisation. Réseautage. Ateliers d'information, formations, cafés-rencontres. Programme Le Pont: assistance à la recherche d'emploi, information scolaire, ateliers de co...",514 288-1177,coord@va-m.org,,Grand Montréal,personnes en situation de handicap et leurs familles immédiates,grand_montreal,sante,emploi,non
association québécoise de soins palliatifs,"1130, rue de Montbrun Boucherville Montérégie QC J4B 8W6",Promotion des soins palliatifs. Formations et évènements. Bottin de ressources en ligne.,514 826-9400,info@aqsp.org,www.aqsp.org,Québec,"personnes proches aidantes, grand public, intervenant·e·s, bénévoles, professionnel·le·s",provincial,sante,,non
centre de recherche et d'études sur le vieillissement de l'université mcgill,"6825, boulevard LaSalle Verdun Montréal QC H4H 1R3","Centre de recherches en neurologie et gérontologie. Clinique d'Alzheimer et maladies cognitives: évaluation du risque, diagnostic précoce, traitement, suivi et référence. Group",514 766-2010,info.mcsa@mcgill.ca,mcsa.ca,Grand Montréal,"clinique neurologie: personnes vivant avec un trouble cognitif ou avec le parkinson, personnes avec un parent atteint d'un trouble neurocognitif",grand_montreal,sante,,non
relevailles de montréal (les) - centre de ressources périnatales,"14115, rue Prince-Arthur, bureau 341 Rivière-des-Prairies—Pointe-aux-Trembles Montréal QC H1A 1A8","Soutien individuel. Rencontres prénatales et postnatales. Yoga prénatal et postnatal. Cours: massage pour bébé, portage de bébé, prénataux. Ateliers: stimulation et éveil, sommeil de bébé",514 640-6741,crp@relevailles.com,relevailles.com,"Grand Montréal, relevailles à domicile: Est de Montréal",parents en attente d'un enfant jusqu'à 2 ans après l'accouchement ou parents endeuillés après la perte d'un bébé,local,developpement_enfants_familles,,non
association québécoise du syndrome de la tourette,"14115, rue Prince-Arthur, bureau 146 Rivière-des-Prairies—Pointe-aux-Trembles Montréal QC H1A 1A8",Soutien et activités pour les personnes touchées par le syndrome de la Tourette. Soutien par téléphone et par courriel. Groupe de soutien et de partage pour les parents et les adolescents vivant avec ...,514 588-7797,info@aqst.com,aqst.com,le Québec,"personnes vivant avec le syndrome Gilles de la Tourette (SGT), leurs proches, intervenants ou tout autre personne touchée",provincial,sante,soutien_vulnerabilite,non
association d'entraide des personnes handicapées physiques de montréal,"14115, rue Prince-Arthur, bureau 175 Rivière-des-Prairies—Pointe-aux-Trembles Montréal QC H1A 1A8",Activités récréatives pour personnes vivant avec un handicap physique. Promotion de l'intégration sociale et de l'accessibilité des activités de loisir. Promotion des droits des pers,514 352-5119,alpha@mainbourg.org,www.alpha-montreal.com,île de Montréal,personnes de 18 à 65 ans vivant avec une déficience motrice,montreal,sports_loisirs_tourisme,defense_droits,oui
organisation familiale des besoins spéciaux de montréal,"7491, rue Cordner LaSalle Montréal QC H8N 2R5","Aide financière pour les frais de thérapie: ergothérapie, ressources spécialisées, physiothérapie, etc. Soutien aux parents afin de les diriger vers les services thérapeutiques appropriés pour leu",438 860-6663,maddiep444@gmail.com,montrealspecialneedsfamilyorganization.com/french-1,île de Montréal,"aide financière: enfants présentant des besoins spéciaux issus de familles à faible revenu, assistance aux parents: parents d'enfants présentant des besoins spéciaux",montreal,sante,developpement_enfants_familles,non
centre d'action de développement et de recherche en employabilité,"7491, rue Cordner LaSalle Montréal QC H8N 2R5",Programme d'aide et accompagnement social - PAAS Action: insertion au travail de personnes vivant avec des problèmes de santé mentale au moyen de structures favorables au développement d,514 367-3576,administration@lecadre.ca,www.lecadre.ca,île de Montréal,"personnes vivant avec des problèmes de santé mentale, centre pour parents et enfants: familles",montreal,emploi,sante,non
conseil des personnes âgées de la communauté noire de montréal,"7401, boulevard Newman, bureau 6 LaSalle Montréal QC H8N 1X3","Services et activités pour personnes aînées noires. Groupe de soutien. Visites d'amitié. Activités de groupe. Bénévolat. Séances d'informations mensuelles, conférences à tous les deux ans. D",514 935-4951,cbacmtl@gmail.com,cbacm.org,île de Montréal,personnes noires de 55 ans et plus,montreal,sante,developpement_communautaire,non
table de concertation de laval en condition féminine,"1450, boulevard Pie-X, bureau 203 Chomedey Laval QC H7V 3C1","Regroupement régional travaillant avec ses membres à l'amélioration de la qualité et des conditions de vie des femmes, tant sur les plans social, économique que politique. Promotion et défense des dro",450 682-8739,info@tclcf.qc.ca,www.tclcf.qc.ca,"Laval, Grand Montréal","femmes, organismes membres",grand_montreal,defense_droits,developpement_communautaire,non
espoir pour la démence,"2535, rue Guénette Saint-Laurent Montréal QC H4R 2E9","Prévention, diagnostic précoce et traitement de la démence. Programme d'apprentissage intergénérationnel: initiation à l'utilisation des tablettes pour les personnes aînées et projets créatifs. Alimen...",514 464-0202,info@hopefordementia.org,espoirpourlademence.org,le Québec,"personnes aînées, jeunes bénévoles",provincial,sante,developpement_enfants_familles,non
projets autochtones du québec - halte-chaleur,"12050, boulevard Gouin Est Rivière-des-Prairies—Pointe-aux-Trembles Montréal QC H1E 1C5","Halte-chaleur pour les personnes autochtones. Nourriture, buanderie, activités de loisir et soutien. Navette disponible pour s'y rendre ou pour retourner au centre-ville.",,info@paqc.org,,"Montréal, en particulier Rivière-des-Prairies et le centre-ville (navette)",personnes autochtones en situation d'itinérance,local,soutien_vulnerabilite,bien_etre_alimentaire,non
bienvenue à l'immigrant,"7580, rue Centrale LaSalle Montréal QC H8P 1K5","Accueil et orientation des personnes immigrantes. Aide à l'intégration socio-profesionnelle et à l'intégration générale. Éducation financière. Ateliers: francisation, leadership, estime de soi et pers...",438 239-8828,info@bienvenueimmigrant.org,www.bienvenueimmigrant.org,Montréal,"personnes immigrantes, aide alimentaire: familles immigrantes dans le besoin",montreal,autres_missions_sociales,emploi,non
école du milieu lasalle,"7576, rue Centrale LaSalle Montréal QC H8P 1K5",Formation académique de niveau secondaire adaptée aux jeunes décrocheur·euse·s. Cours de français et de mathématiques. Ateliers de développement personnel. Accompagnement individualisé. Conseils en em...,514 368-1832,travail@destinationtravail.org,destinationtravail.org,île de Montréal,jeunes adultes décrocheur·euse·s de 18 à 35 ans,montreal,education_formation,soutien_vulnerabilite,non
parcours en santé mentale,7576 rue Centrale LaSalle Montréal QC H8P 1K5,Soutien aux personnes vivant des difficultés en santé mentale et leur famille. Aide et suivi par des pair·e·s aidant·e·s certifié·e·s.,438 506-7272,parcours.sm.montreal@gmail.com,,"Grand Montréal, priorité aux personnes provenant de l'Ouest de l'île de Montréal (Lachine, LaSalle)","personnes de 18 et plus vivant des problèmes de santé mentale: bipolarité, schizophrénie, anxiété, dépression, troubles de la personnalité, etc., leur famille",local,sante,soutien_vulnerabilite,non
g.e.m.e. groupe d'entraide pour un mieux-être - saint-hubert,"525, rue Latour Longueuil Montérégie QC J3Y 6A9",Groupes de soutien en personne et virtuels (sur Zoom). Consultations individuelles en personne et virtuels (sur Zoom). Groupes de méditation. Documentation et outils pour gérer les troubles a,1 866 443-4363,info@groupegeme.com,www.groupegeme.com,le Québec,"personnes de 18 ans et plus avec des troubles anxieux: stress, phobie simple ou sociale, agoraphobie, trouble panique, burn-out, dépression, stress post-traumatique",provincial,sante,soutien_vulnerabilite,non
atelier la flèche de fer (l') - affi,"1730, rue Eiffel Boucherville Montérégie QC J4B 7W1","Entreprise adaptée favorisant l'emploi de personnes vivant avec un handicap. Activités de logistique à valeur ajoutée: préparation de commandes, assemblage, emballage, distribution, entreposage, inspe...",450 552-9150,info@groupeaffi.ca,groupeaffi.ca,"île de Montréal, Rive-Sud","personnes vivant avec un handicap physique ou un handicap intellectuel, personnes autistes",grand_montreal,emploi,soutien_vulnerabilite,non
centre d'éducation des adultes de lasalle - édifice boileau,"162, rue Saint-Antoine Lachine Montréal QC H8S 1T8","Centre d'éducation pour adultes. Programme de participation sociale: développement de compétences de communication, coopération, agir avec méthode, créativité, sens critique, prendre soin de so",514 855-4500 poste 1305,info.boileau@csmb.qc.ca,lasalle.centrecsmb.com,Grand Montréal,"personnes de 16 ans et plus ayant des difficultés psychosociales, des problèmes de santé mentale, ayant fait un décrochage scolaire, ayant une déficience intellectuelle légère, étant sur le spectre de l'autisme ou vivant avec la trisomie 21 avec ou sans TSA",grand_montreal,education_formation,sante,non
"expression lasalle, centre communautaire en santé mentale","405, terrasse Newman, bureau 210 LaSalle Montréal QC H8R 2Y9","Services thérapeutiques professionnels hebdomadaires en santé mentale. Groupes réguliers: thérapie par la danse et le mouvement. Groupes offerts sur une base intermittente: discussion, écriture.",514 368-3736,expressionlasalle@yahoo.ca,www.expressionlasalletherapies.ca,Grand Montréal,personnes de 18 à 65 ans vivant avec un problème de santé mentale,grand_montreal,sante,arts_culture_medias,oui
fondation matthew coustou d'un continent à l'autre,"8082 A, rue Lévis-Sauvé LaSalle Montréal QC H8P 3L4","Soutien aux enfants vivant un handicap ou une maladie. Soutien personnalisé pour les familles: écoute téléphonique, groupe de soutien, référence, information. Santé des enfants: achat d'équipements ad...",514 373-9000,info@fondation-matthewcoustou.org,fondation-matthewcoustou.org/,le Québec,"enfants vivant une maladie ou un handicap, en particulier la trisomie 21, leur famille, grand public",provincial,sante,developpement_enfants_familles,non
handicap action intégration hai,"410, avenue Lafleur, bureau 7 LaSalle Montréal QC H8R 3H6",Intégration des personnes vivant avec un handicap physique. Information et références en matière d'emploi et de logement. Clinique d'impôts.,514 508-9199,admin@h-a-i.org,h-a-i.org/fr,île de Montréal,personnes vivant avec un handicap physique en recherche d'un emploi ou d'un logement accessible,montreal,soutien_vulnerabilite,emploi,non
handicap action intégration hai - clinique d'impôts,"410, avenue Lafleur, bureau 7 LaSalle Montréal QC H8R 3H6",Clinique d'impôts sur rendez-vous à l'année.,514 508-9199,admin@h-a-i.org,h-a-i.org/fr,île de Montréal,"personnes vivant avec un faible revenu, personnes vivant avec un handicap",montreal,soutien_vulnerabilite,emploi,non
habitations ararat,"5025, chemin du Souvenir Chomedey Laval QC H7W 0J9","Logements abordables subventionnés avec services. Appartements 2½, 3½ et 4½. Chauffage, électricité, téléphone et câble. 7 repas par semaine. Surveillance 24/7.",450 934-7589 poste 103,habitationsararat2014@gmail.com,,Grand Montréal,"personnes âgées de 60 ans et plus et autonomes, personnes à faible revenu",grand_montreal,logement,sante,oui
corporation de développement économique communautaire lasalle-lachine,"735, rue Notre-Dame Lachine Montréal QC H8S 2B5",Information et référence. Service de développement économique local. Soutien aux chercheur·euse·s d'emploi. Programme pour les personnes nouvellement arrivées. Service de placement p,514 469-0288,info@cdec-lasallelachine.ca,www.cdec-lasallelachine.ca,île de Montréal,"chercheur·euse·s d'emploi, personnes immigrantes qui détiennent la résidence permanente et sont arrivés au Québec depuis moins de quatre ans, entreprises",montreal,developpement_communautaire,emploi,non
centre social d'aide aux immigrants - lachine,"735, rue Notre-Dame Lachine Montréal QC H8S 2B5",Accueil et intégration. Information et orientation. Consultation et soutien individuel. Aide et soutien dans les démarches administratives.,514 932-2953,csai@centrecsai.org,centrecsai.org,Grand Montréal,"résident·e·s permanent·e·s depuis moins de 5 ans, étudiant·e·s étrang·ère·s, travailleur·euse·s temporaires, réfugié·e·s pris·e·s en charge par l'État, demandeur·euse·s d'asile",grand_montreal,autres_missions_sociales,,non
bikers against child abuse,"3015, rue Henri-Dunant Lachine Montréal QC H8S 1R5","Association de motocyclistes fournissant du soutien aux enfants victimes d'abus. Soutien général et accompagnement pour enfants victimes d'abus dans le besoin. Ligne d'aide 24 heures, 7 jours. Rencont...",438 794-6200,info@mo-can.bacaworld.org,bacaworld.org,le Québec,"enfants victimes d'abus référés par le ou la tuteur·rice legal, la cour, les autorités locales ou la Direction de la protection de la jeunesse",provincial,soutien_vulnerabilite,,non
corporation l'espoir,"55, rue Dupras, bureau 511 LaSalle Montréal QC H8R 4A8",Accueil et références. Soutien aux parents. Promotion et défense des droits. Soutien aux personnes vivant avec une déficience intellectuelle ou un trouble du spectre de l'autisme. Programmes d'intégra...,514 367-3757,info@espoir.org,www.corporationespoir.org,"Grand Montréal, principalement Le Sud-Ouest","personnes vivant avec une déficience intellectuelle ou un trouble du spectre de l'autisme, leurs proches",grand_montreal,sante,defense_droits,non
triade hct (la),"8593, rue Centrale LaSalle Montréal QC H8P 1N3","Organisme d'insertion professionnelle pour les personnes vivant avec un handicap et les personnes immigrantes. Service de pré-employabilité. Aide à la recherche, à l'intégration et au maintien en empl...",514 368-3640 poste 224,info@latriade.ca,latriade.ca,"île de Montréal, aide alimentaire: Le Sud-Ouest, LaSalle, Verdun, Lachine, Ville-Émard","personnes vivant avec un handicap physique ou visuel, une déficience intellectuelle légère, personnes sur le spectre de l'autisme ou vivant avec un problème de santé mentale, personnes immigrantes, aide alimentaire: personnes avec un faible revenu",montreal,emploi,soutien_vulnerabilite,non
triade hct (la) - clinique d'impôts,"8593, rue Centrale LaSalle Montréal QC H8P 1N3","Clinique d'impôts à l'année. Par dépôt de document, sans rendez-vous ou avec rendez-vous.",514 368-3640,info@latriade.ca,latriade.ca,île de Montréal et les environs,personnes vivant avec un handicap visuel ou une déficience auditive et avec un faible revenu,montreal,soutien_vulnerabilite,autres_missions_sociales,non
action hypoglycémie québec,"491, boulevard Des Seigneurs Terrebonne Lanaudière QC J6W 1T5","Écoute téléphonique. Cours dans le but de venir en aide aux personnes aux prises avec les problèmes que pose l'hypoglycémie. Consultation, information, référence, éducation, dépistage et soutien diété...",450 325-1163,info@hypoglycemie.qc.ca,hypoglycemie.qc.ca,le Québec,"adultes, adolescent·e·s et enfants touchés par l'hypoglycémie, professionnel·le·s de la santé",provincial,sante,education_formation,non
fondation asista,"4530, Autoroute 440 Chomedey Laval QC H7T 2P7",Chiens d'assistance pour personnes présentant un trouble de santé mentale ou un trouble du spectre de l'autisme.,450 781-1200 poste 3031,info@asista.ca,asista.ca/fr,le Québec,"enfants et adultes présentant un trouble de santé mentale, enfants et adultes autistes",provincial,sante,soutien_vulnerabilite,non
andy's house treatment centre,"3360, rue Notre-Dame, bureau 25 Lachine Montréal QC H8T 3E2",Centre de thérapie interne et externe à durée variable.Programme interne de 3 mois: Programme distinct pour les dépendances aux substances. Groupe de soutien familial. Suivi post-thérapie de 2 ans.Pro...,514 738-2639,info@andyshouse.com,www.andyshouse.com,le Québec,adultes de 18 ans et plus ayant un problème d'alcoolisme ou de toxicomanie,provincial,soutien_vulnerabilite,sante,non
fondation le pilier,"425, place Jean-Coutu Auteuil Laval QC H7H 3C8","Organisme qui vise à améliorer la qualité de vie des personnes en situation de handicap. Services d'hébergement dans des milieux résidentiels adaptés et supervisés. Construction, accueil, vente et adm...",450 624-9922,info@lepilier.org,www.lepilier.org,le Québec,"jeunes ou adultes vivant avec une déficience intellectuelle, un trouble du spectre de l'autisme, un traumatisme crânien ou tout autre type de déficience physique",provincial,sante,logement,non
centre marcelle et jean coutu,"425, place Jean-Coutu Auteuil Laval QC H7H 3C8",Activités adaptées. Camp de jour estival. Répit spécialisé de fin de semaine. Répit estival hebdomadaire. Hébergement en alternance autisme-jeunesse.,450 624-0980,info@lepilier.org,www.lepilier.org/les-services/le-centre-marcelle-et-jean-coutu,"le Québec, priorité à Laval","activités et camp de jour: personnes adultes vivant avec une déficience intellectuelle, autonomes, semi-autonomes ou polyhandicapées, répit de fin de semaine et répit estival: enfants âgés de 5 ans à 17 ans et adultes vivant avec une déficience intellectuelle, un trouble du spectre de l'autisme ou une déficience physique, hébergement en alternance: jeunes de moins de 18 ans fréquentant une école et vivant avec un trouble du spectre de l'autisme",provincial,sante,developpement_enfants_familles,non
déclic action - pavillon la maisonnée,"2255, rue Bienville Auteuil Laval QC H7H 3C9","Ressource d'aide en dépendance offrant trois programmes (désintoxication, thérapie et réinsertion sociale). Centre de réadaptation interne de 21 ou 28 jours. Programme distinct pour les dépendances au...",450 628-1011 poste 105,info@declicaction.com,www.declicaction.com,le Québec,"personnes ayant des problèmes reliés à la consommation de drogue, d'alcool ou de jeu",provincial,soutien_vulnerabilite,sante,non
centre d'intégration multi-services de l'ouest de l'île - alexander,"4734, rue Alexander Pierrefonds-Roxboro Montréal QC H8Y 2B1",Accueil et intégration des immigrants.Francisation Cours de français à temps partiel. Cours de français en entreprise.Emploi Ateliers de recherche d'emploi et de stage. Aide individuell,514 685-3000,info@cimoi.com,cimoi.com,"île de Montréal, particulièrement l'Ouest-de-l'Île","personnes immigrantes, personnes nouvellement arrivées",montreal,autres_missions_sociales,emploi,non
myélome multiple canada - groupe de soutien,"1255, route Transcanadienne, bureau 160 Dorval Montréal QC H9P 2V4",Groupe de soutien sur le myélome multiple: 4 ou 5 rencontres par année.,1 888 798-5771,contact@myelome.ca,www.myelome.ca,Montréal et environs,"personnes vivant avec des myélomes multiples, personnes proches aidantes, leurs proches",montreal,sante,soutien_vulnerabilite,non
perspective famille,"140, rue Nadon Sainte-Rose Laval QC H7L 1T5","Aide individuelle pour les enfants, jeunes, parents, conjoint·e·s séparé·e·s et nouveaux·elles conjoint·e·s. Ateliers de groupe pour les enfants, parents, beaux-parents et conjoint·e·s séparé·e·s. Sou...",450 622-0524,info@perspectivefamille.org,www.perspectivefamille.org,"Laval, Lanaudière, Laurentides, île de Montréal","familles vivant ou ayant vécu une transition familiale (séparation, divorce, recomposition familiale), familles monoparentales, familles à risque d'isolement social, de stress parental ou d'épuisement, familles disposant de ressources personnelles, sociales ou financières limitées, parents, femmes, hommes et enfants",grand_montreal,developpement_enfants_familles,soutien_vulnerabilite,non
g.e.m.e. groupe d'entraide pour un mieux-être - la prairie,"462, rue Saint-Paul La Prairie Montérégie QC J5R 2R5",Groupes de soutien en personne et virtuels (sur Zoom). Consultations individuelles en personne et virtuels (sur Zoom). Groupes de méditation. Documentation et outils pour gérer les troubles anx,1 866 443-4363,info@groupegeme.com,www.groupegeme.com,le Québec,"personnes de 18 ans et plus vivant avec des troubles anxieux: stress, phobie simple ou sociale, agoraphobie, trouble panique, burn-out, dépression, stress post-traumatique",provincial,sante,soutien_vulnerabilite,non
vilavi - centre de traitement des dépendances,"1600, côte de Terrebonne Terrebonne Lanaudière QC J6Y 1G8",Centre de réadaptation interne de 4 à 6 mois. Programme distinct pour les dépendances aux substances. Aide à la réinsertion sociale. Cheminement individualisé. Activités sportives. Hébergement reconnu...,450 964-6566,info@vilavi.ca,vilavi.ca/fr,le Québec,"hommes et femmes adultes aux prises avec des problèmes de consommation de drogues, d'alcool ou de médicaments",provincial,soutien_vulnerabilite,sante,non
centre d'intégration multi-services de l'ouest de l'île - dorval,"1425, route Transcanadienne, bureau 140 Dorval Montréal QC H9P 2W9",Accueil et intégration des immigrants.Francisation Cours de français à temps partiel. Cours de français en entreprise.Emploi Ateliers de recherche d'emploi et de stage. Aide individuelle à,514 305-1414,info@cimoi.com,www.cimoi.com,"île de Montréal, particulièrement l'Ouest-de-l'Île, Saint-Laurent, LaSalle, Lachine","personnes immigrantes, personnes nouvellement arrivées",montreal,autres_missions_sociales,emploi,non
ressources communautaires omega,"600, avenue de l'Église Dorval Montréal QC H9S 1R3","Appartements supervisés: 3 ½, meublés. Foyer de groupe: chambre individuelle. Centre de jour. Activités de groupe éducatives, récréatives et thérapeutiques. Programme PAAS Action: socialisation et emp...",514 631-2760,info@omegacenter.org,omegacenter.org,île de Montréal,adultes vivant avec un ou des problèmes de santé mentale avec possibilité de réinsertion sociale,montreal,sante,soutien_vulnerabilite,non
association des femmes inuit du nunavik saturviit,"620, chemin du Bord-du-Lac-Lakeshore, bureau 304 Dorval Montréal QC H9S 2B6","Organisation à but non lucratif représentant et donnant une voix à toutes les femmes inuites, du Nunavik, âgées de 16 ans et plus. Centre des femmes situé à Dorval. Programmes et activités pour femmes...",1 866 944-5003,info@saturviit.ca,saturviit.ca,le Québec,"femmes inuit du Nunavik de 16 ans et plus bénéficiaires de la Convention de la Baie James et du Nord québécois, avec ou sans enfants.",provincial,defense_droits,developpement_communautaire,non
centre option-prévention tvds (le),"620, Chemin du Bord-du-Lac-Lakeshore, bureau 202 Dorval Montréal QC H9S 2B6","Services d'accompagnement, de soutien et d'entraide en individuel et en groupe, en virtuel ou en présentiel, dans les domaines suivants : dépendances, violence, criminalité, anxiété, stress, symptômes...",514 898-9805,centretvds@videotron.ca,centretvds.org,le Québec,"enfants, adolescent·e·s, adultes",provincial,soutien_vulnerabilite,sante,non
génération elles,"620, Chemin du Bord-du-Lac-Lakeshore, bureau 202 Dorval Montréal QC H9S 2B6","Programme d'éducation, de mentorat et de réseautage auprès des filles et adolescentes favorisant le renforcement des compétences personnelles, émotionnelles et sociales. Ateliers visant la prévention ...",514 898-9805,info@generationelles.ca,generationelles.ca,le Québec,filles et adolescentes de 6 à 17 ans,provincial,developpement_enfants_familles,education_formation,non
phobies-zéro,"2091, rue Léonard-De Vinci, local A3 Sainte-Julie Montérégie QC J3E 1Z2","Groupes d'entraide pour les personnes vivant avec un trouble anxieux, incluant le trouble obsessionnel compulsif, le trouble d'accumulation compulsive et leurs proches. Groupes d'entraide en présentie...",450 922-5964 poste 2 et 3,admin@phobies-zero.qc.ca,www.phobies-zero.qc.ca,"groupes d'entraide: Montréal et les environs, Granby, Repentigny, Saint-Hubert, Saint-Jérôme, Sainte-Thérèse, Québec, Lévis","personnes de 14 ans et plus, vivant avec des troubles anxieux, incluant le trouble obsessionnel compulsif, le trouble d'accumulation compulsive, leurs familles et leurs proches",grand_montreal,sante,soutien_vulnerabilite,non
association panda-mrc les moulins,"737, rue de la Soeur-Marie-Rose Terrebonne Lanaudière QC J6V 1P1",Outils et information sur le déficit d'attention avec ou sans hyperactivité (TDA/TDAH). Ateliers de développement des habiletés sociales pour les 6 à 11 ans. Ateliers pour adolescents en milieu scolai...,1 833 740-8324,info@pandamrclesmoulins.org,www.associationpandalanaudiere.org,"MRC Les Moulins, île de Montréal, Laval, MRC Montcalm, MRC Matawinie","enfants, adolescent·e·s, adultes présentant les signes du diagnostic de déficit d'attention avec ou sans hyperactivité, leurs parents",grand_montreal,sante,developpement_enfants_familles,non
g.e.m.e. groupe d'entraide pour un mieux-être - saint-bruno,"82, boulevard Seigneurial Ouest Saint-Bruno-de-Montarville Montérégie QC J3V 5N7",Groupes de soutien en personne et virtuels (sur Zoom). Consultations individuelles en personne et virtuels (sur Zoom). Groupes de méditation. Documentation et outils pour gérer les troubles an,1 866 443-4363,lucie.bergeron@groupegeme.com,www.groupegeme.com,le Québec,"personnes de 18 ans et plus avec des troubles anxieux: stress, phobie simple ou sociale, agoraphobie, trouble panique, burn-out, dépression, stress post-traumatique",provincial,sante,soutien_vulnerabilite,non
forum des musulmans canadiens fmc-cmf,"18 G, rue du Centre commercial Pierrefonds-Roxboro Montréal QC H8Y 2P2",Promotion et protection des droits civils de la communauté musulmane et de la société québécoise et canadienne. Représentation des intérêts communs et collectifs de la communauté musulmane. Sensibilis...,1 855 362-2637,info@fmc-cmf.com,www.fmc-cmf.ca/fr,Grand Montréal,"communauté musulmane, grand public",grand_montreal,defense_droits,autres_missions_sociales,non
s.au.s.,"9, rue Montcalm Nord, bureau 505 Candiac Montérégie QC J5R 3L5",Activités de loisirs pour jeunes avec un trouble du spectre de l'autisme. Camps de jour adapté Oasis pour jeunes de 13 à 21 ans. Club Ado: club social pour jeunes de 13 ans et plus une fois par mois. ...,514 944-4986,info@s-au-s.org,s-au-s.org/fr,Montérégie,"enfants, adolescents, jeunes adultes de plus de 21 ans, autistes",provincial,sports_loisirs_tourisme,sante,oui
fondation cheshire (québec) (la) - résidence pat khal sunshine,"19, rue Sunshine Dollard-Des Ormeaux Montréal QC H9B 1G1",Logement de transition pour personnes ayant des problèmes de santé mentale. Soutien à l'intégration dans la communauté.,514 472-0133,fondationcheshire@gmail.com,www.westislandphysicallydisabled.ca/index.php,le Québec,personnes ayant des problèmes de santé mentale,provincial,sante,logement,non
aneb - anorexie et boulimie québec,"3675, boulevard des Sources, bureau 203 Dollard-Des Ormeaux Montréal QC H9B 2K4","Ligne d'écoute et de référence. Groupe de soutien ouvert. Groupe de soutien fermé de 8 à 15 semaines. Service de message texte. Clavardage. Conférences, kiosques et formation. Balado pour les proches....",514 630-0907,info@anebquebec.com,anebquebec.com,le Québec,"jeunes et adultes ayant des troubles alimentaires, leurs proches, groupes de soutien: personnes de 17 ans et plus",provincial,sante,soutien_vulnerabilite,non
commission de développement des ressources humaines des premières nations du québec,"2, chemin River Kahnawake Montérégie QC J0L 1B0",Administration du Programme de formation pour les compétences et l'emploi destiné aux Autochtones (PFCEA). Babillard d'offre d'emploi en ligne. Guide en ligne pour l'int,450 638-4171,info@cdrhpnq.qc.ca,www.cdrhpnq-fnhrdcq.ca,le Québec,personnes autochtones,provincial,emploi,education_formation,non
centre de service en emploi et formation de montréal,"2, chemin River Kahnawake Montérégie QC J0L 1B0",Développement de l'emploi des personnes autochtones. Aide à la recherche d'emploi. Intégration professionnelle. Financement des études professionnelles et éducations aux adultes.,514 283-0901,sdrhpnm@cdrhpnq.qc.ca,www.cdrhpnq-fnhrdcq.ca,"Montréal, Laval, Laurentides, Lanaudière, Estrie, Montérégie",personnes autochtones,grand_montreal,emploi,education_formation,non
regroupement tdl québec,"55, rue Saint-Pierre Saint-Constant Montérégie QC J5A 1B9",Promotion d'une meilleure connaissance du trouble développemental du langage (dysphasie) et des troubles langagiers au sein des organismes de soutien et du public. Défense des droits des personnes dys...,1 800 495-4118,info@regroupementtldl.ca,www.regroupementtdl.ca,le Québec,"personnes vivant avec un trouble développemental du langage (dysphasie ou trouble primaire du langage), leur entourage, spécialistes oeuvrant dans les domaines de l'éducation et de la santé, employeur·euse·s",provincial,sante,defense_droits,non
centre des femmes west island,11 Rodney Avenue Pointe-Claire Montréal QC H9R 4L8,"Cours de jour et de soir: développement personnel, conditionnement physique, intérêts spéciaux et cours pour les enfants. Ateliers pour les adolescent·e·s et les adultes. Programmes pour les personnes...",514 695-8529,womenscentre@wiwc.ca,wiwc.ca,île de Montréal,"femmes, enfants de 0 à 11 ans",montreal,developpement_enfants_familles,education_formation,non
amis de simon (les),"3000, chemin Sainte-Marie Mascouche Lanaudière QC J7K 1P1",Groupe de soutien pour parents vivant le deuil d'un enfant. Rencontre mensuelle.,514 632-8485,lesamisdesimon1@gmail.com,www.lesamisdesimon.com,"Grand Montréal, Lanaudière",parents d'un enfant décédé,grand_montreal,sante,soutien_vulnerabilite,non
placement potentiel,"111, avenue Donegani Pointe-Claire Montréal QC H9R 2W3",Placement en emploi pour personnes vivant avec un handicap. Division spécialisée en entretien ménager.,514 694-0315,info@placementpotentiel.com,www.placementpotentiel.com/index-fr.html,Grand Montréal,personnes de 18 ans et plus vivant avec un handicap,grand_montreal,emploi,soutien_vulnerabilite,non
soutien nisa,Pierrefonds-Roxboro Montréal QC H8Z 3L4,Vise à faciliter l'atteinte du bien-être chez les femmes. Groupes de discussion pour femmes vivant des situations similaires afin de partager leur expérience. Ateliers avec des professionnel·le·s issu...,,info@nisasupport.com,www.nisasupport.com,île de Montréal,femmes,montreal,soutien_vulnerabilite,sante,non
regroupement des organismes spécialisés pour l'emploi des personnes handicapées,"83 rue Turgeon, bureau 302-B Sainte-Thérèse Laurentides QC J7E 3H7","Regroupement d'organismes favorisant l'intégration, la réintégration et le maintien à l'emploi des personnes en situation de handicap. Promotion d'un financement et d'une au",438 798-0788,info@roseph.ca,roseph.ca,le Québec,"organismes communautaires, personnes vivant avec un handicap",provincial,emploi,sante,non
équijustice montréal - médiation citoyenne,"230, rue Brunswick Pointe-Claire Montréal QC H9R 5N5","Médiation: accompagnement en cas de conflit de voisinage, de conflit interpersonnel, conflits entre un·e ou plusieurs citoyen·ne·s et organismes privés ou publics, conflits en milieu de travail. Proje...",514 630-9864 poste 5215,mediationmontreal@equijustice.ca,equijustice.ca,île de Montréal,,montreal,defense_droits,developpement_communautaire,non
g.e.m.e. groupe d'entraide pour un mieux-être - sainte-thérèse de blainville,"245, rue Leduc Sainte-Thérèse Laurentides QC J7E 0A4",Groupes de soutien en personne et virtuels (sur Zoom). Consultations individuelles en personne et virtuels (sur Zoom). Groupes de méditation. Documentation et outils pour gére,1 866 443-4363,info@groupegeme.com,www.groupegeme.com,le Québec,"personnes de 18 ans et plus avec des troubles anxieux: stress, phobie simple ou sociale, agoraphobie, trouble panique, burn-out, dépression, stress post-traumatique",provincial,sante,soutien_vulnerabilite,non
fondation voboc (la),"269, boulevard Saint-Jean, bureau 215 Pointe-Claire Montréal QC H9R 3J1",Soutien aux adolescent·e·s et jeunes adultes atteints d'un cancer. Vo-Pak: sac à dos avec outils et ressources. Éducation et sensibilisation. Paniers des Fêtes pour les patients. Partenariats avec des...,514 695-9292,info@voboc.org,voboc.org/fr,île de Montréal,"adolescent·e·s et jeunes adultes atteints d'un cancer, Vo-Pak: distribution dans les hôpitaux de l'Université McGill",montreal,sante,soutien_vulnerabilite,non
serlan - repentigny,"505, rue Lanaudière Repentigny Lanaudière QC J6A 7N1","Centre de travail adapté pour personnes vivant avec un handicap physique ou intellectuel, ou avec un problème de santé mentale. Assemblage, montage, emballage sous pellicule rétractable ou moulante, m...",450 654-9574,sboucher@serlan.com,serlan.com,"Repentigny, île de Montréal","personnes vivant avec un handicap physique ou intellectuel, ou un problème de santé mentale",grand_montreal,emploi,sante,non
fondation du syndrome angelman (la),"14400, boulevard Gouin Ouest Pierrefonds-Roxboro Montréal QC H9H 1B1",Répit de 48 heures ou de fin de semaine.,514 316-9017 poste 102,info@angelman.ca,angelman.ca/fr,Grand Montréal,personnes de tous âges vivant avec une déficience intellectuelle ou le syndrome d'Angelman,grand_montreal,sante,soutien_vulnerabilite,non
centre d'intégration multi-services de l'ouest de l'île - pierrefonds,"15650, boulevard de Pierrefonds Pierrefonds-Roxboro Montréal QC H9H 4K3",Accueil et intégration des immigrants.Francisation Cours de français à temps partiel. Cours de français en entreprise.Emploi Ateliers de recherche d'emploi et de stage. Aide individue,514 305-1616,info@cimoi.com,www.cimoi.com,"île de Montréal, particulièrement l'Ouest-de-l'Île, Saint-Laurent, LaSalle, Lachine","personnes immigrantes, personnes nouvellement arrivées",montreal,autres_missions_sociales,emploi,non
association québécoise de voile adaptée,"1, avenue Cartier Pointe-Claire Montréal QC H9S 4R3",Promotion de l'autonomie des personnes vivant avec une déficience physique ou sensorielle. Programme d'apprentissage de la voile: cours théoriques et pratiques. Programme d'apprentissage de la voile d...,438 395-5362,administration@aqva.org,www.aqva.org/fr,Grand Montréal,personnes vivant avec une déficience physique ou sensorielle,grand_montreal,sports_loisirs_tourisme,sante,oui
services à la famille amcal (les),"7, rue Sainte-Anne Pointe-Claire Montréal QC H9S 4P6",Thérapie familiale et médiation. Visites supervisées. Adultes émergent·e·s: programme pour jeunes adultes de moins de 30 ans résidant encore chez les parents. Formation pour groupes communautaires. Ge...,514 694-3161 poste 225,afs@amcal.ca,www.amcal.ca/fr,Grand Montréal,"familles, enfants, jeunes, adultes de 18 ans et plus vivant encore chez leurs parents, parents de jeunes en crise, programme résidentiel: jeunes de 12 à 17 ans et leurs parents",grand_montreal,developpement_enfants_familles,sante,non
services à la famille amcal (les) - programme résidentiel,"7, rue Sainte-Anne Pointe-Claire Montréal QC H9S 4P6","Programme résidentiel pour adolescent·e·s avec retour à la maison la fin de semaine. Soutien, accompagnement et formations. Thérapie familiale. Groupes de soutien pour les parents.",514-694-3161 poste 222,afs@amcal.ca,www.amcal.ca,Grand Montréal,"jeunes de 12 à 17 ans, leurs parents",grand_montreal,developpement_enfants_familles,soutien_vulnerabilite,non
forains abyssaux (les),"51, 13e Avenue Deux-Montagnes Laurentides QC J7R 3T6","Ateliers et cours de cirque. Cours de cirque d'été. Spectacles mobiles, extérieurs ou intérieurs, pour les villes, les écoles ou d'autres organisations.",514 892-3271,ecoleforains@videotron.ca,ecoledecirquelesforains.com,le Québec,"personnes de 4 à 70 ans intéressées par l'art du cirque, personnes vivant avec une déficience physique, jeunes immigrants",provincial,sports_loisirs_tourisme,arts_culture_medias,oui
centre de bien-être de l'ouest-de-l'île pour personnes atteintes de cancer,"115, rue Du Barry Kirkland Montréal QC H9H 0C4","Aide à la santé et au bien-être des personnes vivant avec le cancer en répondant à leurs besoins physiques, spirituels, émotionnels, informationnels, sociaux, systémiques et prat",514 695-9355,info@wicwc.org,wicwc.com/fr,"Grand Montréal, programmes en ligne: Canada","personnes atteintes de cancer, leurs proches, personnes proches aidantes",grand_montreal,sante,soutien_vulnerabilite,non
centre de ressources et de grossesse options,"25, boulevard D'Anjou Châteauguay Montérégie QC J6J 2P7","Soins et soutien aux jeunes et familles aux prises avec une grossesse imprévue.Assistance matérielle Test de grossesse gratuit. Boutique ARK: vêtements et couches pour enfants de 0 à 5 ans, vêtements ...",450 699-4357,options@jslmontreal.org,www.centreoptions.org/indexfr1,Grand Montréal,"personnes de 25 ans et moins aux prises avec une grossesse imprévue, leurs familles, Boutique ark: parents, priorité à ceux de 25 ans et moins",grand_montreal,developpement_enfants_familles,soutien_vulnerabilite,non
fondation des gouverneurs de l'espoir,"1, boulevard d'Anjou Châteauguay Montérégie QC J6J 2P6",Aide financière mensuelle sous forme de cartes-cadeaux.,438 838-8588,info@gouverneursdelespoir.org,fondationdesgouverneurs.org,le Québec,famille d'enfants de 17 ans et moins sous traitement contre le cancer ou ayant une maladie grave qui menace sa vie à court terme.,provincial,soutien_vulnerabilite,sante,non
centre lgbtq2+ ouest-de-l'ile,"202, chemin Woodside Beaconsfield Montréal QC H9W 2P1",Club social pour jeunes adultes. Club social pour adolescent·e·s deux fois par semaine. Groupe de soutien pour parents et familles. Groupe de soutien hebdomadaire pour personnes trans et issues de la ...,514 794-5428,info@lgbtq2centre.com,lgbtq2centre.com,"Ouest-de-l'île, Vaudreuil-Soulanges, Grand Montréal","personnes lesbiennes, gaies, bisexuelles, trans, queer ou en questionnement de tous âges, leurs proches",grand_montreal,defense_droits,soutien_vulnerabilite,non
fondation papillon - camp de grandpré,"756, chemin des Patriotes Sud Otterburn Park Montérégie QC J3H 1Z5",Camp mixte. Chalets adaptés à louer. Classes nature.,1 877 937-6171,info@fondationpapillon.ca,fondationpapillon.ca/services-adaptes/camp-de-grandpre,le Québec,personnes vivant avec un handicap intellectuel ou TSA de différents groupes d'âge,provincial,sports_loisirs_tourisme,sante,oui
"association du syndrome de sjögren, sjögren québec","706, rue Laurier, bureau 100A Beloeil Montérégie QC J3G 4J6",Groupe de soutien pour les personnes vivant avec le syndrome de Sjögren. Information pour les patient·e·s et leur famille.,1 877 934-3666,sjogrenquebec@gmail.com,sjogren.ca,le Québec,"personnes ayant reçu un diagnostic de syndrome de Sjögren, leurs proches",provincial,sante,soutien_vulnerabilite,non
centre équestre thérapeutique équi-sens,"20661, rue Victor Mirabel Laurentides QC J7J 1P4",Équitation thérapeutique. Thérapie assistée par cheval. Séance assistée par cheval. Équi-coaching: interaction et coaching avec un cheval. Activités de groupes pour écoles et classes spécialisées.,450 434-7367,equissens.info@gmail.com,www.equi-sens.ca,"île de Montréal, Laurentides, Laval, Lanaudière","personnes vivant avec un handicap, une déficience, un trouble comportemental, une maladie ou des difficultés psychosociales, vétéran·e·s et premier·ère·s répondant·e·s en état de stress post-traumatique",grand_montreal,sante,sports_loisirs_tourisme,oui
chez-nous solidaire,"12, rue Marleau, bureau 111 Mercier Montérégie QC J6R 0L9",Logements supervisés pour personnes autonomes avec une déficience intellectuelle de modérée à légère avec ou sans trouble du spectre de l'autisme. Supervision. Soutien à l'autonomie et animation. Serv...,514-673-2360,info@chez-noussolidaire.org,www.chez-noussolidaire.org,"le Québec, MRC de Roussillon, Beauharnois-Salaberry et Vaudreuil-Soulanges",personnes autonomes avec une déficience intellectuelle de modérée à légère avec ou sans trouble du spectre de l'autisme,provincial,sante,logement,non
association infertilité québec,"1538, boulevard Saint-Jean-Baptiste Mercier Montérégie QC J6R 2L1",Représentation et promotion des intérêts des couples infertiles. Information et référence concernant l'infertilité et l'adoption. Jumelage entre personnes vivant des expériences communes relatives à l...,,info@infertilite.ca,www.infertilite.ca,le Québec,couples et personnes infertiles de toute orientation sexuelle,provincial,sante,defense_droits,non
centre notre-dame de fatima,"2464, boulevard Perrot Vaudreuil-Dorion Montérégie QC J7W 2Y9","Programme Arc-en-ciel: accompagnement en camp de jour pour enfants avec des besoins particuliers. Camp de vacances pour enfants et adultes avec des besoins particuliers. Répits pour enfants, adolescen...",514 453-7600 poste 234,info@mon-camp.ca,www.mon-camp.ca,"le Québec, Ontario","enfants et adultes vivant avec une déficience auditive, du langage, intellectuelle, une multi-déficience ou un trouble du spectre de l'autisme, camp de vacances et répit: personnes de 4 à 21 ans, adultes de 18 ans et plus, camp de jour Arc-en-ciel: enfants de 4 à 14 ans",provincial,sports_loisirs_tourisme,sante,oui
atelier industriel saint-jean,"277, rue Langlois Saint-Jean-sur-Richelieu Montérégie QC J3B 4S4","Entreprise d'insertion professionnelle pour personnes en situation de handicap. Échantillonnage, emballage, embouteillage, ensachage, scellage, etc.",450 347-2616,info@atelierindustriel.ca,atelierindustriel.ca,Grand Montréal,personnes vivant avec un handicap physique ou intellectuel,grand_montreal,emploi,soutien_vulnerabilite,non
fondation mira (la),"1820, rang Nord-Ouest Sainte-Madeleine Montérégie QC J0H 1S0",Promotion de l'autonomie et de l'intégration des personnes vivant avec un handicap. École de chiens-guides: chiens développés et entraînés pour répondre aux besoins en adaptation et réadaptation. Récu...,1 800 799-6472,info@mira.ca,www.mira.ca,le Québec,"personnes vivant avec un ou plusieurs handicaps visuels ou moteurs, jeunes autistes",provincial,sante,soutien_vulnerabilite,non
autismopolis,"415, boulevard du Séminaire nord, bureau B Saint-Jean-sur-Richelieu Montérégie QC J3B 5L4",Projet de préparation à l'emploi d'une durée de 14 à 52 semaines. Activités de socialisation pour les 13 ans et plus.,450 895-1470,administration@autismopolis.com,autismopolis.com,le Québec,personnes autistes sans déficience intellectuelle,provincial,emploi,soutien_vulnerabilite,non
association de paralysie cérébrale du québec,"320, boulevard du Séminaire Nord, local 112 Saint-Jean-sur-Richelieu Montérégie QC J3B 5K9",Promotion de l'intégration et de l'amélioration de la qualité de vie des gens vivant avec la paralysie cérébrale. Information et orientation. Aide financière de dépannage. Défense des droits. Avanceme...,1 800 311-3770,info@paralysiecerebrale.com,paralysiecerebrale.com,le Québec,personnes vivant avec la paralysie cérébrale,provincial,sante,defense_droits,non
maison d'accueil le joins-toi - saint-jean-sur-richelieu,"232, rue Longueuil Saint-Jean-sur-Richelieu Montérégie QC J3B 6P4","Bureau de suivi communautaire externe. Consultation individuelle et de groupe. Aide à la réhabilitation sociale, en matière judiciaire, à la recherche d'emploi et de formation. Soutien socio-affec",450 358-6334,rgagne@maisonjoinstoi.org,www.maisonjoinstoi.org,le Québec,hommes judiciarisés issus du système correctionnel provincial,provincial,soutien_vulnerabilite,emploi,non
g.e.m.e. groupe d'entraide pour un mieux-être - saint-jean-sur-richelieu,"375, avenue Bessette Saint-Jean-sur-Richelieu Montérégie QC J2X 2N8",Groupes de soutien en personne et virtuels (sur Zoom). Consultations individuelles en personne et virtuels (sur Zoom). Groupes de méditation. Documentation et outils pour gérer le,1 866 443-4363,info@groupegeme.com,www.groupegeme.com,le Québec,"personnes de 18 ans et plus vivant avec des troubles anxieux: stress, phobie simple ou sociale, agoraphobie, trouble panique, burn-out, dépression, stress post-traumatique",provincial,sante,soutien_vulnerabilite,non
atelier paysan (l'),"785, route De Lotbinière Vaudreuil-Dorion Montérégie QC J7V 8P2","Ferme urbaine et lieu de production maraîchère visant l'intégration sociale. Volet employabilité d'apprenti·e·s jardinier·ère·s: développement des compétences liées à des métiers semi-spécialisés, des...",,accueil@latelierpaysan.ca,www.latelierpaysan.ca,le Québec,"grand public, personnes vivant avec un trouble de santé mentale (déficience intellectuelle, autisme,etc.), apprenti·e·s jardinier·ère·s",provincial,emploi,sante,non
maison des parents du québec - montréal,"177, rue Saint-Georges Saint-Jérôme Laurentides QC J7Z 4Z8",Accompagnement et préparation des parents. Support individuel. Rencontres de groupe. Conférences. Projets spéciaux visant le développement des habiletés sociales des jeunes.,450 438-7708,info@maisondesparents.com,maisondesparents.com,île de Montréal,familles,montreal,developpement_enfants_familles,,non
institut de formation d'aide communautaire à l'enfant et à la famille - saint-jérôme,"177, rue Saint-Georges Saint-Jérôme Laurentides QC J7Z 4Z8","Thérapie individuelle, conjugale et familiale. Psychodrame. Consultation parentale. Écoles: intervention auprès des élèves, programmes de perfectionnement pour les ens",450 438-7708,ifacef@ifacef.com,www.ifacef.com,le Québec,"enfants, familles, écoles, centres jeunesse, organismes communautaires, intervenant·e·s",provincial,sante,developpement_enfants_familles,non
onentokon healing lodge,"380, rue Saint-Michel Kanesatake Laurentides QC J0N 1E0","Centre de thérapie en dépendance basé sur la compréhension des traumatismes et mettant de l'avant les cultures, pratiques et traditions autochtones. Programme interne de six semaines. Rencontres indiv...",450 479-8353,info@onentokon.org,www.onentokon.com,le Québec,"personnes autochtones de plus de 18 ans ayant une problématique de dépendance (alcool, drogue), leurs proches",provincial,sante,soutien_vulnerabilite,non
petits frères (les) - maison juliette-huot,"440, rue Saint-Michel Kanesatake Laurentides QC J0N 1E0",Domaine de vacances des Petits Frères pour personnes aînées isolées.,450 479-6136,domainejuliettehuot@petitsfreres.ca,petitsfreres.ca/domaine-juliette-huot,Grand Montréal,personnes de 75 ans et plus sans famille présente ou contact social significatif,grand_montreal,sante,sports_loisirs_tourisme,oui
maison l'alcôve,"5000, boulevard Laurier Ouest Saint-Hyacinthe Montérégie QC J2S 3V2",Centre de traitement en dépendance interne et externe à durée variable. Programme distinct pour les dépendances aux substances. Programme distinct pour la dépendance au jeu. Programme mixé pour les dé...,450 773-7333,info@maisonlalcove.com,www.maisonlalcove.com,le Québec,"adultes ayant une dépendance (alcool, drogue, jeu) avec ou sans troubles de santé mentale, femmes enceintes, cyberdépendance: 12 ans et plus",provincial,soutien_vulnerabilite,sante,non
maison d'accueil le joins-toi - saint-hyacinthe,"5085, boulevard Laurier Ouest Saint-Hyacinthe Montérégie QC J2S 3V4","Bureau de suivi communautaire externe. Consultation individuelle et de groupe. Aide à la réhabilitation sociale, en matière judiciaire, à la recherche d'emploi et de formation. Soutien socio-affectif....",450 771-5026,maisonjoinstoi@videotron.ca,www.maisonjoinstoi.org,le Québec,hommes judiciarisés issus du système correctionnel provincial,provincial,soutien_vulnerabilite,emploi,non
carat - centre d'aide et de réhabilitation pour alcooliques et toxicomanes,"460, rue Principale Sainte-Brigide-d'Iberville Montérégie QC J0J 1X0",Centre de thérapie interne à durée variable. Programme distinct pour les dépendances aux substances. Programme interne d'une durée de 25 semaines. Programmes de 3 mois pour perso,450 293-3570,info@therapie-carat.com,www.therapie-carat.com,le Québec,"hommes de 18 ans et plus ayant une problématique de dépendance (alcool, drogue)",provincial,soutien_vulnerabilite,sante,non
centre d'action bénévole de saint-césaire - clinique d'impôts,"1100, rue Leclaire Saint-Césaire Montérégie QC J0L 1T0",Clinique d'impôts à l'année.,450 469-3279,services@cabacoeur.org,www.cabacoeur.org,le Québec,"personnes seules ayant 45 000$ ou moins de revenu, familles monoparentales ayant 45 000$ plus 2000$ par enfant à charge ou moins de revenu, couples sans enfant ayant 50 000$ ou moins de revenu, couples avec enfant ayant 50 000$ plus 2000$ par enfant à charge ou moins de revenu",provincial,soutien_vulnerabilite,autres_missions_sociales,non
maison la grande ourse montérégie,"2584, rue Immaculée-Conception Saint-Ours Montérégie QC J0G 1P0",Maison de thérapie de 12 jours pour survivantes d'agressions et de violence à caractère sexuel. Relation d'aide. Plan de séjour et d'action. Ateliers. Rencontre individuelle. Discussions de groupe. Ré...,450 402-0503,contact@grandeoursemonteregie.org,www.grandeoursemonteregie.org,le Québec,survivantes d'agressions et de violences à caractère sexuel,provincial,soutien_vulnerabilite,sante,non
au coeur des familles agricoles,"600, rue Benoît Saint-Hyacinthe Montérégie QC J2S 1L6","Soutien, information et références. Concertation adaptée à la réalité agricole. Suivis auprès des agences et services communautaires. Ligne d'aide. Prévention en santé mentale. Sensibilisation du publ...",450 768-6995,acfa@acfareseaux.qc.ca,acfareseaux.qc.ca,le Québec,"producteur·trice·s agricoles, leurs familles, leurs réseaux, Maison ACFA: producteur·trice·s agricoles",provincial,sante,soutien_vulnerabilite,non
portage - programme pour adolescents - ouest du québec,"1790, chemin du Lac Écho Prévost Laurentides QC J0R 1T0",Centre de réadaptation en dépendance résidentiel d'une durée de 3 à 6 mois. Thérapie de groupe. Réintégration sociale: post-cure de 18 mois. École sur place obligatoire. Orientation et planification,450 224-2944,info_adomtl@portage.ca,portage.ca/fr,le Québec,personnes de 14 à 21 ans vivant avec une problématique de toxicomanie,provincial,sante,soutien_vulnerabilite,non
portage - centre de thérapie pour adultes - pavillon pour hommes,"1790, chemin du Lac Écho Prévost Laurentides QC J0R 1T0",Centre de réadaptation interne d'une durée de 6 mois (premier mois en externe). Programme distinct pour les dépendances aux substances. Thérapie de groupe. Réintégration sociale. Orientati,514 939-7700,info@portage.ca,portage.ca/fr/quebec/programme-adultes,le Québec,hommes adultes ayant une problématique de toxicomanie,provincial,soutien_vulnerabilite,sante,non
portage - centre de thérapie pour adultes - pavillon pour femmes,"1762, chemin du Lac Écho Prévost Laurentides QC J0R 1T0",Centre de réadaptation interne d'une durée de 6 mois (premier mois en externe). Programme distinct pour les dépendances aux substances. Thérapie de groupe. Réintégration sociale. Orientati,514 939-7700,info@portage.ca,portage.ca/fr/quebec/programme-adultes,le Québec,femmes ayant une problématique de toxicomanie,provincial,soutien_vulnerabilite,sante,non
café de la débrouille (le) - clinique d'impôts,"19, rue Saint-Jean-Baptiste Est Rigaud Montérégie QC J0P 1P0",Clinique d'impôts ouverte à l'année.,450 206-1008,lecafedeladebrouille@videotron.ca,www.lecafedeladebrouille.org,le Québec,"personne seule vivant avec un revenu de 35 000$ et moins, famille vivant avec un revenu de 45 000$ et moins, adultes avec un enfant vivant avec un revenu de 45 000$ et moins (2 500$ de plus pour chaque enfant à charge supplémentaire)",provincial,soutien_vulnerabilite,autres_missions_sociales,non
centre attitude,"707, rue Principale Piedmont Laurentides QC J0R 1K0",Centre privé offrant des retraites de ressourcement et des services de développement personnel. Consultation individuelle en relation d'aide. Ateliers de 5 jours intensifs à l'interne pour adultes por...,450 240-0404,info@centreattitude.com,centreattitude.com,le Québec,"adultes, adolescents de 12 à 17 ans et couples aux prises avec des problématique de dépendance (alcool, drogue, jeu, cyberdépendance, etc.) ou en cheminement, groupes de soutien: personnes de 16 ans et plus",provincial,sante,soutien_vulnerabilite,non
maison la passerelle - saint-simon,"6, rue Saint-Jean-Baptiste Saint-Simon Montérégie QC J0H 1Y0","Centre de réadaptation interne de 5 mois. Programme distinct pour les dépendances aux substances. Thérapie individuelle, de groupe. Thérapie individuelle pour les proches (18 ans et plus). Ateliers de...",450 798-2080,info@maisonlapasserelle.ca,www.maisonlapasserelle.ca,le Québec,"femmes adultes avec une dépendance à la drogue ou à l'alcool, femmes sur un programme de maintien à la méthadone stabilisé",provincial,sante,soutien_vulnerabilite,non
camp familial saint-urbain,"1651, chemin de Chertsey Chertsey Lanaudière QC J0K 3K0",Séjours de vacances de 2 à 13 nuitées. Carte accompagnement loisir (CAL).,1 888 882-4719,info@campfamilial.org,www.campfamilial.org,le Québec,"priorité aux familles à faible revenu, personnes immigrantes, personnes vivant avec un handicap, personnes aînées",provincial,sports_loisirs_tourisme,developpement_communautaire,oui
auberge sous mon toit,"317, rue Chapais Granby Estrie QC J2G 7E7","Centre résidentiel communautaire.Hébergement Chambre individuelle avec un accès à Internet, à un téléphone et à la climatisation. Repas. Relation d'aide. Buanderie gratuite. Activités socioculturelles...",450 378-4269,auberge@aubergesousmontoit.com,aubergesousmontoit.org,le Québec,"hommes de 18 ans et plus vivant des difficultés situationnelles, sans domicile fixe ou contrevenants, ayant besoin de services d'hébergement, d'encadrement et d'insertion sociale",provincial,soutien_vulnerabilite,logement,non
fondation papillon - camp papillon,"210, avenue Papillon Saint-Alphonse-Rodriguez Lanaudière QC J0K 1W0","Camp adapté, avec personnel médical. Répits adapté, avec personnel médical. Classes nature. Accueil de groupe. Chalets adaptés à louer.",1 877 937-6172,info@fondationpapillon.ca,fondationpapillon.ca,le Québec,"personnes vivant avec un handicap physique ou intellectuel ou un trouble du spectre de l'autisme de différents groupes d'âge: adultes de 18 ans et plus, adolescent·e·s de 13 à 17 ans, enfants de 18 mois à 12 ans",provincial,sante,sports_loisirs_tourisme,oui
sos professionnels,"1342, rue du Cerf Val-David Laurentides QC J0T 2N0","Réseau d'entraide ayant pour but de soutenir les professionnel·le·s épuisé·e·s ou en perte de sens, dans les secteurs de la santé, de l'éducation, premiers répondants, etc. Activités de groupe. Suivis...",1 866 445-0590,secretariat@sos-professionnels.org,sos-professionnels.org,"le Québec, activités: Laurentides, île de Montréal, Rive-Sud, ville de Québec","professionnel·le·s en détresse psychologique ou en perte de sens travaillant dans les secteurs de la santé, de l'éducation et d'autres secteurs",grand_montreal,sante,soutien_vulnerabilite,non
base de plein air bon départ,"4610, route Principale Wentworth-Nord Laurentides QC J0T 1Y0","Camp 4 saisons. Camp répit pour les personnes vivant avec un handicap intellectuel. Camp de vacances et relâche scolaire, camp de jour. Accueil de groupes, classe nature. Activités de plein air pour l...",450 226-3336,info@bpabondepart.ca,www.bpabondepart.ca,le Québec,"répit: clientèle mixte de 7 à 99 ans, autiste ou vivant avec une déficience intellectuelle, camp de vacances: jeunes de 6 à 14 ans, camp de jour: jeunes de 6 à 12 ans, classe nature: écoles et services de garde de niveau primaire, accueil de groupe: groupes autonomes d'enfants, d'adolescent·e·s, d'adultes, de personnes handicapées et de familles",provincial,sports_loisirs_tourisme,sante,oui
botte de foin (la),Dunham Estrie QC J0E 1M0,Maison de campagne collective à prix abordables dans les Cantons-de-l'Est. Location pour familles et groupes communautaires.,,infobottedefoin@gmail.com,www.labottedefoin.org/accueil,Grand Montréal,"personnes ou familles à faibles revenus, organismes communautaires",grand_montreal,developpement_communautaire,sports_loisirs_tourisme,oui
fondation ressources pour les enfants diabétiques,"5000, chemin des Pins Sainte-Agathe-des-Monts Laurentides QC J8C 2Z7",Lieu de rencontre et de soutien. Rencontres d'échanges entre parents et jeunes. Information sur la gestion du diabète de type 1. Soupers-rencontres et cafés-rencontres virtuels. Camp de vacances estiv...,514 731-9683,info@diabete-enfants.ca,diabetes-children.ca/fr,le Québec,"personnes de 17 ans et moins vivant avec le diabète de type 1, leur famille",provincial,sante,developpement_enfants_familles,non
mrc d'acton terre d'accueil,"975, rue Boulay, bureau 202 Acton Vale Montérégie QC J0H 1A0",Projet visant à attirer des personnes issues de l'immigration à s'installer sur le territoire de la MRC d'Acton et à favoriser leur intégration harmonieuse. Aide à la recherche de logement. Aide dans ...,450 546-0311,immigrationacton@outlook.com,immigrationacton.org,le Québec,personnes issues de l'immigration,provincial,autres_missions_sociales,logement,non
association garagona,"23, chemin Garagona Frelighsburg Estrie QC J0J 1C0",Camp de vacances pour personnes autistes ou vivant avec une déficience intellectuelle. Répit de fins de semaine. Camp de vacances estival. Ateliers de jour. Accueil de groupes.,450 298-5159,info@campgaragona.qc.ca,www.garagona.org,"le Québec, ateliers de jour: MRC Brome-Missisquoi",enfants et adultes autistes ou vivant avec une déficience intellectuelle,provincial,sports_loisirs_tourisme,sante,oui
codépendants anonymes,Montréal QC,Renseignements téléphoniques. Groupes d'entraide hebdomadaires auto-animés ou animés par un·e membre. Liste des réunions en ligne: codacanada.ca/online-meetings-3 Ressources en ligne.,604 239-1042,quebec.outreach@codacanada.ca,codacanada.ca,île de Montréal,personnes vivant avec une problématique de codépendance,montreal,sante,soutien_vulnerabilite,non
abriter - programme d'hébergement d'options,Châteauguay Montérégie QC,"Hébergement temporaire pour jeunes femmes enceintes et jeunes mères en situation précaire. Maison de transition: séjour à court et moyen terme (1 mois à 1 an), séjour à long terme (1 à 2 ans) Programm...",450 699-4357,abriter@jslmontreal.org,www.abriter.org,Grand Montréal,jeunes femmes enceintes et jeunes mères de 14 à 30 ans ayant un enfant de 0 à 5 ans en situation précaire,grand_montreal,soutien_vulnerabilite,developpement_enfants_familles,non
centre humanitaire local,Montréal QC,"Centre de favorisation de l'intégration des personnes réfugiées et demandeur·se·s d'asile. Services de rééducation, réadaptation, réinsertion et prévention en ergothérapie. Accompagnement en santé men...",514 600-7675,centrehumanitairelocal@outlook.com,centre-humanitaire-local.jimdosite.com,Province du Québec,personnes réfugiées et demandeur·se·s d'asile,provincial,autres_missions_sociales,sante,non
hépatites ressources - drummondville,"132, rue Loring Drummondville Centre-du-Québec QC J2C 4K1",Service de soutien téléphonique. Information sur les hépatites et les effets secondaires des traitements. Groupes de discussion. Rencontres individuelles au bureau ou à domicile pour les personnes ne ...,819 475-8898,info@hepatitesressources.com,www.hepatitesressources.com,le Québec,"personnes ayant contractés le virus de l'Hépatite C, leurs proches, prévention: écoles secondaires, maisons de jeunes, centres de thérapie pour jeunes et adultes, centres de transition, organismes communautaires, grand public",provincial,sante,soutien_vulnerabilite,non
office des personnes handicapées du québec,"309, rue Brock Drummondville Centre-du-Québec QC J2B 1C5","Accueil, référence, soutien-conseil. Accompagnement et soutien dans les démarches. Soutien à l'élaboration et à la réalisation d'un plan de services. Coordination et promotion des services répondant a...",1 800 567-1465,aide@ophq.gouv.qc.ca,www.ophq.gouv.qc.ca,le Québec,"personnes handicapées et leur famille, associations de personnes handicapées, organismes de promotion, organismes publics et privés, entreprises, groupes, grand public",provincial,sante,defense_droits,non
centre normand-léveillé,"950, chemin Hemming Drummondville Centre-du-Québec QC J2B 7T5",Séjours de répit: fins de semaine et semaine de relâche. Activités de jour toute l'année. Répit-dépannage: occasions ponctuelles. Camps de vacances adaptés de la mi-juin à la mi-août. Accueil de group...,819 478-1201,communications@repitcnl.ca,centre-normand-leveille.ca,le Québec,"personnes vivant avec une déficience physique, intellectuelle ou présentant un trouble du spectre de l'autisme, personnes polyhandicapées, personnes présentant un trouble déficitaire de l'attention avec ou sans hyperactivité",provincial,sante,sports_loisirs_tourisme,oui
réhabex - papineauville,"365, rue Papineau Papineauville Outaouais QC J0V 1R0","Services personnalisés aux personnes judiciarisées dans leurs démarches de réinsertion sociale, pour trouver un emploi, retourner aux études et faire une demande de pardon. Orientation professionnelle...",1 866 666-6488,informations@rehabex.ca,rehabex.ca/fr,le Québec,"personnes judiciarisées, avec ou sans casier judiciaire, de plus de 18 ans sauf exception",provincial,soutien_vulnerabilite,emploi,non
association québécoise de la maladie de lyme,"7480, boulevard Parent Trois-Rivières Mauricie QC G9C 0M4","Sensibilisation, prévention et soutien aux personnes vivant avec la maladie de Lyme et ses co-infections. Soutien l'accès aux services: prévention, dépistage, diagnostic, traitement et soutien. Soutie...",,info@aqml.ca,aqml.ca,le Québec,"grand public, personnes vivant avec la maladie de Lyme",provincial,sante,soutien_vulnerabilite,non
association québécoise des centres d'intervention en dépendance,"1610, 6e Rue Trois-Rivières Mauricie QC G8Y 5B8",Association regroupant plusieurs organismes communautaires oeuvrant en dépendance. Interlocuteur et partenaire du réseau public dans la prestation de services en dépendances et usage de sub,819 299-6151,info@aqcid.com,aqcid.com,le Québec,centres d'intervention en dépendance et usage de substances,provincial,sante,soutien_vulnerabilite,non
hépatites ressources,"930, rue de la Terrière Trois-Rivières Mauricie QC G8Z 4E5",Service de soutien téléphonique. Information sur les hépatites et les effets secondaires des traitements. Groupes de discussion. Rencontres individuelles au bureau ou à domicile pour les personnes ne ...,819 372-1588,info@hepatitesressources.com,www.hepatitesressources.com,le Québec,"personnes ayant contracté le virus de l'Hépatite C, leurs proches, prévention: écoles secondaires, maisons de jeunes, centres de thérapie pour jeunes et adultes, centres de transition, organismes communautaires, grand public",provincial,sante,soutien_vulnerabilite,non
association québécoise pour le loisir des personnes handicapées,"25, rue des Forges, bureau 320 Trois-Rivières Mauricie QC G9A 6A7","Concertation visant l'intégration des personnes vivant avec un handicap. Promotion et développement du loisir incluant le sport, l'activité physique, le plein air et la culture.",819 693-3339,administration@aqlph.qc.ca,aqlph.qc.ca,le Québec,organismes pour personnes vivant avec un handicap,provincial,sports_loisirs_tourisme,sante,oui
carte accompagnement loisir,"25, rue des Forges bureau 320 Trois-Rivières Mauricie QC G9A 6A7",Gratuité d'entrée pour l'accompagnateur lors de sorties touristiques ou de loisir.,1 833 693-2253,cal@aqlph.qc.ca,www.carteloisir.ca,le Québec,personnes de 5 ans et plus vivant avec une déficience ou un problème de santé mentale nécessitant une personne accompagnatrice lors de sorties,provincial,sports_loisirs_tourisme,sante,oui
fédération du mouvement albatros du québec,"1800, rue Saint-Paul, local 218 Trois-Rivières Mauricie QC G9A 1J7",Regroupement d'organismes en accompagnement aux personnes en soins palliatifs ou en fin de vie. Trouver un Albatros: mouvementalbatros.org/organismes Formation et suivi des bénévoles en accompagnement...,1 866 375-8533,info@mouvementalbatros.org,mouvementalbatros.org,le Québec,"grand public, organismes membre",provincial,sante,soutien_vulnerabilite,non
parents-secours du québec,"17, rue Fusey, bureau 203 Trois-Rivières Mauricie QC G8T 2T3","Réseau de foyers-refuges sécuritaires reconnaissables grâce à une affiche-fenêtre rouge et blanche, placée en évidence dans la fenêtre à l'avant du foyer-refuge. Promotion de la prévention. Formulaire...",1 800 588-8173,info@parentssecours.ca,www.parentssecours.ca,le Québec,"enfants ou aîné·e·s en détresse, perdu·e·s, malades, blessé·e·s, agressé·e·s ou poursuivi·e·s",provincial,soutien_vulnerabilite,developpement_enfants_familles,non
fondation portraits d'étincelles,Saint-Robert Centre-du-Québec QC,Soutien aux parents vivant un deuil périnatal. Services de photographie professionnelle pour prendre des photos d'un nourrisson décédé avant ou à la naissance. Service de retouche de photos prises par...,1 877 346-9940,info@portraitsdetincelles.com,portraitsdetincelles.com,le Québec,parents vivant un deuil périnatal,provincial,sante,soutien_vulnerabilite,non
fonds des millepattes,"4791, boulevard Bourque Sherbrooke Estrie QC J1N 2G6","Soutien pour enfants vivant avec une maladie rare et leur famille. Écoute. Groupes de soutien. Aide financière: médicaments, équipements médicaux, déplacements vers les hôpitaux, consultation avec des...",819 574-1536,mireille@olecommunication.com,fondsdesmillepattes.com,le Québec,"personnes 17 ans et moins ayant un diagnostic de maladie rare ou orpheline et ayant un suivi médical pour cette condition, leur famille",provincial,sante,developpement_enfants_familles,non
centre de communication adaptée,"582, rue Des Tilleuls Sherbrooke Estrie QC J1G 4Y3","Regroupement mobilisateur d'organismes et de personnes pour rendre accessible la langue des signes et l'éducation dans les pays de la francophonie. Sensibilisation, formation et recherche. Réseau soci...",819 345-4017,cca.info@surdite.org,surdite.org,le Québec,communauté sourde,provincial,sante,education_formation,non
maison raymond roy,"91, rue d'Aston Victoriaville Centre-du-Québec QC G6P 9N9",Hébergement à court et moyen terme (6 mois maximum). Conscientisation au processus de changement face aux dépendances. Orientation et ateliers d'intégration sociale. Planification budgétaire. Aide et ...,819 752-3320,maisonraymondroy@aubergeducoeurraymondroy.org,www.maisonraymondroy.org,Victoriaville en priorité,personnes de 18 à 29 ans en difficulté et en situation d'itinérance,provincial,soutien_vulnerabilite,logement,non
centre de ressources pour les familles de militaires - région de montréal - saint-jean-sur-richelieu,"178, rue Falaise Saint-Jean-sur-Richelieu Montérégie QC J0J 1R0",Soutien aux familles de militaires. Consultations psychologiques. Accompagnement et référence. Soutien en cas de deuil. Parrainage. Visites et appels am,450 358-7099 poste 7955,info.crfm@forces.gc.ca,crfmmfrcmtl.ca/fr/accueil,Grand Montréal,familles de militaire,grand_montreal,sante,soutien_vulnerabilite,non
réhabex,"59, rue Marengère Gatineau Outaouais QC J8T 3T7","Services personnalisés aux personnes judiciarisées dans leurs démarches de réinsertion sociale, pour trouver un emploi, retourner aux études et faire une demande de pardon. Orientation professionnelle...",819 776-2777,informations@rehabex.ca,rehabex.ca/fr,le Québec,"personnes judiciarisées, avec ou sans casier judiciaire, de plus de 18 ans sauf exception",provincial,soutien_vulnerabilite,emploi,non
clinique de droit notarial de l'outaouais,"112, promenade du Portage, bureau 200 Gatineau Outaouais QC J8X 2K1",Clinique de droit notarial. Séances d'informations juridiques individualisées et de groupe offertes par les étudiant·e·s de la faculté de droit de l'Université d'Ottawa sous la supervision de notaires...,819 600-9393,info@cliniquededroitnotarial.ca,cliniquedroitnotarial.ca,le Québec,"service d'informations juridiques: grand public, service d'accompagnement en droit notarial: personnes à faible revenu n'ayant pas accès à un·e notaire",provincial,defense_droits,education_formation,non
centre d'action bénévole de hull - clinique d'impôts,"12, rue Brodeur Gatineau Outaouais QC J8Y 2P4",Clinique d'impôts à l'année. Service intensif en mars et en avril.,819 778-2900,impot@benevoles-outaouais.org,cabhull.org/services/service-daide-aux-impots,le Québec,"personnes avec une situation financière simple, célibataires avec un revenu brut maximal de 35 000$, en couple avec un revenu brut maximal de 45 000$, 2000$ supplémentaires par personne à charge",provincial,soutien_vulnerabilite,autres_missions_sociales,non
alliance autochtone du québec,"21, rue Brodeur Gatineau Outaouais QC J8Y 2P6","Promotion et représentation des intérêts des personnes autochtones, Métis Ou Inuit statuées et non-statuées, vivant en dehors des réserves dans la province de Québec. Service d'intervention sociale et...",819 770-7763,siteweb@aaqnaq.com,aaqnaq.com,le Québec,"personne autochtone avec ou sans statut reconnu vivant en dehors du contexte des réserves et dans la province de Québec, activités culturelles: grand public",provincial,defense_droits,autres_missions_sociales,non
domaine des prés d'or,"960, chemin du Domaine Saint-Aimé-du-Lac-des-Îles Laurentides QC J0W 1J0","Camp de vacances estival, hivernal et automnal avec hébergement pour personnes ayant des besoins particuliers.",819 597-2499,domainedespresdor@tlb.sympatico.ca,domainedespresdor.com,le Québec,adultes vivant avec une déficience intellectuelle,provincial,sports_loisirs_tourisme,sante,oui
académie stella chien d'assistance,"4372, rue de la Promenade Saint-Antoine-De-Tilly Chaudière-Appalaches QC G0S 2C0","Programme d'entraînement pour les chiens d'assistance qui travaillent auprès de personnes atteintes d'un stress post-traumatique (TSPT), d'un trouble de stress opérationnel (TSO) ou d'un trouble d'anx...",,info@stellapourlavie.ca,stellapourlavie.ca,province de Québec,"personnes atteintes d'un trouble de stress post-traumatique (TSPT), d'un trouble de stress opérationnel (TSO) ou d'un trouble d'anxiété généralisé (TAG)",provincial,sante,soutien_vulnerabilite,non
association des parents adoptants du québec,"636, route 365 Neuville Capitale-Nationale QC G0A 2R0","Soutien pré et post-adoption et soutien en ligne. Rencontres sous forme de groupe de soutien et conférences, 3 fois par an ou plus. Conférences en ligne. Documentation et information. Sorties familial...",514 990-9144,info@parentsadoptants.org,https://parentsadoptants.org/,le Québec,postulant·e·s et familles du Québec qui vivent un parcours d'adoption,provincial,developpement_enfants_familles,soutien_vulnerabilite,non
familles d'abord,"38, rue Principale Gracefield Outaouais QC J0X 1W0",Friperie le Comptoir familial de Gracefield. Ateliers de jeux parent-enfant de 0 à 5 ans. Groupes de soutien. Répit. Soutien aux femmes monoparentales. Sensibilisation.,819 463-4500,famillesdabord2015@gmail.com,famillesdabord.com,"La Vallée-de-la-Gatineau, Collines-de-l'Outaouais",familles,provincial,developpement_enfants_familles,soutien_vulnerabilite,non
grand village (le),"2434, route Marie-Victorin Saint-Nicolas Chaudière-Appalaches QC G7A 4H7","Complexe récréatif adapté. Camp de jour adapté estival et camp de vacances estival. Répit de fin de semaine de septembre à juin. Activités culturelles, sportives et éducatives. Planification d'événeme...",418 831-1677,info@grand-village.com,grand-village.com,le Québec,"personnes vivant avec une déficience physique ou intellectuelle ou un trouble du spectre de l'autisme (TSA), camps de jour: personnes de 5 à 30 ans vivant avec une déficience physique ou intellectuelle ou un trouble du spectre de l'autisme (TSA)",provincial,sports_loisirs_tourisme,sante,oui
rehabex - maniwaki,"270, rue Notre-Dame Maniwaki Outaouais QC J9E 2J8","Services personnalisés aux personnes judiciarisées dans leurs démarches de réinsertion sociale, pour trouver un emploi, retourner aux études et faire une demande de pardon. Orientation professionnelle...",1 844 284-0066,informations@rehabex.ca,rehabex.ca/fr,le Québec,"personnes judiciarisées, avec ou sans casier judiciaire, de plus de 18 ans sauf exception",provincial,soutien_vulnerabilite,emploi,non
association québécoise du syndrome de rett,"1490, rue de la Timonerie Saint-Nicolas Chaudière-Appalaches QC G7A 0S9","Information et soutien. Promotion, sensibilisation et défense des droits. Activités sociales.",438 870-0812,info@rettqc.org,www.rettqc.org,le Québec,"personnes vivant avec le syndrome de Rett, leur famille, personnes proche aidantes, professionnel·le·s concerné·e·s",provincial,sante,defense_droits,non
opération compagnons d'armes,"2855 rue Montreuil, bureau 611 Québec Capitale-Nationale QC G1V 0C8",Organisme de bienfaisance apportant du soutien aux vétéran·e·s. Aide pour remplir les formulaires de demande de services auprès d'Anciens Combattants Canada (ACC). Références aux ressources médicales....,438 377-5620,medintcbrne@gmail.com,medintcbrne.com/charitable-organization,Québec et reste du Canada,"vétéran·e·s, vétéran·e·s en situation d'itinérance, membres actifs des Forces armées canadiennes, de la Gendarmerie royale du Canada (GRC) et de la fonction publique fédérale, personnes relevant d'Immigration, Réfugiés et Citoyenneté Canada (IRCC), membre de Médavie, personne civile: selon la nature des besoins en soins et de la disponibilité des ressources.",provincial,sante,soutien_vulnerabilite,non
enfant soleil,"450, avenue Saint-Jean-Baptiste, bureau 10 Québec Capitale-Nationale QC G2E 6H5",Collecte de fonds pour soutenir le développement d'une pédiatrie de qualité et contribuer à la réalisation de projets d'intervention sociale pour tous les enfants du Québec.,1 877 683-2325,contact@enfantsoleil.ca,www.enfantsoleil.ca,le Québec,,provincial,sante,developpement_enfants_familles,non
centre québécois d'excellence pour la prévention et le traitement du jeu,"2325, rue des Bibliothèques Québec Capitale-Nationale QC G1V 0A6","Unité de recherche spécialisée dans la problématique du jeu d'argent pathologique. Information en ligne: comprendre le jeu, les pièges du jeux de hasard, suis-je à risque, un de me",1 866 677-5389,jeux@psy.ulaval.ca,gambling.psy.ulaval.ca,le Québec,"grand public, personnes vivant avec un probléme du jeu d'argent pathologique, leurs proches, professionnel·le·s oeuvrant en recherche sur la problématique du jeu d'argent pathologique",provincial,sante,soutien_vulnerabilite,non
service de consultation de l'école de psychologie,"2325, rue des Bibliothèques Québec Capitale-Nationale QC G1V 0A6",Centre de formation à l'exercice de la pratique professionnelle de la psychologie. Consultation individuelle par des doctorant·e·s en psychologie en formation clinique et étroitement supervisés par le...,418 656-5490,scep@psy.ulaval.ca,scep.ulaval.ca,le Québec,"personnes de 5 ans et plus aux prises avec un malaise, une souffrance, une insatisfaction, des questionnements sur sa santé mentale et qui aimerait voir sa situation s'améliorer",provincial,sante,,non
regroupement des centres d'amitié autochtones du québec,"85, boulevard Bastien Wendake Capitale-Nationale QC G0A 4V0",Représentation des 10 Centres d'amitié autochtones et soutien à leur développement. Promotion et défense des droits et intérêts des citoyen·ne·s autochtones dans les villes. Sensibilisation sur le,1 877 842-6354,infos@rcaaq.info,www.rcaaq.info,le Québec,autochtones vivant en milieu urbain,provincial,defense_droits,developpement_communautaire,non
institut de développement durable des premières nations du québec et du labrador,"174, rue Chef Aimé-Romain Wendake Capitale-Nationale QC G0A 4V0","Carrefour multiservices pour les Premières Nations en soutien à leurs projets pour la santé du territoire, de ses ressources et de son développement durable et pour la reco",418 843-9999,info@iddpnql.ca,iddpnql.ca,le Québec,Premières Nations du Québec et du Labrador,provincial,environnement,developpement_communautaire,oui
services parajudiciaires autochtones du québec (les),"190, rue Chef-Max-Gros-Louis Wendake Capitale-Nationale QC G0A 4V0","Aide aux personnes autochtones en matière de justice. Ligne d'urgence sur les abus policiers. Consultation parajudiciaire pour personnes accusées, témoins ou victimes impliquées dans un processus judi",1 833 753-2095,info@spaq.qc.ca,spaq.qc.ca,le Québec,"personnes autochtones, Inuits, Métis",provincial,defense_droits,soutien_vulnerabilite,non
conseil en éducation des premières nations,"50, boulevard Bastien Wendake Capitale-Nationale QC G0A 4V0",Association de Premières Nations et de communautés qui ont pour but de maîtriser entièrement leur éducation. Programme d'éducation spéciale au sein des communautés autochtones. Nouveaux sentiers en éd...,1 855 842-7672,info@cepn-fnec.com,cepn-fnec.com,le Québec,"communautés autochtones, jeunes Autochtones",provincial,education_formation,developpement_communautaire,non
commission de la santé et des services sociaux des premières nations du québec et du labrador,"250, place Chef Michel Laveau, bureau 102 Wendake Capitale-Nationale QC G0A 4V0","Accompagnement des organismes et des communautés autochtones dans l'atteinte de leurs objectifs en matière de santé, de mieux-être, de culture et d'autodétermi",418 842-1540,info@cssspnql.com,cssspnql.com,le Québec,organismes des Premières Nations et Inuit,provincial,sante,developpement_communautaire,non
commission de développement économique des premières nations du québec et du labrador,"265, place Chef Michel Laveau, bureau 200 Wendake Capitale-Nationale QC G0A 4V0","Représentation, promotion, soutien et défense des intérêts des Premières Nations du Québec et du Labrador en matière de développement socioéconomique. Service-conseil",418 843-1488,info@cdepnql.org,cdepnql.org,le Québec,"agent·e·s de développement économique et organisations de développement économique des Premières Nations, entrepreneurs des Premières Nations",provincial,developpement_communautaire,defense_droits,non
cap santé mentale,"1990, rue Cyrille-Duquet, bureau 219 Québec Capitale-Nationale QC G1N 4K8",Regroupement et représentation des organismes pour proches de personnes vivant avec une maladie mentale. Soutien et mobilisation. Ressources en ligne. Ligne téléphonique de référence. Groupe Facebook ...,1 855 272-7837,info@capsantementale.ca,www.capsantementale.ca,le Québec,personnes proches de personnes vivant avec une maladie mentale,provincial,sante,soutien_vulnerabilite,non
association québécoise de prévention du suicide,"5400, boulevard des Galeries, local 575 Québec Capitale-Nationale QC G2K 2B4","Prévention du suicide. Intervention par clavardage et par texto en prévention du suicide: suicide.ca Développement de contenus de formation pour les intervenant·e·s, les professionnel·le·s et les cito...",418 614-5909,reception@aqps.info,aqps.info,le Québec,,provincial,sante,soutien_vulnerabilite,non
association québécoise des retraité(e)s des secteurs public et parapublic,"5400, boulevard des Galeries, bureau 111 Québec Capitale-Nationale QC G2K 2B4",Groupes d'échanges de l'AQRP. Service Mieux-être: support et référence par téléphone ou courriel. Conférences et formation en ligne. Défense et promotion des droits et des intérê,1 800 653-2747,info@aqrp.ca,www.aqrp.ca,le Québec,personne retraitée ou préretraitée des secteurs public et parapublic,provincial,defense_droits,sante,non
société québécoise de la fibromyalgie,"1173, boulevard Charest Ouest, bureau 390 Québec Capitale-Nationale QC G1N 2C9","Regroupement d'associations régionales. Information sur la maladie, par téléphone, par courriel et par courrier. Références vers les ressources sociales et médicales existantes.",450 933-6530,info@sqf.quebec,www.sqf.quebec,le Québec,"associations régionales ouvrant en fibromyalgie, professionnels de la santé, population générale",provincial,sante,,non
fondation gus,"4105, boulevard Guillaume-Couture Lévis Chaudière-Appalaches QC G6W 6M9","Aide aux personnes sinistrées sans ressources. Hébergement à court terme: durée une journée. Dons de biens essentiels: vêtements, électroménager, matelas, nourritures, etc. Services professionnels apr...",,info@fondationgus.com,www.fondationgus.com,le Québec,"personnes ayant perdu en totalité ou en partie leurs biens suite à un événement accidentel ou soudain, dont la perte n'est pas sujette à une indemnisation d'assurance et qui n'ont aucune ressource financière pour remplacer leurs biens",provincial,soutien_vulnerabilite,bien_etre_alimentaire,non
fondation ages,"155, boulevard Charest Est, 1er étage Québec Capitale-Nationale QC G1K 3G6",Fondation pour l'avancement de la gérontologie et la gériatrie sociales. Répertoire en ligne. Chroniques Santé. Laboratoire en santé des personnes aînées. Développement de la gériatrie sociale. Format...,581 700-7068,info@fondationages.org,geriatriesociale.org,le Québec,"personnes de 65 ans et plus, leurs proches, personnes oeuvrant auprès des personnes aînées",provincial,sante,,non
soutien à la personne handicapée en route vers l'emploi au québec,"210, boulevard Charest Est, 5e étage Québec Capitale-Nationale QC G1K 3H1","Soutien pour employeurs et organismes aidant les chercheur·euses d'emploi avec un handicap. Subvention salariale ciblée. Équipement adapté. Aide financière: interprétariat, transcription",1 888 455-4334,sphere@sphere-qc.ca,sphere-qc.ca,le Québec,"employeurs et organismes de soutien aux chercheur·euses d'emploi vivant avec un trouble du spectre de l'autisme, un TDAH, un problème de santé mentale ou une limitation motrice, auditive, organique, visuelle, intellectuelle ou langagière",provincial,emploi,sante,non
areq (csq),"320, rue Saint-Joseph Est, bureau 100 Québec Capitale-Nationale QC G1K 9E7",Défense des droits des membres. Information et ressources sur le retour au travail. Liste d'offres d'emploi. Assurance collective.,418 525-0611,info@areq.lacsq.org,areq.lacsq.org,le Québec,personnes retraitées issues des services publics,provincial,defense_droits,emploi,non
alter justice,"275, rue du Parvis, bureau 510 Québec Capitale-Nationale QC G1K 6G7","Aide et information aux personnes judiciarisées. Services pardon: information, soutien et accompagnement concernant le processus de suspension du casier judiciaire et la non-communication de renseigne...",1 833 529-9031,info@alterjustice.org,alterjustice.org,le Québec,"personnes touchées par la judiciarisation (casier judiciaire) et la détention dans un établissement correctionnel du Québec (sentence maximale de deux ans moins un jour), leurs proches, intervenant·e·s",provincial,defense_droits,soutien_vulnerabilite,non
secrétariat aux relations avec les premières nations et les inuit,"905, avenue Honoré-Mercier, 1er étage Québec Capitale-Nationale QC G1R 5M6","Établissement responsable d'assurer les relations harmonieuses et de partenariats entre les Autochtones et le gouvernement du Québec, et entre les Autochtones et la population en général.",418 643-3166,srpni@mce.gouv.qc.ca,www.quebec.ca/gouvernement/ministeres-et-organismes/secretariat-premieres-nations-inuit,le Québec,"Premières Nations, Inuits, intervenant·e·s gouvernementaux·ales, chercheur·euse·s",provincial,autres_missions_sociales,,non
conseil du statut de la femme,"800, place d'Youville, 3e étage, bureau 300 Québec Capitale-Nationale QC G1R 6E2",Organisme consultatif. Promotion et défense des droits des femmes. Avis sur des sujets concernant l'égalité et le respect des droits des femmes. Publication d'études et de documents d'information en m...,1 800 463-2851,csf@csf.gouv.qc.ca,csf.gouv.qc.ca,le Québec,"femmes, groupes de femmes, organismes, population en général",provincial,defense_droits,,non
audiothèque l'oreille qui lit,"4765, 1ère Avenue, bureau 210 Québec Capitale-Nationale QC G1H 2T3","Création, développement et adaptation des services donnant accès à la documentation écrite et informative, autant générale que spécialisée. Diffusion d'information favorisant l'accroissement des conna...",514 393-0103,audiotheque@audiothequeloreillequilit.com,www.audiothequeloreillequilit.com,le Québec,personnes ayant des limitations à la lecture,provincial,arts_culture_medias,soutien_vulnerabilite,oui
réseau solidarité itinérance du québec,C.P. 700019 Québec Capitale-Nationale QC G1R 6B1,Réseau provincial de regroupements régionaux en itinérance. Information et mobilisation. Défense des droits. Représentation.,438 378-3643,info@rsiq.org,itinerance.ca,le Québec,"organismes en itinérance, tables de lutte à l'itinérance",provincial,soutien_vulnerabilite,defense_droits,non
association québécoise pour la réadaptation psychosociale,"2380, avenue du Mont-Thabor, bureau 205 Québec Capitale-Nationale QC G1J 3W7","Regroupement d'acteur·trice·s et d'organismes engagés dans la réadaptation psychosociale et le rétablissement de personnes vivant ou ayant vécu un problème de santé mentale. Formations diverses,",418 523-4190,admin@aqrp-sm.org,aqrp-sm.org,le Québec,"intervenant·e·s et organismes ouvrant dans la réadaptation psychosociale de personnes ayant un trouble de santé mentale, personnes vivant avec un trouble de santé mentale, membres de leur entourage, grand public",provincial,sante,education_formation,non
deuil-jeunesse,"8007, boulevard Mathieu Québec Capitale-Nationale QC G1G 3M1","Intervention professionnelle pour jeunes et famille vivant la maladie grave, la disparition ou la mort d'un·e proche ou perte liée à l'abandon ou à l'adoption. Groupes d'intervention et suivis individ...",1 855 889-3666,info@deuil-jeunesse.com,deuil-jeunesse.com,le Québec,"jeunes et familles vivant la maladie grave, la disparition ou la mort d'un·e proche ou une perte liée à l'abandon ou à l'adoption, proches aidant·e·s",provincial,sante,developpement_enfants_familles,non
fondation québécoise du cancer - services info-cancer,"2375, avenue De Vitré Québec Capitale-Nationale QC G1J 5B3",Ligne d'information sur le cancer. Référence. Information médicale. Documentation expédiée par la poste. Nutritionniste et psychologue disponibles sur les lignes. Répertoire de ressources: services.f,1 800 363-0063,infocancer@fqc.qc.ca,cancerquebec.ca,le Québec,"personnes vivant avec le cancer, leurs proches, grand public, personnes intervenantes",provincial,sante,,non
fondation québécoise du cancer - service de jumelage téléphonique,"2375, avenue De Vitré Québec Capitale-Nationale QC G1J 5B3",Jumelage entre une personne atteinte d'un cancer ou un proche et une personne ayant vécu la même épreuve. Information et soutien.,1 800 363-0063,infocancer@fqc.qc.ca,cancerquebec.ca/services/info-cancer/jumelage-telephonique,le Québec,"personnes vivant avec le cancer, leurs proches",provincial,sante,soutien_vulnerabilite,non
dessercom,"5600, rue J. B. Michaud Lévis Capitale-Nationale QC G6V 0N9",Transport et accompagnement aux rendez-vous médicaux par des employé·e·s. Services ambulanciers.,1 877 355-5223,info@dessercom.org,dessercom.com,"services ambulanciers et accompagnement-transport: Abitibi-Témiscamingue, Bas-Saint-Laurent, Capitale-Nationale, Centre-du-Québec, Chaudière-Appalaches, Côte-Nord, Lanaudière, Laurentides, Mauricie, Montérégie, accompagnement-transport: île de Montréal",personnes en perte d'autonomie temporaire ou permanente,montreal,sante,,non
fondation des sourds du québec (la),"3348, boulevard Monseigneur-Gauthier Québec Capitale-Nationale QC G1E 2W2","Défense des droits et aide financière pour les personnes vivant avec une déficience auditive. Aide financière pour se procurer du matériel scolaire, faire des sorties et des activités éducatives, avoi...",1 800 463-5617,information@fondationdessourds.net,www.fondationdessourds.net,le Québec,"personnes vivant avec une déficience auditive, organismes, associations, entreprises",provincial,defense_droits,sante,non
fraternité saint-alphonse,"3812, boulevard Sainte-Anne Québec Capitale-Nationale QC G1E 3M3","Hébergement à moyen ou long terme visant la réinsertion sociale: rencontre individuelle, cheminement spirituel, entraide, soutien et références. Centre de jour. Travaux compensatoires. Dons de vêtemen...",418 821-0806,andre3812frat@videotron.ca,www.fraternitesaintalphonse.com,le Québec,hommes de 18 ans et plus en difficulté,provincial,soutien_vulnerabilite,logement,non
rehabex - campbell's bay,"1290, route 148 Campbell's Bay Outaouais QC J0X 1K0","Services personnalisés aux personnes judiciarisées dans leurs démarches de réinsertion sociale, pour trouver un emploi, retourner aux études et faire une demande de pardon. Orientation professionnelle...",1 844 664-8757,informations@rehabex.ca,rehabex.ca/fr,le Québec,"personnes judiciarisées, avec ou sans casier judiciaire, de plus de 18 ans sauf exception",provincial,soutien_vulnerabilite,emploi,non
mission dayforce,"4110, rue Yonge North York Toronto ON M2P 2B7","Soutien financier aux familles. Aide financière pour les besoins primaires: nourriture, vêtements, articles ménagers. Aide financière pour l'achat d'appareils médicaux, l'adaptation de domiciles, les ...",1 866 313-2827,ceridiancarescan@ceridian.com,www.dayforcecares.com/cf,le Québec,personnes de 18 ans et plus et familles à revenu faible ou modéré qui ont la citoyenneté canadienne ou ont le statut de résident permanent,provincial,soutien_vulnerabilite,developpement_enfants_familles,non
escale pour elle (montréal) (l'),Montréal QC,"Maison d'hébergement. Écoute téléphonique, information et référence. Intervention en violence conjugale. Défense de droits. Accompagnement dans les démarches. Intervention auprès des enfants, aide dan...",514 493-4004,escalem@videotron.ca,www.lescalepourelle.ca,Grand Montréal,"femmes victimes de violence conjugale, leurs enfants",grand_montreal,soutien_vulnerabilite,defense_droits,non
association d'entraide le chaînon - logements de transition - unité court terme,Montréal QC,"Hébergement jusqu'à 8 semaines. Écoute, soutien professionnel et accompagnement dans les démarches de réorganisation.",514 845-0151,secretariat@lechainon.org,lechainon.org,Grand Montréal,femmes en difficulté de 18 ans et plus,grand_montreal,soutien_vulnerabilite,logement,non
maison l'océane,Montréal QC,Maison d'hébergement de 2e étape pour femmes victimes de violence conjugale et leurs enfants.,514 524-5776,info@maisonloceane.org,www.maisonloceane.org,île de Montréal,femmes victimes de violence conjugale avec enfant(s),montreal,soutien_vulnerabilite,developpement_enfants_familles,non
refuge pour les femmes de l'ouest de l'île - alternat'elle,Montréal QC,"Maison de deuxième étape pour femmes victimes de violence conjugale et leurs enfants. Logements subventionnés avec ateliers de vie communautaire, suivi psychosocial individuel et de groupe. Séjo",514 620-4845,info@rfoi.org,wiws.ca/our-apartments-alternatelle/?lang=fr,île de Montréal et les environs,femmes et enfants victimes de violence conjugale qui ont été hébergés dans l'une des maisons d'hébergement du Canada pour un minimum d'un mois,montreal,soutien_vulnerabilite,logement,non
association québécoise pour le droit de mourir dans la dignité,Montérégie QC,"Milite pour le droit à mourir dans la dignité et informe sur les différents soins de fin de vie, de l'aide médicale à mourir aux soins palliatifs. Information et documentation sur les direct",514 341-4017,info@aqdmd.org,aqdmd.org,le Québec,personnes de 18 ans et plus,provincial,defense_droits,sante,non
fondation marthe laverdière,Armagh Chaudière-Appalaches QC,"Soutien aux familles ayant un enfant vivant avec un handicap. Aide financière pour les frais de répit, des thérapie (ergothérapeutes, physiothérapeutes, etc.) et l'acquisition d'aides techniques.",,fondationmarthelaverdiere@hotmail.com,www.fondationmarthelaverdiere.com,le Québec,"enfants de 0 à 17 ans vivant avec un handicap, leurs familles",provincial,sante,developpement_enfants_familles,non
enfant-adulte de famille dysfonctionnelle ou alcoolique - montréal,Montréal Montréal QC,Groupe de soutien pour adultes ayant vécu dans une famille dysfonctionnelle ou alcoolique. Programme de 12 étapes. Liste des réunions: eada.qc.ca/reunions,514 990-0901,info@eada.qc.ca,eada.qc.ca,le Québec,adultes ayant vécu dans une famille dysfonctionnelle ou alcoolique,provincial,soutien_vulnerabilite,sante,non
toît en ville (un) - phase 1,Montréal QC,Logements sociaux subventionnés avec soutien communautaire. Activités. Souper communautaire une fois par mois.,514 527-6668,info@fohm.org,,île de Montréal,personnes seules et autonomes vivant avec un revenu de 32 500$ et moins,montreal,logement,developpement_communautaire,non
refuge pour les femmes de l'ouest de l'île,Montréal QC,Maison d'hébergement pour femmes et enfants victimes de violence conjugale. Accueil et suivi posthébergement. Écoute téléphonique. Consultation externe. Accompagnement dans les démarches juridiques et...,514 620-4845 poste 221,info@rfoi.org,rfoi.org,île de Montréal et les environs,"femmes et enfants victimes de violence conjugale, leurs proches, professionnels",montreal,soutien_vulnerabilite,defense_droits,non
diogène suivi communautaire,Ville-Marie Montréal QC,"Accompagnement dans les démarches médicales, financières et de logement, recherche de papiers d'identité et autres. Service de fiducie. Information, orientation et accompagnement à la cour municipale ...",514 874-1214,info@diogeneqc.org,www.diogeneqc.org,Grand Montréal,adultes vivant avec des problèmes de santé mentale associés à des difficultés judiciaires ou d'itinérance,grand_montreal,sante,soutien_vulnerabilite,non
clinique d'intervention psychosociale et counseling aop,Côte-Saint-Luc Montréal QC,"Consultation: dépression, anxiété, estime de soi, deuil, isolement, dépendance (alcool, drogues, Internet, jeu), gestion de la colère, stress post-traumatique, trouble de l'attention avec hyperact",514 731-8000,addictionoutreach@hotmail.com,addictionoutreach.ca,le Québec,personnes de 15 ans et plus en difficulté,provincial,sante,soutien_vulnerabilite,non
interligne,Ville-Marie Montréal QC,"Aide à la communauté LGBTQ et aux personnes s'intéressant aux questions relatives à l'orientation sexuelle et aux questions de genre. Écoute téléphonique. Aide par clavardage, messagerie texte et par ...",514 866-0103,aide@interligne.co,interligne.co,le Québec,"personnes gaies, lesbiennes, bisexuelles, trans et en questionnement, personnes qui s'intéressent aux questions relatives à l'orientation sexuelle et à l'identité de genre",provincial,soutien_vulnerabilite,defense_droits,non
logi-p.a.l.,Montréal QC,Logements sociaux offrant un suivi au besoin.,514 761-1351,cap@projetpal.com,www.projetpal.com/fr,île de Montréal,personnes vivant avec un défi de santé mentale,montreal,logement,sante,non
regard en elle,Lanaudière QC,"Maison d'hébergement de première étape pour femmes victimes de violences. Intervention, consultation. Accompagnement dans les démarches de tout ordre. Écoute téléphonique 24/7. Groupes d'entraide. Inf...",1 888 582-6005,servicesaide@regardenelle.org,regardenelle.org,le Québec,"femmes ayant vécu ou vivant de la violence, avec ou sans enfants",provincial,soutien_vulnerabilite,logement,non
écoute entraide,Montréal QC,Écoute active et référence par téléphone. Groupes d'entraide.,1 855 365-4463,direction@ecoute-entraide.org,www.ecoute-entraide.org,le Québec,toute personne qui traverse une période difficile et qui ressent le besoin de partager sa souffrance,provincial,soutien_vulnerabilite,,non
immigrand,Lachine Montréal QC,Valorisation de l'apport des immigrants. Conférences. Ateliers d'informatique. Accueil et encadrement des nouveaux arrivants. Réseautage. Entrepreneuriat des minorites racisées.,438 932-1081,info@immigrand.org,immigrand.org,Île de Montréal,nouveaux arrivants et immigrants établis,montreal,autres_missions_sociales,emploi,non
maison flora tristan,Montréal QC,"Maison d'aide et d'hébergement pour femmes victimes de violence conjugale. Hébergement d'urgence. Écoute, soutien et référence. Interventions individuelles et collectives. Suivi post-hébergement. Serv...",514 939-3463 poste 1,aide@maisonfloratristan.com,maisonfloratristan.com,île de Montréal,femmes victimes de violence conjugale avec ou sans enfant issues de toutes les communautés culturelles,montreal,soutien_vulnerabilite,logement,non
conseil des femmes de montréal,Le Sud-Ouest Montréal QC,"Aide à l'accomplissement de tout travail d'intérêt commun dans les domaines du statut de la femme, du bien-être social, de la santé publique et de l'éducation. Réseau comprenant plus de 40 organismes ...",,mcwinformation@gmail.com,montrealcouncilofwomen.ca,île de Montréal,"femmes, familles, enfants",montreal,defense_droits,developpement_enfants_familles,non
communauté thérapeutique la chrysalide,Le Plateau-Mont-Royal Montréal QC,Hébergement en foyer de groupe pour adultes vivant avec un trouble lié à la psychose. Milieu de vie expérimental et lieu de traitement psychosocial et psychanalytique. Soutien thérapeutique. Présence ...,514 378-3552,coordo.ctlc@gmail.com,www.ctlachrysalide.org,île de Montréal,adultes de 18 ans et plus vivant avec un trouble lié à la psychose et ayant un suivi à l'externe en psychiatrie,montreal,sante,soutien_vulnerabilite,non
sexoliques anonymes (les),Beloeil Montérégie QC,Réseau de groupes d'entraide hebdomadaires. Programme de rétablissement pour les personnes qui désirent arrêter leurs pensées et comportements sexuels autodestructeurs. Information téléphonique pour l...,514 254-8181,info@sa-quebec.org,www.sa-quebec.org,Grand Montréal,"personnes de 18 ans et plus, souffrant de dépendance sexuelle, d'obsession sexuelle ou de dépendance à la pornographie",grand_montreal,soutien_vulnerabilite,sante,non
maison l'issue,Montréal QC,Hébergement au stade de la remise en liberté provisoire pour auteurs de violence conjugale.,514 270-6633,info@transitioncentresud.ca,transitioncentresud.ca/maison-l-issue,île de Montréal,"hommes de 18 ans et plus référés par les services correctionnels du Québec ou du Canada, ou par la Commission québécoise des libérations conditionnelles",montreal,soutien_vulnerabilite,logement,non
humain avant tout,Montréal Montréal QC,Diffusion de contenu éducatif et de témoignages sur la santé mentale. Sensibilisation du public.,,contact@humainavanttout.com,www.humainavanttout.com,le Québec,,provincial,sante,education_formation,non
commission des services juridiques,Ville-Marie Montréal QC,S'assure que l'aide juridique soit fournie aux personnes financièrement admissibles par l'entremise de leurs centres régionaux.,514 873-3562,info@csj.qc.ca,www.csj.qc.ca/commission-des-services-juridiques,le Québec,personnes financièrement admissibles,provincial,defense_droits,,non
autisme sans limites,Le Sud-Ouest Montréal QC,"Programmes Les Clubs: activités récréatives et sociales pour briser l'isolement. Programmes Le Bien-Être: activités sportives, aide à la prise en charge de la santé physique et mentale. Programmes Pro...",514 966-5685,info@autismesanslimites.org,autismesanslimites.org,Grand Montréal,personnes de 18 à 35 ans autistes de haut niveau de fonctionnement cognitif et social,grand_montreal,sante,sports_loisirs_tourisme,oui
regroupement québécois des centres d'aide et de lutte contre les agressions à caractère sexuel,Montréal QC,Regroupement des CALACS. Réseau d'échange pour travailleuses et personnes militantes. Formation et information. Mobilisation et sensibilisation à la violence,1 877 717-5252,info@rqcalacs.qc.ca,rqcalacs.qc.ca,le Québec,femmes,provincial,soutien_vulnerabilite,defense_droits,non
maison de lina,Laval Nord-du-Québec QC,"Maison d'aide et d'hébergement. Ligne téléphonique 24 heures: écoute, information et accompagnement. Sensibilisation et prévention. Groupes de soutien avec ou sans hébergement. Rencontres individuelle...",450 962-8085,info@maisondelina.org,maisondelina.org,"hébergement: le Québec, suivi externe: laval, MRC Thérèse de Blainville, MRC Deux-Montragne","hébergement: femmes 18 ans et plus et enfants victimes de violence conjugale, services externes: femmes de tous âges victimes de violence conjugale",provincial,soutien_vulnerabilite,logement,non
association des centres d'écoute téléphonique du québec (l'),Capitale-Nationale QC,Regroupement et soutien des centres d'écoute téléphonique anonymes et confidentiels. Promotion. Représentation. Liste des centres d'écoute: www.lignedecoute.ca/centres-decoute-telephonique-par,418 928-9004,administration@lignedecoute.ca,www.lignedecoute.ca,le Québec,"centres d'écoute téléphonique, personnes vivant une période difficile",provincial,soutien_vulnerabilite,sante,non
maison grise de montréal (la),Montréal QC,Maison d'hébergement de 1ière étape et 2e étape et services externes. Maison d'hébergement de 1ière étape pour femmes vivant une problématique sociale: durée de 6 à 24 mois. Maison d'hébergement de 2e...,514 722-0009,info@lamaisongrise.org,lamaisongrise.org,Grand Montréal,"services externes: femmes de 18 ans et plus, avec ou sans enfants victimes de violence vivant de multiples problématiques sociales, hébergement de 1ère étape: femmes de 18 ans et plus, avec ou sans enfants (max 1 enfant de 2 ans et moins à l'admission) victimes de violence, hébergement de 2e étape: femmes de 18 ans et plus victimes de violence conjugale, avec ou sans enfants (max 2 enfants de 8 ans et moins à l'admission), formations: professionnel·le·s",grand_montreal,soutien_vulnerabilite,logement,non
en marge 12-17,Ville-Marie Montréal QC,"Accueil et hébergement pour les jeunes en difficultés. Écoute et réconfort. Travail de rue incluant prévention, éducation, référence et défense des droits. Hébergement d'urgence et à court terme. Acti...",514 849-7117,hebergement@enmarge1217.ca,www.enmarge1217.ca,île de Montréal,"jeunes en difficulté de 12 à 17 ans, leur famille, professionnel·le·s du milieu, logement social: jeunes de 16 à 22 ans ayant déjà utilisé un autre service de l'organisme",montreal,soutien_vulnerabilite,developpement_enfants_familles,non
exponenti'elles,Ville-Marie Montréal QC,"Programme intensif d'aide au développement de carrière et d'entreprise d'une durée d'un an pour établir un chemin hors de la pauvreté. Accompagnement professionnel, développement des compétences, atel...",438 299-4520,contact@upwithwomen.org,exponentielles.ca,le Québec,femmes et personnes issues de la diversité de genre de 18 ans et plus en situation précaire,provincial,emploi,soutien_vulnerabilite,non
maison d'hébergement anjou,Montréal QC,"Maison pour femmes victimes de violence conjugale. Hébergement. Soutien et information, écoute active et relation d'aide. Ressources pour les professionnels du milieu. Sensibilisation et éducation à l...",514 543-6007,direction@mhanjou.ca,mhanjou.ca,Grand Montréal,femmes et enfants victimes de violence conjugale,grand_montreal,soutien_vulnerabilite,defense_droits,non
centre d'aide aux victimes d'actes criminels de montréal - centre de l'île,Montréal QC,Services confidentiels de première ligne adaptés à chacune des étapes du processus judiciaire. Évaluation des besoins. Intervention post-traumatique et psychojudiciaire. Informa,1 866 532-2822,communication@cavacmontreal.qc.ca,cavac.qc.ca,île de Montréal,"personnes victimes d'un acte criminel, leurs proches, témoins d'un crime, peu importe la gravité, la nature et le moment du crime commis, que l'auteur·rice du crime soit ou non identifié·e, arrêté·e, poursuivi·e ou reconnu·e coupable",montreal,soutien_vulnerabilite,defense_droits,non
hybridé (l'),Montréal QC,Organisme à but non lucratif par et pour les personnes adoptées à l'international au Québec. Groupe d'entraide. Retour aux origines: ateliers de groupe pour échanger sur le processus de retour aux pay...,438 389-5465,info@lhybride.com,www.lhybride.com,le Québec,adultes ayant été adopté de l'international au Québec,provincial,soutien_vulnerabilite,developpement_communautaire,non
déphy montréal,Villeray—Saint-Michel—Parc-Extension Montréal QC,Regroupement des organismes de défense des droits des personnes vivant avec un handicap. Concertation. Réseautage. Action communautaire. Représentation.,514 255-4888,info@dephy-mtl.org,dephy-mtl.org,île de Montréal,organismes de défense des droits des personnes vivant avec une déficience physique ou sensorielle,montreal,defense_droits,sante,non
réseau habitation femmes - maison ontario,Ville-Marie Montréal QC,"Logements sociaux permanents pour femmes avec soutien communautaire. Meubles fournis: lit, frigidaire, poêle, tables, chaises et meubles de rangement.",514 875-9529,info@reseauhabitationfemmes.org,www.reseauhabitationfemmes.org,Grand Montréal,"femmes de 18 ans et plus seules, autonomes, mais à risque d'itinérance ou en difficulté, avec un revenu inférieur à 33 500$",grand_montreal,logement,soutien_vulnerabilite,non
mitan (le) - hébergement pour femmes,Laurentides QC,Hébergement et accompagnement psychosocial. Écoute téléphonique. Consultation individuelle et relation d'aide ponctuelle. Sensibilisation et prévention en violence conjugale. Groupe externe de sensibi...,450 435-3651,adjointeadministrative@lemitan.org,www.lemitan.org,le Québec,femmes victimes de violence conjugale avec ou sans enfants,provincial,soutien_vulnerabilite,logement,non
programme parent-aise,Mercier—Hochelaga-Maisonneuve Montréal QC,Programme d'accompagnement dans le processus de réintégration familiale des hommes contrevenants ayant un problème de délinquance sexuelle. Sensibilisation des membres de l'entourage.,514 257-9494 poste 227,parent-aise@maison-charlemagne.org,maison-charlemagne.org,Grand Montréal,hommes contrevenants ayant un problème de délinquance sexuelle et bénéficiant d'une libération sous conditions ou d'une ordonnance de surveillance longue durée,grand_montreal,soutien_vulnerabilite,sante,non
sos violence conjugale,Montréal QC,"Accueil, évaluation, information, sensibilisation, soutien et référence bilingues, anonymes et confidentiels. Services disponibles par téléphone, courriel, clavardage, texto ou ATS pour personnes sour...",1 800 363-9010,sos@sosviolenceconjugale.ca,sosviolenceconjugale.ca/fr,le Québec,"personnes victimes de violence conjugale, leurs proches, personnes auteures de violence, intervenant·e·s, personnes concernées par cette problématique",provincial,soutien_vulnerabilite,defense_droits,non
accueil bonneau - maison eugénie-bernier,Montréal QC,Hébergement à durée indéterminée.,514 845-3906 poste 0-245,soutien.hebergement@accueilbonneau.com,www.accueilbonneau.com,île de Montréal,hommes de 25 ans et plus ayant vécu une situation d'itinérance ou à risque d'en vivre une,montreal,soutien_vulnerabilite,logement,non
passages - logements sociaux permanents,Montréal QC,Appartements à prix abordable pour des femmes vivant de la discrimination ou ayant de la difficulté à vivre une stabilité résidentielle. Soutien communautaire favorisant le maintien en logement.,514 256-6952,direction@passagesmtl.org,www.passagesmtl.org,île de Montréal,personnes en difficulté de 18 à 30 ans s'identifiant comme femmes,montreal,logement,soutien_vulnerabilite,non
regroupement des maisons pour femmes victimes de violence conjugale,Montréal QC,"Développement de stratégies de sensibilisation pour la population, les intervenant·e·s sociaux·ales et du système judiciaire ainsi que les instances gouvernementales afin de mieux comp",514 878-9134,info@maisons-femmes.qc.ca,maisons-femmes.qc.ca,le Québec,"population générale, personnes intervenantes, gouvernement, membres: maisons d'aide et d'hébergement",provincial,soutien_vulnerabilite,defense_droits,non
passages,Montréal QC,"Hébergement dépannage: durée de 1 à 3 jours. Hébergement à court terme: durée jusqu'à 1 mois, avec repas et rencontres ponctuelles individuelles sur demande. Unités de logements sociaux permanents. Su...",514 875-8119,direction@passagesmtl.org,www.passagesmtl.org,île de Montréal,femmes de 18 à 30 ans en difficulté,montreal,soutien_vulnerabilite,logement,non
ymca libère ta tête,Montréal Montréal QC,Programme de 7 semaines conçu pour aider à gérer le stress et l'anxiété. Réunions de groupe hebdomadaires animées par des professionnel·le·s de la santé mentale.,438 937-5456,roberto.mormina@ymcaquebec.org,www.ymcaquebec.org/fr/YMCAliberetatete,île de Montréal,jeunes de 13 à 17 ans et jeunes adultes de 18 à 30 ans ressentant ou présentant des signes et des symptômes d'anxiété légère à moyenne,montreal,sante,developpement_enfants_familles,non
foyer pour femmes autochtones de montréal,Montréal Montréal QC,Hébergement jusqu'à 3 mois. Repas. Vêtements. Soutien juridique. Accompagnement et référence. Consultation individuelle. Ateliers et activités de groupe. Cérémonies et ateliers culturellement pertinen...,1 866 403-4688,nakuset@nwsm.info,ffamfr.squarespace.com,le Québec,"femmes autochtones, avec ou sans enfants",provincial,soutien_vulnerabilite,developpement_enfants_familles,non
réseau habitation femmes,Ville-Marie Montréal QC,Logements sociaux permanents pour femmes avec soutien communautaire. Distribution de matériel d'injection neuf aux personnes qui consomment des drogues (service gratuit).,514 875-9529,info@reseauhabitationfemmes.org,www.reseauhabitationfemmes.org,Grand Montréal,"femmes de 18 ans et plus seules, autonomes, mais à risque d'itinérance ou en difficulté, avec un revenu inférieur à 33 500$",grand_montreal,logement,sante,non
sidalys - habitations jean-pierre valiquette (les),Ville-Marie Montréal QC,Logements sociaux avec encadrement ponctuel. Durée illimitée. Rencontres collectives et animation de la vie communautaire. Aide dans la gestion de conflits.,514 842-4439,hjpv@sidalys.org,sidalys.org,île de Montréal,"personnes de 18 ans et plus vivant avec une infection transmise sexuellement ou par le sang, priorité aux personnes vivant avec le VIH",montreal,logement,sante,non
assistance aux femmes de montréal,Montréal QC,Maison d'hébergement pour femmes victimes de violence conjugale. Hébergement de trois à cinq semaines. Intervention et suivi. Consultation téléphonique et accompagnement. Intervention auprès des enfan...,1 800 865-8291,information@assistanceauxfemmes.ca,assistanceauxfemmes.ca,le Québec,femmes avec enfants victimes de violence conjugale,provincial,soutien_vulnerabilite,developpement_enfants_familles,non
sous le toit de p.a.l.,Montréal QC,Hébergement permanent avec soutien communautaire pour personnes vivant avec des problèmes de santé mentale. Approche alternative d'intervention visant à augmenter l'autonomie.,514 508-1873,sltdepal@gmail.com,www.projetpal.com/fr,île de Montréal,adultes vivant avec des problèmes de santé mentale,montreal,sante,logement,non
coalition des associations de consommateurs du québec,Ville-Marie Montréal QC,"Regroupement d'associations de consommateur·rice·s dont la mission vise la défense collective des droits et des intérêts des citoyen·ne·s consommateur·rice·s et de contribuer aux changements sociaux,",1 877 962-2227,info@cacq.ca,defensedesconsommateurs.org,le Québec,"associations de consommateur·ice·s, public en général",provincial,defense_droits,,non
degama - emplois en régions,Pierreville Centre-du-Québec QC,Accompagnement personnalisé pour l'intégration en région et la recherche d'emploi au Québec. Évaluation des besoins professionnels. Identification de l'objectif professionnel. Adaptation du CV et de l...,,nath@degama.ca,www.degama.ca,le Québec,personnes immigrantes,provincial,emploi,autres_missions_sociales,non
mission old brewery - résidence bash shetty,Montréal QC,Hébergement pour hommes sans-abri. Studios meublés. Salon et cuisines communautaires. Équipe de soutien en logement.,514 866-6591 poste 0,info@missionoldbrewery.ca,www.missionoldbrewery.ca/fr,Grand Montréal,hommes en situation d'itinérance,grand_montreal,soutien_vulnerabilite,logement,non
maison du réconfort,Montréal QC,Hébergement. Intervention individuelle et de groupe. Soutien et accompagnement. Écoute téléphonique. Information et référence. Prévention. Groupe de reprise de pouvoir. Suivi post-hébergement. Suivi e...,514 768-8648,intervenante@maisondureconfort.com,maisondureconfort.com,île de Montréal,femmes et enfants victimes de violence conjugale,montreal,soutien_vulnerabilite,developpement_enfants_familles,non
logis rose virginie,Rosemont—La Petite-Patrie Montréal QC,"Logement de transition subventionné, avec suivi et accompagnement allant jusqu'à 3 ans. Évaluation, orientation et références. Plan d'intervention, encadrement et suivi psychosocial adapté. Approche b...",514 374-5818 poste 105,info@logisrosevirginie.org,logisrosevirginie.org,Grand Montréal,"femmes seules, autonomes, âgées entre 18 et 52 ans, en difficulté, à faible revenu, itinérantes ou à risque de l'être, étant aux prises avec des problèmes complexes, souvent interreliés, ayant des impacts récurrents sur plusieurs aspects de leur vie (précarité économique, dépendances, problèmatiques liées à la santé mentale, violence, problèmes relationnels ou familiaux)",grand_montreal,soutien_vulnerabilite,logement,non
communauté thérapeutique la chrysalide - appartements supervisés,Le Plateau-Mont-Royal Montréal QC,Appartements supervisés pour adultes vivant avec un trouble lié à la psychose.,514 378-3552,coordo.ctlc@gmail.com,www.ctlachrysalide.org,île de Montréal,adultes de 18 ans et plus vivant avec un trouble lié à la psychose et ayant un suivi à l'externe en psychiatrie,montreal,sante,logement,non
entraide bois-de-boulogne,Ahuntsic-Cartierville Montréal QC,Accueil et soutien aux familles des nouveaux et anciens immigrants du Moyen-Orient. Aide aux devoirs. Visites et assistance aux personnes aînées. Cafés-rencontres. Conférences. Activités communautaire...,514 332-4222,info@entraideboisdeboulogne.ca,entraideboisdeboulogne.org,"île de Montréal, rives nord, sud et ouest",personnes immigrantes du Moyen-Orient,montreal,autres_missions_sociales,developpement_communautaire,non
immigrant québec,Le Plateau-Mont-Royal Montréal QC,"Média d'information pour personnes nouvellement arrivées. Collection de guides annuels diffusés en version papier et téléchargeables gratuitement: Immigrer au Québec, Travailler au Québec, Étudier au ...",514 279-4342,contact@immigrantquebec.com,immigrantquebec.com,le Québec,"candidat·e·s à l'immigration, personnes nouvellement arrivées",provincial,arts_culture_medias,autres_missions_sociales,oui
association d'entraide le chaînon - logements de transition,Montréal QC,Logements de transition pour femmes. Séjour pouvant aller jusqu'à 12 mois. Accompagnement. Repas inclus.,514 845-0151,secretariat@lechainon.org,lechainon.org,Grand Montréal,femmes en difficulté de 18 ans et plus,grand_montreal,soutien_vulnerabilite,logement,non
maison oxygène montréal - second souffle,Montréal QC,Logements de transition de deuxième étape pour pères avec enfants ayant déjà séjourné à la Maison Oxygène.,514 655-6625,oxygene@maisonoxygene.com,carrefourfamilial.com/maison-oxygene-montreal,Grand Montréal,pères avec enfants ayant déjà séjourné à la Maison Oxygène,grand_montreal,soutien_vulnerabilite,logement,non
maison secours aux femmes de montréal,Montréal QC,"Soutien aux femmes victimes de violence conjugale. Hébergement. Référence et information. Écoute, consultation téléphonique et externe. Suivi posthébergement, accompagnement. Interprétariat. Sensibili...",514 593-6353,maisonsecours@videotron.ca,,île de Montréal et les environs,femmes victimes de violence conjugale avec ou sans enfants jusqu'à 17 ans,montreal,soutien_vulnerabilite,logement,non
toît en ville (un) - phase 3,Ville-Marie Montréal QC,Logements sociaux subventionnés avec soutien communautaire. Activités. Souper communautaire une fois par mois.,514 527-6668,info@fohm.org,,île de Montréal,personnes seules et autonomes vivant avec un revenu de 32 500$ et moins,montreal,logement,developpement_communautaire,non
maisons de l'ancre (les),Villeray—Saint-Michel—Parc-Extension Montréal QC,"Hébergement de transition en foyer de groupe. Accueil et hébergement à moyen terme de 6 mois à 2 ans. Relation d'aide, accompagnement et suivi individuel et de groupe. Intervention psychosociale. Suiv...",514 374-5573,intervenantefoyer@lesmaisonsdelancre.org,www.lesmaisonsdelancre.org,île de Montréal,"femmes seules en difficulté, victimes de violence, à risque d'itinérance ou en situation d'itinérance ou avec une dépendance",montreal,soutien_vulnerabilite,logement,non
toît en ville (un) - phase 2,Ville-Marie Montréal QC,Logements sociaux subventionnés avec soutien communautaire. Activités. Souper communautaire une fois par mois.,514 526-5606,info@fohm.org,,île de Montréal,personnes seules et autonomes vivant avec un revenu de 32 500$ et moins,montreal,logement,developpement_communautaire,non
conseil québécois lgbt,Ville-Marie Montréal QC,"Concertation et représentation auprès des instances décisionnelles. Défense des droits et libertés. Militantisme, sensibilisation et formation. Répertoire des activités de formation et de sensibilisat...",514 759-6844,info@conseil-lgbt.ca,conseil-lgbt.ca,le Québec,"personnes et organisations lesbiennes, gaies, bisexuelles, trans, personnes victimes d'homophobie, de discriminations liées à l'orientation sexuelle ou l'identité de genre",provincial,defense_droits,,non
toît en ville (un) - phase 5,Ville-Marie Montréal QC,Logements sociaux subventionnés avec soutien communautaire. Activités. Souper communautaire une fois par mois.,514 527-6668,info@fohm.org,,île de Montréal,personnes seules et autonomes vivant avec un revenu de 40 000$ et moins,montreal,logement,developpement_communautaire,non
nouvelle-étape,Montréal Montréal QC,"Maison d'hébergement de deuxième étape pour femmes vivant en contexte de violence conjugale et leurs enfants. Services pour les résidentes: suivis individuels, groupe d'entraide, service post-hébergem...",438 380-3834,info@nouvelle-etape.org,nouvelle-etape.org,le Québec,femmes victimes ou ayant été victimes de violence conjugale postséparation avec ou sans enfants,provincial,soutien_vulnerabilite,logement,non
onroule.org,Ville-Marie Montréal QC,"Répertoire web des lieux publics et commerces accessibles, de logements accessibles, adaptables et adaptés, d'organismes accessibles et de ressources liées à l'accessibilité.",438 476-7012,info@onroule.org,onroule.org,Province de Québec,"personnes à mobilité réduite, jeunes familles, personnes aînées, personnes ayant des limitations fonctionnelles, personnes vivant en situation de handicap",provincial,soutien_vulnerabilite,developpement_communautaire,non
centre des femmes interculturel claire,Montréal-Nord Montréal QC,Services aux femmes cheffes de famille monoparentale ou issues de l'immigration. Alphabétisation et francisation. Intégration socio-professionnelle. Halte-garderie. Activités parent-enfants de 0 à 5 a...,514 325-9116,cflic@hotmail.ca,,"île de Montréal, prioritairement Montréal-Nord","femmes immigrantes ou monoparentales, familles, jeunes filles ou autres femmes dans le besoin, halte-garderie: familles participant aux activités et services du Centre",local,soutien_vulnerabilite,education_formation,non
avenue hébergement communautaire (l') - petites avenues,Mercier—Hochelaga-Maisonneuve Montréal QC,Logements transitoires en colocation.,514 254-2244,maison@lavenuehc.org,www.lavenuehc.org/fr,Grand Montréal,"personnes de 18 à 30 ans vivant avec des problèmes d'intégration, ayant un revenu égale ou supérieur à l'aide sociale et ayant une occupation (travail, étude, bénévolat) de 20 heures et plus pendant au moins un mois avant d'appliquer",grand_montreal,logement,soutien_vulnerabilite,non
armée du salut - abri d'espoir (l') - logements de transition,Montréal Montréal QC,"Logements de transition pour femmes. Hébergement à court, moyen et long terme: jusqu'à 24 mois avec repas fournis. Intervention psychosociale individuelle avec suivi. Salles communes, buander",514 934-5615,abriespoir.info@salvationarmy.ca,salvationarmy.ca/fr,Grand Montréal,femmes autonomes de 18 ans et plus en situation de vulnérabilité,grand_montreal,soutien_vulnerabilite,logement,non
avenue hébergement communautaire (l') - pignons sur rue,Montréal QC,Logements sociaux.,514 254-2244,maison@lavenuehc.org,www.lavenuehc.org/fr,Grand Montréal,hommes et femmes de 18 à 29 ans ayant des problèmes d'intégration,grand_montreal,logement,soutien_vulnerabilite,non
bouée régionale (la),Estrie QC,"Aide pour femmes victimes de violence. Information et références. Consultation individuelle avec ou sans hébergement. Hébergement: durée de trois mois, suivi posthébergement. Intervention avec accompa...",819 583-1233,info@labouee.com,labouee.com,le Québec,femmes victimes de violence,provincial,soutien_vulnerabilite,,non
camp carowanis,Montréal Montréal QC,Camp de vacances pour enfants vivant avec le diabète. Programme récréatif complet sous surveillance médicale. Enseignement sur les principes du contrôle du diabète. Fin de semaine familiale pour famil...,1 866 801-2401,info@campcarowanis.ca,diabete-enfants.ca,le Québec,"jeunes vivant avec le diabète de 16 ans et moins, leur famille",provincial,sante,sports_loisirs_tourisme,oui
mission bon accueil - logements de transition pour hommes,Montréal QC,Logements de transition pour hommes. Séjour pouvant aller jusqu'à trois ans.,514 935-6396,info@missionba.com,missionbonaccueil.com,Grand Montréal,hommes sans-abri ou dans le besoin de 18 ans et plus,grand_montreal,logement,soutien_vulnerabilite,non
mission old brewery - équipe mobile obm,Montréal QC,"Soutien aux équipes locales pour rendre accessible, directement dans l'espace public, les services disponibles aux personnes vulnérables. Demande et renouvellement de carte RAMQ. Impôts. Clinique juri...",438 860-3263,info@missionoldbrewery.ca,www.missionoldbrewery.ca/fr,île de Montréal,"personnes vulnérables, personnes en situation d'itinérance",montreal,soutien_vulnerabilite,defense_droits,non
altergo association,Le Sud-Ouest Montréal QC,"Organisme visant à faciliter un accès universel aux loisirs, à la culture et au sport. Formation de sensibilisation pour outiller les individus et les entreprises à l'accueil des personnes vivant avec...",514 933-2739,info@altergo.ca,www.altergo.ca,île de Montréal,organismes ou services de loisirs pour personnes vivant avec une limitation fonctionnelle,montreal,sports_loisirs_tourisme,sante,oui
maison lapierre,Ahuntsic-Cartierville Montréal QC,"Hébergement pour personnes demandeuses d'asiles. Durée allant jusqu'à 6 mois. Chambres meublées avec commodités. Salles de bain, cuisines et espaces communs. Accompagnement dans les démarches d'intégr...",514 387-4477,info@migrantmontreal.org,migrantmontreal.org,Grand Montréal,"personnes de 18 ans et plus autonomes dans le besoin, sans enfants, priorité donnée aux personnes demandeuses d'asiles",grand_montreal,soutien_vulnerabilite,logement,non
fédération des maisons d'hébergement pour femmes,Rosemont—La Petite-Patrie Montréal QC,Lieu d'échange et de formation pour les maisons membres. Promotion et sensibilisation. Défense des droits des femmes violentées et de leurs enfants. Représentation des maisons d'hébergement membres.,514 878-9757,info@fmhf.ca,fmhf.ca,le Québec,"maisons, gîtes, refuges et autres services sans but lucratif visant le bien-être ou la réinsertion des femmes vivant de la violence ou des difficultés d'intégration (itinérance, périodes de crise, toxicomanie, santé mentale)",provincial,soutien_vulnerabilite,defense_droits,non
"bouclier d'athéna (le), services familiaux",Montréal Montréal QC,"Intervention, sensibilisation et prévention de la violence conjugale et familiale avec une approche culturellement et linguistiquement adaptée pour les communautés ethnoculturelles. Consultation indiv...",1 877 274-8117,comptabilite@bouclierdathena.com,bouclierdathena.com/fr,Grand Montréal,"femmes victimes de violence conjugale et familiale, leurs enfants, particulièrement les personnes des communautés culturelles",grand_montreal,soutien_vulnerabilite,developpement_enfants_familles,non
centre culturel syrien (le),Saint-Laurent Montréal QC,"Aide aux personnes syriennes. Évènements-bénéfice: concerts, soirées, etc. Collaboration avec les organismes de bienfaisance: soutien financier aux organismes canadiens qui oeuvrent en Syrie et soutie...",,info@centreculturelsyrien.org,www.centreculturelsyrien.org/fr,Canada,"personnes réfugiées et immigrantes syriennes, organismes canadiens travaillant sur des projets humanitaires en Syrie",provincial,autres_missions_sociales,arts_culture_medias,oui
maison charlemagne,Montréal QC,"Centre résidentiel communautaire de juridiction provinciale. Soutien et encadrement via un programme de réinsertion sociale lors des périodes de permission de sortir, de libération conditionnelle, de ...",514 253-1926,info@maison-charlemagne.org,maison-charlemagne.org,île de Montréal,"hommes adultes judiciarisés au niveau provincial, bénéficiant d'une mesure de libération ou de suivi en communauté",montreal,soutien_vulnerabilite,defense_droits,non
centre associatif polyvalent d'aide hépatite c,Ville-Marie Montréal QC,"Ligne téléphonique d'écoute et d'information sur le VIH, l'hépatite B et C et la co-infection. Publication de brochures. Formation, éducation, symposium. Comités de concertation.",1 866 522-0444,info@capahc.org,capahc.com,le Québec,"personnes infectées ou co-infectées par l'hépatite C et le VIH, en situation d'itinérance ou non, personnes affectées par l'hépatite C",provincial,sante,soutien_vulnerabilite,non
info-aide violence sexuelle,Montréal QC,"Service d'écoute confidentiel par téléphone et clavardage pour victimes de violences sexuelles. Écoute, soutien, information et référence vers les ressources d'aide et de protection.",1 888 933-9007,info@cvasm.ca,infoaideviolencesexuelle.ca,le Québec,"personnes de tout âge victimes de violence sexuelle, leurs proches, intervenant·e·s",provincial,soutien_vulnerabilite,sante,non
maison tangente - logements de transition,Mercier—Hochelaga-Maisonneuve Montréal QC,"Logements de transition partagés. Séjour d'une durée maximale de deux ans. Intervention individuelle sur place. Support communautaire visant l'autonomie, l'indépendance (matérielle et économique) et l...",514 252-1837,info@maisontangente.qc.ca,maisontangente.qc.ca,le Québec,"personnes de 18 à 25 ans en situation d'itinérance, en difficulté et ayant déjà résidé à la Maison Tangente",provincial,soutien_vulnerabilite,logement,non
tel-jeunes,Ville-Marie Montréal QC,"Écoute et intervention psychosociale par téléphone, par clavardage, par courriel et par message texte. Forum d'échanges en ligne par et pour les jeunes. Clavardage avec de jeunes étudiant·e·s en relat...",1 800 263-2266,info@teljeunes.com,www.teljeunes.com,le Québec,jeunes de 20 ans et moins,provincial,sante,soutien_vulnerabilite,non
accueil bonneau - maison claire-ménard,Ville-Marie Montréal QC,Hébergement à durée indéterminée.,514 845-3906 poste 0-245,soutien.hebergement@accueilbonneau.com,www.accueilbonneau.com,île de Montréal,hommes de 25 ans et plus ayant vécu une situation d'itinérance ou à risque d'en vivre une,montreal,soutien_vulnerabilite,logement,non
service d'aide aux conjoints,Montréal QC,"Intervention auprès d'hommes dans un contexte de violence conjugale et familiale par des actions de prévention, sensibilisation et d'accompagnement. Information juridique. Rencontres individuelles. Gr...",1 438 828-7121,oscar.heredia@serviceaideconjoints.org,www.serviceaideconjoints.org,Grand Montréal,"hommes de 18 ans et plus vivant des difficultés conjugales (auteurs ou victimes de violence conjugale), sans égard à l'orientation sexuelle",grand_montreal,soutien_vulnerabilite,defense_droits,non
association d'entraide le chaînon - maison ste-marie,Montréal QC,Logements de transition pour femmes. Séjours pouvant aller jusqu'à 5 ans.,514 845-0151,secretariat@lechainon.org,lechainon.org,Grand Montréal,femmes seules,grand_montreal,logement,soutien_vulnerabilite,non
drogue: aide et référence,Montréal QC,"aide et référence : Service confidentiel, bilingue et gratuit d'information, de référence et de soutien sur l'alcoolisme et les toxicomanies. Ligne téléphonique. Clavardage. Orientation vers les servi...",514 527-2626,dar@aidedrogue.ca,www.aidedrogue.ca,le Québec,"personnes toxicomanes, alcooliques, proches, intervenants",provincial,soutien_vulnerabilite,sante,non
parados inc. (le),Montréal QC,Hébergement pour femmes en situation de violence conjugale. Information et référence. Écoute téléphonique. Consultation. Intervention psychosociale et de crise. Soutien dans les démarches. Accompagnem...,514 637-3529,parados@leparados.ca,www.leparados.ca,Grand Montréal,femmes en situation de violence conjugale avec ou sans enfants,grand_montreal,soutien_vulnerabilite,logement,non
société gastro-intestinale,QC,"Groupe d'entraide mensuel. Conférences, sensibilisation. Recherche, information et éducation.",1 855 600-4875,info@mauxdeventre.org,badgut.org/?lang=fr,le Québec,"personnes vivant avec des conditions gastro-intestinales et du foie (cancer colorectal, maladies inflammatoires de l'intestin (Crohn et colite), maladie coliaque, syndrome de l'intestin irritable, hépatite et autres), leurs proches, personnes cliniciennes et chercheuses",provincial,sante,soutien_vulnerabilite,non
association québécoise du lymphoedème,Laval QC,"Sensibilisation, éducation et information. Soutien thérapeutique: écoute, conseil et référence. Groupe d'éducation et d'entraide mensuel, avec présence de spécialistes invités (un mois en français, l'...",1 866 979-2463,aql@infolympho.ca,infolympho.ca,le Québec,"personnes vivant avec un lymphodème ou à risque, leurs proches, professionnel·le·s de la santé",provincial,sante,soutien_vulnerabilite,non
concertation des luttes contre l'exploitation sexuelle,Montréal QC,"Écoute téléphonique, soutien, information et référence. Accompagnement et soutien dans les démarches (santé, juridique, logement). Groupe de soutien pour les femmes impliquées ou ayant un vécu dans",514 750-4535,info@lacles.org,www.lacles.org,le Québec,"femmes avec un vécu dans la prostitution ou l'échange de services sexuels contre de l'argent, des biens, de la drogue ou des faveurs sur une base régulière ou occasionnelle, femmes susceptibles de pratiquer ces activités, leurs proches",provincial,soutien_vulnerabilite,defense_droits,non
toit pour elles (un),Montréal QC,Hébergement temporaire pour un maximum de 3 mois pour les femmes en processus de sortie de l'industrie du sexe. Soutien aux femmes hébergées et mise en place d'un plan d'action avec elles pour l'obten...,514 903-3553,info@untoitpourelles.org,www.untoitpourellesquebec.org,Grand Montréal,"femmes de 18 ans et plus ayant un vécu en lien avec l'industrie du sexe, femmes de 18 ans et plus en processus de sortie de la prostitution",grand_montreal,soutien_vulnerabilite,logement,non
service de messagerie pour arrêter le tabac (smat),QC,"Programme d'encouragement, de conseils, d'informations et de soutien à l'arrêt tabagique. Soutien quotidien via des messages automatisés et interactifs. Messenger: envoi de messages quotidiens pendant...",20202,smat@cancer.ca,www.smat.ca,le Québec,jeunes adultes de 18 à 34 ans et adultes de 35 ans et plus qui souhaitent arrêter de fumer,provincial,sante,soutien_vulnerabilite,non
meurtres et disparitions irrésolus du québec,Montérégie QC,Rassemblement de familles de personnes disparues ou assassinées.? Affichage sur des véhicules ou des babillards électroniques. Développement d'une base de données. Représentation des victimes.,819 200-4628,stephane@meurtresetdisparitions.com,meurtresetdisparitions.com,le Québec,familles de personnes disparues ou assassinées,provincial,soutien_vulnerabilite,defense_droits,non
habitations modulaires - côte-des-neiges-notre-dame-de-grâce,Montréal QC,"Habitations transitoires avec accompagnement. Intervenant·e·s présents 24 heures, 7 jours. Services psychosociaux. Aide à la recherche d'un domicile permanent. Aide à la recherche d'un emploi.",438 823-0301,hma.admission@missionoldbrewery.ca,montreal.ca/articles/habitations-temporaires-pour-sortir-de-litinerance-88908,le Québec,"habitations: personnes itinérantes autonomes de 18 ans et plus qui sont sans enfants et sans enjeux de comportement liés aux dépendances et à la santé mentale, autres services: personnes habitant les habitations transitoires",provincial,soutien_vulnerabilite,logement,non
juripop,Ville-Marie Montréal QC,"Services juridiques à faibles coûts. Avocat·e·s abordables: représentation devant les tribunaux, accompagnement en négociation et médiation, rédaction et révision de documents et conseils juridiques. ...",514 705-1637,info@juripop.org,juripop.org,"le Québec, représentation juridique: Montréal, Laval, Longueuil","personnes à faible revenu n'étant pas admissibles à l'aide juridique, organismes à but non lucratifs",grand_montreal,defense_droits,,non
justice pro bono,Ville-Marie Montréal QC,Promotion de l'accessibilité des services juridiques. Répertoire en ligne des ressources juridiques gratuites ou à faible coût: boussolejuridique.ca,514 904-1076,info@justiceprobono.ca,justiceprobono.ca,le Québec,"personnes, groupes de personnes ou personnes morales qui ne sont pas admissibles à l'aide juridique et qui ne sont pas en mesure de payer les services d'un·e avocat·e ou d'un·e notaire",provincial,defense_droits,,non
mission old brewery - maison des voisines de lanaudière (la),Ville-Marie Montréal QC,Résidence de transition. Accompagnement psychosocial ayant une durée déterminée en fonction du programme.,514 526-6446 poste 521,info@missionoldbrewery.ca,www.missionoldbrewery.ca,Grand Montréal,femmes ayant déjà été accueillies au pavillon Patricia Mackenzie,grand_montreal,soutien_vulnerabilite,logement,non
corporation maison charlemagne,Montréal QC,Services de réinsertion sociale pour hommes judiciarisés. Maison Charlemagne: centre résidentiel communautaire de juridiction provinciale. Résidence Madeleine-Carmel: centre résidentiel communautaire ...,514 257-9494,info@maison-charlemagne.org,maison-charlemagne.org,Grand Montréal,hommes judiciarisés,grand_montreal,soutien_vulnerabilite,defense_droits,non
en marge 12-17 - refuge,Ville-Marie Montréal QC,"Hébergement pour jeunes incluant repas, soutien psychosocial, information et référence. Hébergement d'urgence: 3 nuits suivies d'un accès d'une nuit par semaine. Hébergement à court terme: 30 jours av...",514 849-7117,hebergement@enmarge1217.ca,www.enmarge1217.ca,île de Montréal,"hébergement d'urgence: jeunes de 12 à 17 ans en fugue ou vivant dans la rue, hébergement à court terme: jeunes de 16 à 17 ans, sur une base volontaire et avec un consentement parental",montreal,soutien_vulnerabilite,developpement_enfants_familles,non
calacs trêve pour elles,Mercier—Hochelaga-Maisonneuve Montréal QC,"Information, référence, évaluation. Rencontres individuelles pour les personnes adolescentes de 14 à 17 ans. Groupes de soutien pour les personnes de 18 ans et plus. Accompagnement pour remplir le for...",514 251-0323,info@trevepourelles.org,trevepourelles.org,île de Montréal et les environs,"femmes cis et trans de 14 ans et plus ayant subi une agression à caractère sexuel, personnes non-binaires utilisant les pronoms """"elle"""" ou """"iel"""" avec les accords féminins et qui sont à l'aise avec les textes féminisés de 14 ans et plus ayant subi une agression à caractère sexuel",montreal,soutien_vulnerabilite,defense_droits,non
auberge transition,Montréal QC,"Hébergement d'urgence pour femmes et enfants victimes de violence conjugale. Soutien, accompagnement, références et suivi post-hébergement. Soutien de groupe. Service d'urgence téléphonique 24 heures,...",514 481-0495,direction@aubergetransition.org,aubergetransition.org,île de Montréal,femmes avec ou sans enfants victimes de violence conjugale,montreal,soutien_vulnerabilite,logement,non
citad'elle de lachute (la),Laurentides QC,Maison d'hébergement temporaire pour femmes et enfants. Ligne d'écoute. Service de clavardage. Soutien externe sans hébergement. Intervention jeunesse. Réintégration sociale. Animation d'ateliers et d...,450 562-7797,administration@citadellelachute.ca,citadellelachute.ca,le Québec,"femmes et enfants victimes de violence conjugale, ateliers et formations: écoles, organismes, milieu institutionnel et professionnel·le·s",provincial,soutien_vulnerabilite,developpement_enfants_familles,non
accueil bonneau - maison joseph-vincent,Montréal QC,Hébergement de longue durée.,514 845-3906 poste 0-245,soutien.hebergement@accueilbonneau.com,www.accueilbonneau.com,île de Montréal,hommes de 55 ans et plus à autonomie restreinte ou en légère perte d'autonomie ayant vécu une situation d'itinérance,montreal,sante,soutien_vulnerabilite,non
studios d'hérelle,Montréal Montréal QC,Logement social avec soutien communautaire pour personnes vivant avec le VIH à risque d'itinérance.,514 844-4874 poste 123,info@maisondherelle.org,maisondherelle.org,Grand Montréal,personnes vivant avec le VIH/sida,grand_montreal,logement,sante,non
armée du salut - abri d'espoir (l') - logements de transition - familles,Montréal Montréal QC,"Logements de transition pour femmes avec enfants. Hébergement à court, moyen et long terme avec repas fournis. Consultation psychosociale individuelle avec suivi. Salles communes,",514 934-5615,abriespoir.info@salvationarmy.ca,armeedusalut.ca,Grand Montréal,"femmes autonomes de 18 ans et plus, avec enfants, en situation de vulnérabilité, enfant de moins de 12 ans",grand_montreal,soutien_vulnerabilite,logement,non
mission bon accueil - hébergement de transition pour femmes,Montréal QC,"Hébergement de transition pour femmes en situation d'itinérance et vivant avec des troubles de santé mentale. Chambres accessibles 24 heures, 7 jours. Soutien clinique et psychosocial intensif.",514 523-5288,info@missionba.com,missionbonaccueil.com,Grand Montréal,"femmes en situation d'itinérance vivant avec des troubles de santé mentale, notamment psychotiques",grand_montreal,soutien_vulnerabilite,sante,non
association des thérapeutes en relation d'aide en accompagnement du deuil,Saint-Eustache Laurentides QC,"Regroupement de thérapeutes en relation d'aide spécialisés en accompagnement du deuil.Services pour personnes endeuillées Accompagnement individuel, de couple et familial. Groupes",1 866 338-4575,atraad.org@gmail.com,atraad.org,le Québec,"personnes endeuillées, entreprises, organismes",provincial,sante,soutien_vulnerabilite,non
tel-aide montréal,Montréal QC,"Ligne téléphonique d'écoute anonyme et confidentielle pour tout besoin: santé mentale, dépendance, couple en crise, violence conjugale, stress au travail, abus et intimidation, solitude, relations ten...",514 935-1101,info@telaide.org,telaidemontreal.org,Grand Montréal,personnes ayant besoin de se confier,grand_montreal,soutien_vulnerabilite,sante,non
coeliaque canada  - quebec cc support group,Montréal QC,Groupe de soutien pour les personnes vivant avec la maladie coliaque et les troubles liés au gluten. Groupe d'entraide en ligne. Information sur les activités locales. Information sur les activités et...,1 800 363-7296,quebecsupportgroup@celiac.ca,www.celiacquebec.ca/fr,le Québec,"personnes vivant avec la maladie coeliaque et les troubles liés au gluten, leurs proches",provincial,sante,soutien_vulnerabilite,non
opération boîte à chaussures,Montréal QC,Collecte de boîtes à chaussures remplies de cadeaux distribuées à des femmes vivant dans des abris pendant le temps des Fêtes. Comment faire une boîte: www.shoeboxproject.ca/ways-to-give/make-a-shoebo...,647 410-0720,montreal@shoeboxproject.com,www.shoeboxproject.ca/chapters/montreal,"île de Montréal, Laval","femmes, personnes s'identifiant comme femme ou issues de la diversité sexuelle et de genre",grand_montreal,soutien_vulnerabilite,bien_etre_alimentaire,non
maison d'ariane (la),Laurentides QC,"Maison d'aide et d'hébergement pour femmes et enfants victimes de violence conjugale. Services d'hébergement. Service mère-enfant. Services externes: aide téléphonique 24 heures, 7 jours, rencontres i...",450 432-9355,info@maisondariane.ca,maisondariane.ca,"hébergement: le Québec, services externes: MRC Rivière-du-Nord, Nord-de-Mirabel",femmes et enfants victimes de violence conjugale,provincial,soutien_vulnerabilite,developpement_enfants_familles,non
helem montréal,Montréal QC,"Regroupement et défense des droits des personnes lesbiennes, gaies, bisexuelles, non-binaires et trans de la communauté arabophone de la région de l'Afrique du Nord et du Moyen Orient. Rencontres mens...",,info@montrealhelem.org,,Grand Montréal,"personnes lesbiennes, gaies, bisexuelles, non-binaires et trans de la communauté arabophone de la région de l'Afrique du Nord et du Moyen Orient au Québec",grand_montreal,defense_droits,autres_missions_sociales,non
outremangeurs anonymes - intergroupe anglophone de montréal,Montréal Montréal QC,"Programme de rétablissement et de soutien. Groupes d'entraide basés sur l'approche des 12 étapes. Rencontres téléphoniques, en ligne et par Zoom.",514 488-1812,info@oamontrealenglish.org,oamontrealenglish.org,le Québec et l'est de l'Ontario,"les personnes vivant avec un trouble du comportement alimentaire (suralimentation compulsive, boulimie, anorexie, alimentation restrictive évitante ou autre)",provincial,sante,soutien_vulnerabilite,non
résidence madeleine-carmel,Mercier—Hochelaga-Maisonneuve Montréal QC,"Centre résidentiel communautaire de juridiction fédérale. Réinsertion sociale lors des périodes de semi-liberté, de libération conditionnelle totale, de libération d'office et d'ordonnance de surveill...",514 522-9133,info@maison-charlemagne.org,maison-charlemagne.org,île de Montréal,hommes adultes judiciarisés au niveau fédéral bénéficiant d'une mesure de libération ou de suivi en communauté,montreal,soutien_vulnerabilite,defense_droits,non
dagobert et cie,Sherbrooke Estrie QC,Soutien et aide pour personnes vivant avec un trouble développemental de la coordination (TDC). Assistance à l'intégration des personnes vivant avec un TDC. Activités physique adaptée en ligne: www.yo...,819 829-0594,info@dagobertetcie.ca,www.dagobertetcie.ca,"soutien virtuel: le Québec, soutien en personne: Estrie","personnes vivant avec un trouble développemental de la coordination (TDC), leurs proches aidants",provincial,sante,sports_loisirs_tourisme,oui
engagez-vous pour le communautaire,Montréal Montréal QC,Campagne nationale de mobilisation unissant les différents secteurs de l'action communautaire autonome au Québec. Informations sur les différents regroupements provinciaux du mouvement ACA: engagezvou...,,campagnes@rq-aca.org,engagezvousaca.org,le Québec,,provincial,developpement_communautaire,defense_droits,non
fondation maah,Verdun Montréal QC,Promotion de la culture africaine et de l'inclusion sociale. Information et référence pour la recherche d'emploi et l'aide sociale.,514 678-4499,info@maah.ca,www.villageafricain-maah.org,île de Montréal,"personnes à faible revenu, particulièrement d'origine africaine",montreal,arts_culture_medias,emploi,oui
clinique juridique itinérante,Montréal QC,"Promotion de l'accès à la justice des personnes itinérantes. Information juridique, références et accompagnement. Assistance dans les démarches de régularisation de dettes judiciaires. Aide pour organ...",514 222-7274,info@cji-mlc.org,www.cji-mlc.org,Grand Montréal,personnes vivant en situation d'itinérance,grand_montreal,defense_droits,soutien_vulnerabilite,non
groupes familiaux al-anon et alateen (les) - montréal,Montréal Montréal QC,Aide aux personnes et aux familles affectées par la consommation d'un proche. Programme basé sur les 12 étapes. Liste des réunions en présentiel ou en virtuel sur le site Internet: al-anon-montreal.o,514 866-9803,information@al-anon-montreal.org,al-anon-montreal.org,Grand Montréal,"familles et amis (adultes, adolescent·e·s ou enfants) de personnes ayant un problème de consommation d'alcool, de drogue ou de jeu excessif",grand_montreal,soutien_vulnerabilite,sante,non
fierté agricole,Saint-Hyacinthe Montérégie QC,"Regroupement de personnes LGBT+ en milieu agricole et rural afin de briser l'isolement. Information et références. Activités sociales: picnic, visite sur installation agricole, etc. Réseautage et prom...",418 717-3892,info@fierteagricole.org,www.fierteagricole.org,le Québec,"personnes de la communauté LGBT+, leurs proches, personnes alliées de la communauté LGBT+",provincial,soutien_vulnerabilite,developpement_communautaire,non
collectif consenti,Montréal QC,"Rencontres individuelles, information, écoute téléphonique pour les personnes survivantes et leur entourage. Sensibilisation, éducation, prévention et défense des droits touchant la violence sexuelle....",514 684-2198,info@collectifconsenti.ca,collectifconsenti.ca,île de Montréal,"femmes cis et trans, personnes trans, bispirituelles ou non-binaires de 12 ans et plus victimes d'agressions à caractère sexuel",montreal,soutien_vulnerabilite,defense_droits,non
justice pro bono - services aux réfugiés,Montréal QC,Information juridique gratuite pour les travailleurs étrangers temporaires détenant un permis de travail fermé. Clinique sociojuridique en droit de la famille pour les parents qui se séparent. Aide au...,514 904-1076,info@justiceprobono.ca,justiceprobono.ca,le Québec,"organismes communautaires, avocat·e·s et notaires bénévoles, justiciables, travailleur·euse étranger·ère·s temporaires, personne en demande d'asile, parents",provincial,defense_droits,autres_missions_sociales,non
association des médiateurs familiaux du québec,Saint-Constant Montérégie QC,Information sur la médiation familiale. Répertoire des médiateurs familiaux: www.mediationquebec.ca/repertoire/recherche_avancee Services aux médiateurs familiaux accrédités ou en voie d'accréditation...,514 990-4011,info@mediationquebec.ca,www.mediationquebec.ca,le Québec,"personne en situation de séparation ou de divorce, personne cherchant une révision d'entente, personne inapte ou en voie d'être déclarée inapte",provincial,defense_droits,sante,non
projets autochtones du québec - logements de transition,Ville-Marie Montréal QC,Logements de transition pour une période de 3 mois à 3 ans. Programme d'intervention personnalisé. Soutien à l'obtention de l'aide sociale. Programme de compétences de vie et de confiance en soi. C,514 879-3310,jade.touchefeu@paqc.org,www.paqc.org/fr/programme-transition,île de Montréal,"personnes autochtones de 18 ans et plus, des Premières Nations, Métis et Inuit en situation d'itinérance ou de précarité",montreal,soutien_vulnerabilite,logement,non
maison marguerite de montréal (la),Rosemont—La Petite-Patrie Montréal QC,"Hébergement à court terme, maximum 6 semaines, avec repas. Hébergement de transition à long terme. Hébergement permanent avec soutien communautaire. Information, référence aux organismes appropriés. S...",438-380-9989,info@maisonmarguerite.com,maisonmarguerite.com,île de Montréal,femmes seules sans-abris de 18 ans et plus en processus de réintégration sociale,montreal,soutien_vulnerabilite,logement,non
outremangeurs anonymes -  intergroupe français de montréal,Montréal QC,Entraide et soutien pour personnes vivant avec un trouble alimentaire. Groupes d'entraide basés sur les 12 étapes. Horaire des réunions virtuelles et en présentiel: outremangeurs.org/reunions,1 877 509-1939,reunions@outremangeurs.org,outremangeurs.org,Grand Montréal et les environs,"adultes vivant avec un trouble alimentaire (anorexie, boulimie, hyperphagie, etc.)",grand_montreal,sante,soutien_vulnerabilite,non
i'mmigrant,Villeray—Saint-Michel—Parc-Extension Montréal QC,Club de conversation en anglais. Club de conversation en français. Projets photo et vidéo. Événements culturels. Conseils d'experts. Informations sur l'éducation des adultes au Québec. Plateforme d'ai...,,info@immigrantcanada.org,immigrantcanada.org/fr,Grand Montréal,"réfugié·e·s, expatrié·e·s, étudiant·e·s internationaux et immigrant·e·s",grand_montreal,autres_missions_sociales,arts_culture_medias,oui
"chrysalide, centre d'accompagnement aux familles monoparentales (la)",Le Plateau-Mont-Royal Montréal QC,Logement transitoire temporaire: durée de 1 à 3 ans avec soutien communautaire. Réalisation d'un projet socioprofessionnel. Activités et projets variés.,514 875-9529,info@chrysalide445.org,www.reseauhabitationfemmes.org,Grand Montréal,femmes cheffes de famille monoparentale,grand_montreal,soutien_vulnerabilite,logement,non
togo,Québec Capitale-Nationale QC,Soutien psychologique par le biais de chiens formés par une équipe multidisciplinaire. Chiens d'assistance psychologique: formés pour accompagner les personnes au quotidien. Chiens d'intervention: for...,,admission@leschienstogo.com,leschienstogo.com,le Québec,"soutien psychosocial et chiens d'assistance psychologique: vétéran, militaire ou intervenant·e de première ligne. Âge minimum des enfants du foyer pour l'adoption d'un chien TOGO: 6 ans",provincial,sante,soutien_vulnerabilite,non
clic aide,Capitale-Nationale QC,"Service de consultation en vidéoconférence à faible coût pour personnes, couples et familles vivant une situation difficile ou ressentant le besoin de se confier. Consultation individuelle, conjugale ...",,info@clicaide.org,www.clicaide.org,le Québec,"personnes, couples et familles vivant une situation difficile ou ressentant le besoin de se confier",provincial,sante,soutien_vulnerabilite,non
maison d'accueil la dauphinelle,Montréal QC,"Maison d'hébergement pour femmes victimes de violence conjugale ou intrafamiliale, avec ou sans enfants. Information, écoute, références. Hébergement d'urgence. Hébergement temporaire. Séjour de 8 sem...",514 598-7779,intervention@ladauphinelle.org,ladauphinelle.org,Grand Montréal,"femmes victimes de violence conjugale ou intrafamiliale, avec ou sans enfants",grand_montreal,soutien_vulnerabilite,logement,non
maison d'hérelle - appartements satellites d'hérelle,Montréal Montréal QC,Projet de colocation permanente avec soutien communautaire pour personnes vivant avec le VIH en situation de fragilité psychosociale.,514 844-4874 poste 101,info@maisondherelle.org,maisondherelle.org,Grand Montréal,personnes vivant avec le VIH/sida,grand_montreal,sante,soutien_vulnerabilite,non
action pour la communauté-est - clinique d'impôts,Rivière-des-Prairies Montréal QC,Clinique d'impôts ouverte toute l'année sur rendez-vous. Service à domicile pour personnes à mobilité restreinte. Déclaration d'impôts pour l'année courante et jusqu'à 11 années précédentes.,514 400-1283,impot.apc.est@proton.me,,Grand Montréal,personnes à revenu modeste ou sans revenus,grand_montreal,soutien_vulnerabilite,autres_missions_sociales,non
maison oxygène montréal - maison claude hardy,Mercier—Hochelaga-Maisonneuve Montréal QC,Hébergement temporaire d'une durée de 3 mois.,514 655-6625,oxygene@maisonoxygene.com,carrefourfamilial.com/maison-oxygene-montreal,Grand Montréal,"pères rencontrant des difficultés personnelles, conjugales ou familiales et leurs enfants",grand_montreal,soutien_vulnerabilite,developpement_enfants_familles,non
dans la rue - le bunker,Ville-Marie Montréal QC,Refuge d'urgence de 3 à 5 jours. Accueil de personnes mineures en fugue. Souper et déjeuner. Aide pour l'obtention de pièces d'identité. Information et référence. Accompagnement dans les démarches de ...,514 524-0029,bunker@danslarue.org,danslarue.org,île de Montréal,"personnes sans-abri de 12 à 21 ans, personnes trans sans-abri de 12 à 25 ans, avec ou sans animaux",montreal,soutien_vulnerabilite,logement,non
albatros-montréal,Montréal QC,Accompagnement bénévole des personnes en soins palliatifs ou en fin de vie. Soutien aux proches. Formation des accompagnateur·rice·s. Conférences.,514 255-5530,info@albatros-mtl.ca,www.albatros-mtl.ca,Grand Montréal,"personnes en soins palliatifs ou en fin de vie, leurs proches",grand_montreal,sante,soutien_vulnerabilite,non
maison d'accueil la dauphinelle - hébergement temporaire,Montréal QC,Hébergement de 2e étape pour femmes avec enfants sortant d'une maison d'hébergement de 1re étape et qui sont victimes de violence conjugale post-séparation.,514 598-7779,appartement@ladauphinelle.org,ladauphinelle.org,Grand Montréal,femmes avec enfants sortant d'une maison d'hébergement de 1re étape et qui sont victimes de violence conjugale postséparation,grand_montreal,soutien_vulnerabilite,logement,non
femmes autochtones du québec,Kahnawake Montérégie QC,"Représentation et défense des intérêts des femmes autochtones. Promotion de la non-violence, de la justice, de l'égalité des droits et de la santé. Ateliers de prévention de la violence familiale et d...",1 800 363-0322,info@faq-qnw.org,faq-qnw.org,le Québec,"femmes autochtones vivant en communauté et en milieu urbain, incluant les personnes autochtones s'identifiant comme femmes",provincial,defense_droits,sante,non
réseau habitation femmes - maison pie-ix,Mercier—Hochelaga-Maisonneuve Montréal QC,"Logements sociaux permanents pour femmes avec soutien communautaire. Meubles fournis: lit, frigidaire et poêle.",514 875-9529,info@reseauhabitationfemmes.org,www.reseauhabitationfemmes.org,Grand Montréal,"femmes de 18 ans et plus seules, autonomes, mais à risque d'itinérance ou en difficulté, avec un revenu inférieur à 33 500$",grand_montreal,logement,soutien_vulnerabilite,non
réseau habitation femmes - maison sainte-catherine,Montréal Montréal QC,"Logements sociaux permanents pour femmes avec soutien communautaire. Meubles fournis: lit, frigidaire, poêle, tables, chaises et meubles de rangement.",514 875-9529,info@reseauhabitationfemmes.org,www.reseauhabitationfemmes.org,Grand Montréal,"femmes de 18 ans et plus seules, autonomes, mais à risque d'itinérance ou en difficulté, avec un revenu inférieur à 33 500$",grand_montreal,logement,soutien_vulnerabilite,non
carrefour d'alimentation et de partage saint-barnabé - maison cartier,Mercier—Hochelaga-Maisonneuve Montréal QC,Chambres individuelles pour hommes sans enfants en situation d'itinérance ou à risque de l'être. Soutien offert et possibilité d'accéder à tous les services du Cap Saint-Barnabé. Favo,514 251-2081,info@capstbarnabe.org,www.capstbarnabe.org,Grand Montréal,hommes seuls sans enfants en situation d'itinérance ou à risque de l'être,grand_montreal,soutien_vulnerabilite,logement,non
maison le prélude (la) - 2e étape,Laval QC,Appartements de 2e étape.,,info@maisonleprelude.com,www.maisonleprelude.com,"Laval, île de Montréal et les environs",femmes victimes de violence conjugale avec ou sans enfants et ayant séjourné en maison d'hébergement,grand_montreal,soutien_vulnerabilite,logement,non
ostéoporose canada,Montréal QC,Documentation et identification des facteurs de risque. Ligne d'information. Éducation. Groupes de soutien.,1 800 463-6842,montreal@osteoporosecanada.ca,osteoporosecanada.ca,le Québec,"personnes vivant avec l'ostéoporose, leurs proches",provincial,sante,,non
groupe amorce,Le Plateau-Mont-Royal Montréal QC,"Évaluation et intervention auprès des hommes ayant des comportements ou des fantasmes sexuels sur les enfants ou les adolescent·e·s. Groupes de soutien hebdomadaire ouverts, dirigés par des profession...",514 355-8064,info@groupeamorce.com,groupeamorce.com,Grand Montréal,hommes adultes auteurs de délits sexuels sur les enfants ou adolescent·e·s,grand_montreal,soutien_vulnerabilite,sante,non
centre de recherche et d'expertise en gérontologie sociale,Côte-Saint-Luc Montréal QC,Recherche scientifique. Développement de services et de pratiques de pointe. Participation à l'enseignement universitaire. Formation pour professionnels du réseau de la santé et des services soc,,info@creges.ca,www.creges.ca,le Québec,,provincial,sante,education_formation,non
programme sphères,Montréal QC,Continuum de services et d'activités de découverte personnelle pour jeune afin de les aider à construire leur identité et développer leur pouvoir d'agir. Démarche volontaire et non contraignante. Suiv...,514 896-3590,coordospheres@enmarge1217.ca,programmespheres.ca,Grand Montréal,"personnes de 12 à 24 ans vivant ou ayant vécu une situation d'exploitation sexuelle, qui aspirent à apporter des changements dans sa vie et qui souhaitent un accompagnement et un suivi personnalisé",grand_montreal,soutien_vulnerabilite,developpement_enfants_familles,non
cercle des handicapés visuels de ville-marie,Montréal QC,"Activités pour les handicapés visuels. Activités sociales, récréatives et culturelles pour les membres et leurs invités. Bingo et crible.",514 236-1614,cerclevillemarie@gmail.com,,Grand Montréal,personnes avec un handicap visuel,grand_montreal,sante,sports_loisirs_tourisme,oui
association croire,Montérégie QC,"Activités complémentaires aux traitements médicaux à des fin de ressourcement pour le corps, le cour et l'esprit aux personnes touchées par le cancer ainsi qu'aux personnes proches aidantes. Chorale. ...",514 953-4806,croirehmr@gmail.com,,le Québec,"personnes atteintes par le cancer, personnes proches aidantes, personnes soignantes, personnes sensibles à la cause du cancer",provincial,sante,arts_culture_medias,oui
mission old brewery - les voisines de lartigue - logements de transition,Ville-Marie Montréal QC,Logements de transition pour une durée maximale de 2 ans. Studios meublés avec salle de bain privée. Accompagnement psychosocial et soutien au quotidien en vue d'une réintégration,514 866-6591,info@missionoldbrewery.ca,www.missionoldbrewery.ca/fr,Grand Montréal,femmes en situation d'itinérance nécessitant un soutien supplémentaire afin d'atteindre leur autonomie,grand_montreal,soutien_vulnerabilite,logement,non
association québécoise des retraité(e)s des secteurs public et parapublic - région de montréal,Mercier—Hochelaga-Maisonneuve Montréal QC,"Services aux personnes retraitées ou préretraitées. Défense et promotion des droits et des intérêts économiques, financiers, culturels, intellectuels et socia",1 800 653-2747 poste 5,montreal@aqrp.ca,www.aqrp.ca,île de Montréal,personnes retraitées et préretraitées de 50 ans et plus des secteurs public et parapublic du Québec,montreal,defense_droits,sante,non
gai et gris montréal,Montréal Montréal QC,"Groupe social visant à briser l'isolement des personnes aînées 2ELGBTQI+ d'expression anglaise. Activités récréatives: visites au musée, films, dîners, activités physiques, etc. Rencontre hebdomadaire...",514 487-6760,info@ggmtl.org,gayandgreymontreal.com/?lang=fr,île de Montréal,personnes aînées de plus de 50 ans anglophones de la communauté 2ELGBTQI+,montreal,sante,sports_loisirs_tourisme,oui
migraine québec,QC,"Information sur les migraines et les céphalées. Soutien et groupes d'entraide virtuels. Conférences, webinaires, infolettre mensuelle, ateliers et cours. Défense des intérêts des patient·e·s. Collabor...",,info@migrainequebec.org,migrainequebec.org,le Québec,personnes vivant avec la migraine ou des céphalées,provincial,sante,defense_droits,non
marijuana anonyme,Côte-des-Neiges—Notre-Dame-de-Grâce Montréal QC,Groupe d'entraide de 12 étapes pour personnes dépendantes à la marijuana. Liste de réunions: https://marijuana-anonymous.org/meetings/?region=canada-quebec,514 677-5108,MAlifewithhope@gmail.com,mamontreal.azurewebsites.net,le Québec,personnes qui souhaitent arrêter de consommer de la marijuana,provincial,soutien_vulnerabilite,sante,non
université de montréal - clinique de cyber-criminologie,Montréal QC,"Prévention, soutien et écoute pour les victimes de cybercriminalité par une équipe multidisciplinaire d'étudiant·e·s universitaires. Accompagnement personnalisé à distance à court, moyen et long te",514 343-6111,info@clinique-cybercriminologie.ca,clinique-cybercriminologie.ca,le Québec,"population générale, personne de moins de 18 ans accompagnée d'un parent ou d'un·e tuteur·trice légal·e",provincial,soutien_vulnerabilite,defense_droits,non
mission old brewery - service de prévention de l'itinérance,Montréal QC,"Accompagnement des personnes seules ou ménages à risque d'itinérance (éviction, vulnérabilité économique, etc.) vers un logement. Aide au maintien dans le logement d'origine. Aide à l'orientat",438 820-8602,prevention@missionoldbrewery.ca,www.missionoldbrewery.ca/fr/prevention,Grand Montréal,"personnes ou ménages à risque d'itinérance, avec ou sans enfant",grand_montreal,soutien_vulnerabilite,logement,non
survivors of incest anonymous,Montréal QC,"Groupe d'entraide guidé par un ensemble de 12 étapes et 12 traditions, adapté des AA, avec une prière de sérénité. Discussions de groupe et réunions d'étape confidentielles. Copie des 12 Steps &amp 12...",1 877 742-9761,sia@innocent.com,siawso.org,île de Montréal,personnes victimes d'abus sexuel durant l'enfance,montreal,soutien_vulnerabilite,sante,non
autisme soutien,Estrie QC,Soutien par et pour les personnes autistes. Soutien par clavardage. Activités éducatives à visée neuroaffirmative. Occasion de bénévolat.,,info@autismesoutien.ca,autismesoutien.ca,le Québec,personnes autistes,provincial,sante,soutien_vulnerabilite,non
montreal add/adhd support group (the),Ville-Marie Montréal QC,Groupe de soutien sur le TDA/H.,514 445-7639,mproustienne@yahoo.ca,,île de Montréal,personnes de 18 ans et plus vivant avec un TDA ou TDAH,montreal,sante,soutien_vulnerabilite,non
sortie (la),Pierrefonds-Roxboro Montréal QC,Aide et accompagnement pour victimes d'exploitation sexuelle. Soutien dans le milieu pour femmes souhaitant quitter l'industrie du sexe. Intervention de milieu auprès des travailleuses du sexe. Refuge...,514 923-7255,info@lasortie.org,lasortie.org,île de Montréal,"femmes, personnes victimes d'exploitation sexuelle, travailleuses du sexe",montreal,soutien_vulnerabilite,,non
maison belfield,Côte-des-Neiges—Notre-Dame-de-Grâce Montréal QC,Activités de formation et de réinsertion en société des anciens détenus ou des personnes qui ont eu des dépendances.,514 735-9654 poste 201,info@maisonbelfield.org,maisonbelfield.org,le Québec,hommes ex-détenus ou personnes souffrant d'une problématique de dépendance,provincial,soutien_vulnerabilite,emploi,non
narcotiques anonymes,Mercier—Hochelaga-Maisonneuve Montréal QC,Programme de rétablissement en 12 étapes. Groupe d'entraide hebdomadaire en personne ou par vidéoconférence. Liste de réunions en ligne: http://na-outaouais.org/reunions,1 855 544-6362,info@naquebec.org,naquebec.org,le Québec,"personnes avec un problème de consommation de drogue, alcool ou médicaments",provincial,soutien_vulnerabilite,,non
fondation noël au printemps,Sainte-Adèle Laurentides QC,Aide financière pour le paiement des traitements médicaux des enfants vivant avec une maladie ou un handicap.,,info@fnap.ca,fnap.ca,le Québec,familles à faible revenu bénéficiant des prestations fiscales canadiennes pour enfants et recevant des prestations pour enfants handicapés,provincial,sante,developpement_enfants_familles,non
ligne pairs aidants famille,Montréal QC,Soutien téléphonique pour les membres de l'entourage d'une personne vivant avec un problème de santé mentale. Service offert par des personnes proches aidantes formées.,1 800 349-9915,info@schizophrenie.qc.ca,www.schizophrenie.qc.ca/fr/soutien-pair-aidant-famille,le Québec,entourage d'une personne vivant avec un problème de santé mentale,provincial,sante,soutien_vulnerabilite,non
rue des femmes (la) - maison dorimène,Montréal Montréal QC,Appartements supervisés: durée de 2 ans. Soutien par une intervenante psychosociale.,514 284-9665,info@laruedesfemmes.org,www.laruedesfemmes.org,Grand Montréal,"femmes autonomes qui sont abstinentes depuis au moins 6 mois, en situation d'itinérance ou en difficulté",grand_montreal,soutien_vulnerabilite,logement,non
L'Anonyme U.I.M.,Montréal,"L'Anonyme vise à promouvoir des comportements sécuritaires et des relations égalitaires ainsi qu'à prévenir la transmission des infections transmissibles sexuellement ou par le sang (ITSS) par une approche humaniste de proximité.

Aujourd'hui, nos quatre programmes; Intervention de proximité, Éducation à la sexualité, Sécurité urbaine et Logements répondent aux besoins croissants de la communauté montréalaise en offrant soutien, information, conseils, matériel de consommation et de protection, espaces sécuritaires de consommation, ateliers, formations, outils, ressources et chambres à haut seuil d'acceptabilité.",514-842-1488,administration@anonyme.ca,www.anonyme.ca,Hochelaga-Maisonneuve,,hochelaga-maisonneuve,sante,soutien_vulnerabilite,non
Prima Danse,"5600, rue Hochelaga  Bureau 024 Montréal (QC) H1N 3L7","Depuis plus de 15 ans, Prima Danse utilise l’art de la danse comme outil d’inclusion sociale et démocratisation. 

Nous offrons des ateliers sur mesure où le corps devient un médium puissant pour s’exprimer autrement. En intégrant nos interventions directement dans vos milieux (écoles primaires et secondaires, organismes, etc.), nous complétons vos actions avec une approche unique et adaptée à vos besoins.

Que ce soit pour accompagner vos bénéficiaires ou relever des enjeux spécifiques (prévention de la violence & de l’intimidation, anxiété de performance, santé mentale, inclusion sociale et/ou briser l’isolement, etc.), nous créons des expériences enrichissantes qui utilisent le mouvement et le non-verbal comme alternatives au dialogue traditionnel.",514-618-1868,info@primadanse.com,https://primadanse.com/,Hochelaga-Maisonneuve,,hochelaga-maisonneuve,arts_culture_medias,sante,oui
Déclic,4914 rue Hochelaga  Montréal H1V 1E7,Déclic offre un soutien scolaire et en santé mentale personnalisé pour les 16 à 35 ans.,514-277-5559,info@declic.ca,https://www.declic.ca/,Hochelaga-Maisonneuve,,hochelaga-maisonneuve,sante,education_formation,non
Interaction Famille H-M,2560 Théodore   Montréal H1V3C6,"Interaction Famille H-M est un organisme communautaire du quartier Hochelaga-Maisonneuve qui offre un milieu de vie accueillant et inclusif pour les familles. Sa mission est de soutenir les parents et de favoriser l’épanouissement des enfants à travers des activités éducatives, sociales et communautaires. L’organisme propose une halte-répit pour les 0-5 ans, du soutien scolaire, de l’aide alimentaire, des ateliers de parentalité, de cuisine et de santé, des projets éducatifs estivaux et des ateliers sur la santé menstruelle. Il organise aussi des activités festives telles que la fête des Mères et la fête de fin d’année. Interaction Famille valorise la solidarité, l’inclusion et la participation active des familles.",514-2514671,interventionfamille@interactionfamille.ca,https://interactionfamille.ca/,Hochelaga-Maisonneuve,,hochelaga-maisonneuve,developpement_enfants_familles,bien_etre_alimentaire,non
L'Avenue hébergement communautaire,2587 rue Leclaire  Montréal H1V 3A8,"12 places d'hébergement court et moyen terme pour un séjour maximum de 6 mois pour les jeunes en situation d'itinérance ou à risque de le devenir. Accompagnement individuel dans les démarches personnelles, obtention d'un revenu, apprentissage des activités de la vie au quotidien (gestion du temps, apprentissages budgétaires, etc.), dépannage en attendant le 1er revenu, activités, etc. ",5142542244,maison@lavenuehc.org,www.lavenuehc.org,Hochelaga-Maisonneuve,,hochelaga-maisonneuve,soutien_vulnerabilite,logement,non
Ateliers d'Antoine,4800 de rouen bureau 100 Montréal H1V3T4,"Ateliers d’Antoine forme des jeunes de 16 à 35 ans dans le domaine de l’ébénisterie, favorise leur intégration socioprofessionnelle et améliore, par ses produits, la vie urbaine.

Le parcours d’une durée de 26 semaines offre une formation pratique afin de développer des compétences techniques en ébénisterie, un suivi personnalisé et un support à la recherche d’emploi tout en ayant un statut de salarié.

Grâce à un partenariat avec le Centre de ressources éducatives et pédagogiques (CREP) du Centre de services scolaire de Montréal (CSSDM), un certificat de formation à un métier semi-spécialisé (CFMS) et un statut d’étudiant sont offerts à nos travailleurs en formation admissibles.

Ateliers d’Antoine se spécialise dans la conception de mobilier urbain depuis plus de 20 ans.",514-256-5557,antoine@ateliersdantoine.com,ateliersdantoine.com,Hochelaga-Maisonneuve,,hochelaga-maisonneuve,emploi,education_formation,non
Carrefour Parenfants,5021 sainte-catherine   Montréal h1v 2a4,"Plusieurs services offerts:

bébé kangourou,  la petite école,  Copains-Copines, Entre'ados, adultes, capacités financières.",514 259-6127,info@carrefourparenfants.org,https://www.carrefourparenfants.org,Hochelaga-Maisonneuve,,hochelaga-maisonneuve,developpement_enfants_familles,education_formation,non
Avant Coup,4862 Ste-Catherine Est  Montréal h1v1z6,"Avant Coup offre un accompagnement psychosocial via un programme thérapeutique destiné aux hommes auteurs de comportements violents en contexte conjugal ou entre partenaires intimes.

En complément au programme auteurs, Avant Coup offre des services d'hébergement d'urgence ou court terme, ainsi qu'une ligne d'écoute et un clavardage 24/7.

Dans le cadre de son rayonnement au sein de la communauté, l'équipe offre également des services de formations, ateliers et conférences en sensibilisation à la problématique de violence conjugale.",4383804884 ext. 0,ac@avantcoup.ca,www.avantcoup.ca,Hochelaga-Maisonneuve,,hochelaga-maisonneuve,soutien_vulnerabilite,sante,non
Pavillon d'éducation communautaire Hochelaga-Maisonneuve,"4650,Ontario est  Montréal H1V 1L2","Atelier d'éducation populaire (référence site web)
-service de halte-garderie éducative
-centre informatique (formation) et accès libre)
-FabLab
-distribution alimentaire
-réservation de salle",514-596-4488,info@pechm.org,pechm.org,Hochelaga-Maisonneuve,,hochelaga-maisonneuve,developpement_communautaire,education_formation,non
Les Distributions l'Escalier,4455 Rue de Rouen  Montréal H1V 1H1,"Les Distributions l’Escalier offrent une formation rémunérée et une expérience de travail positive aux jeunes adultes âgé·e·s de 18 à 35 ans vivant des difficultés, et aux jeunes éloigné·e·s du marché du travail, en exploitant une entreprise d’insertion socioprofessionnelle.",(514) 529-5974,info@lescalier.ca,https://www.lescalier.ca/,Hochelaga-Maisonneuve,,hochelaga-maisonneuve,emploi,soutien_vulnerabilite,non
Revdec,2660 avenue Letourneux  Montréal H1V 2P4,"Revdec lutte contre le décrochage scolaire et social des adolescents.  L'organisme offre une alternative de l'école aux jeunes de 12 à 16 ans à risque de décrochage scolaire ou n'allant plus à l'école. L'organisme offre un milieu de vie chaleureux à ces adolescents vivant des difficultés scolaires, personnelles ou sociales importantes les empêchant de fonctionner au sein de leur école. L'objectif est de faire vivre aux jeunes des succès, de leur apprendre à mieux se connaitre et de maintenir un rythme de vie et des relations sociales. Tout cela dans le but de retourner dans le réseau scolaire dans les meilleures conditions.",5142590634,admin@revdec.org,www.revdec.org,Hochelaga-Maisonneuve,,hochelaga-maisonneuve,education_formation,developpement_enfants_familles,non
Le Boulot vers...,"4447, rue de Rouen  Montréal H1V 1H1","Fort de ses 42 ans d’existence, Le Boulot vers… (LBV) a pour mission l’insertion sociale et professionnelle de jeunes en difficulté âgés de 16 à 29 ans afin de les aider à intégrer le marché du travail ou à retourner aux études en vue de bâtir un avenir meilleur.  À cette mission fondamentale se rattache une responsabilité économique : l’équipe du Boulot vers… maintient un atelier d’ébénisterie professionnel et assure une production de meubles de qualité et à utilité sociale (CPE, Centres d'hébergement pour personnes vulnérables, maison de transition, organismes communautaires, OBNL, etc.).  

Il offre un parcours d'insertion rémunéré en milieu de travail de 4 à 6 mois ainsi qu'un accompagnement individualisé psychosocial et socioprofessionnel en collaboration avec le milieu.",(514) 259-2312,info@boulotvers.org,www.boulotvers.org,Hochelaga-Maisonneuve,,hochelaga-maisonneuve,emploi,soutien_vulnerabilite,non
"Je Passe Partout, Services de soutien scolaire et d'intervention familiale",4731 rue Sainte-Catherine  Montréal H1V 1Z3,"- Soutien scolaire
- Soutien familial (visites à domicile)
- Des livres en visite (préparation à l'école)
- Camp pédagogique",514-521-8235,information@jepassepartout.org,https://jepassepartout.org/,Hochelaga-Maisonneuve,,hochelaga-maisonneuve,developpement_enfants_familles,education_formation,non
Passages - volet logement,Montréal,"Soutien communautaire en logement social pour toutes personnes s'identifiant comme femmes, en difficulté et âgées entre 18 et 30 ans",5142566952,intervenanteslogements@passagesmtl.org,www.passagesmtl.org,Hochelaga-Maisonneuve,,hochelaga-maisonneuve,logement,soutien_vulnerabilite,non
Accès-Travail de Montréal-Carrefour jeunesse-emploi Hochelaga-Maisonneuve,2251 avenue Létourneux bureau 209 Montréal H1V2N9,"Volet Accès-Travail: Service d'orientation scolaire et service d'accompagnement en emploi pour les personnes de 18 ans et plus, vivant particulièrement dans l'est de Montréal. Volet CJEHM: accompagnement personnalisé en emploi pour les 15-35 d'Hochelaga-Maisonneuve. Orientation professionnelle, soutien à la persévérance scolaire, références psychosociales, clinique d'impôt gratuite.",514 259-4690-514 523-2400,reception@accestravail.qc.ca,www.accestravail.qc.ca- www.cjehm.org,Hochelaga-Maisonneuve,,hochelaga-maisonneuve,emploi,education_formation,non
CAP St-Barnabé,1475 Av Bennett  Montréal h1v2s5,"Ancré au cœur d’Hochelaga-Maisonneuve, le CAP St-Barnabé accueille chaque jour des hommes, des femmes, des couples et leurs animaux, en situation d’itinérance ou à risque de le devenir. Avec plus de 350 places d’hébergement d’urgence, nous offrons un hébergement sécuritaire, des repas et un accompagnement personnalisé.

Au-delà des besoins immédiats, nous soutenons les personnes dans leurs démarches de santé, de logement et de réaffiliation sociale. Le CAP gère également 60 logements sociaux répartis dans quatre immeubles, permettant à des individus de retrouver stabilité et dignité.",514-251-2081,info@capstbarnabe.org,capstbarnabe.org,Hochelaga-Maisonneuve,,hochelaga-maisonneuve,soutien_vulnerabilite,logement,non
Résolidaire,2502 ave Desjardins  Montréal H1V2H7,"Résolidaire - Centre de services et d’activités pour les aîné.e.s d’Hochelaga-Maisonneuve est un organisme communautaire qui a pour mission de favoriser l’autonomie et le maintien dans la communauté des aîné.e.s et de soutenir ceux-ci dans la prise en charge de leur propre vieillesse. 

Parmi les services offerts, on trouve notamment une popote roulante, de l’accompagnement-transport pour les rendez-vous médicaux, du transport pour les courses et une intervenante de milieu. De nombreuses activités de loisir et de socialisation y sont aussi proposées. 

",514-598-9670,dg@resolidaire.org,www.resolidaire.com,Hochelaga-Maisonneuve,,hochelaga-maisonneuve,sante,bien_etre_alimentaire,non
Les Habitations l'Escalier de Montréal,2295 Avenue Desjardins  Montréal H1V 2H6,"La mission des Habitations l’Escalier de Montréal est de venir en aide aux jeunes adultes vivant des difficultés en les accompagnant dans le développement de leur pouvoir d’agir, en les responsabilisant et en travaillant à développer leur autonomie, dans une perspective d’affiliation sociale et d’insertion socioprofessionnelle.

L’Auberge du cœur l’Escalier offre et fournit aux jeunes adultes âgé·e·s entre 18 et 30 ans vivant des difficultés, aux jeunes en situation d’itinérance ou à risque de le devenir, aux jeunes chômeur·euse·s ou assisté·e·s sociaux, un hébergement et divers outils psychosociaux permettant de développer leur pouvoir d’agir.",514-252-9886,info@lescalier.ca,https://www.lescalier.ca/,Hochelaga-Maisonneuve,,hochelaga-maisonneuve,soutien_vulnerabilite,logement,non
L'Avenue hébergement communautaire,1885 De La Salle  Montréal H1V 3S1,Logements transitoires: les Petites Avenues. Logements en colocation pouvant accueillir 4 usagers pour une période 1 année renouvelable. Nous avons 4 logements pour un total de 16 places. 2 logements de 4 pièces et demie pour des familles et 10 logements de 3 pièces et demie pour des personnes seules. ,5142542244,maison@lavenuehc.org,www.lavenuehc.org,Hochelaga-Maisonneuve,,hochelaga-maisonneuve,logement,soutien_vulnerabilite,non
Services communautaires Cyprès,8675 rue Tellier  Montréal H1L 3A9,"Offrir un suivi individuel, communautaire et alternatif à des personnes vivant avec des enjeux de santé mentale, dans leur milieu de vie.",514-252-0444,info@cypres.ca,www.cypres.ca,Hochelaga-Maisonneuve,,hochelaga-maisonneuve,sante,soutien_vulnerabilite,non
Maison des aînés Hochelaga-Maisonneuve,1620 avenue de la  Salle  Montréal H1V 2J8,,514-598-9999,mahm@videotron.ca,,Hochelaga-Maisonneuve,,hochelaga-maisonneuve,sante,,oui
HocheLégal,Montréal,"HocheLégal est un OBNL juridique dont la mission est de favoriser l'accès à la justice dans l'arrondissement Mercier—Hochelaga-Maisonneuve, grâce à l'implication d'avocat.es et de juristes bénévoles. Pour concrétiser cette mission, trois services sont actuellement offerts à la population et aux OBNL de l'arrondissement: une clinique juridique mensuelle, des ateliers juridiques organisés ponctuellement et un service de jumelage pro bono.",,info@hochelegal.ca,www.hochelegal.ca,Hochelaga-Maisonneuve,,hochelaga-maisonneuve,defense_droits,,non
Jeunes musiciens du monde,1625 avenue Desjardins  Montréal H1V 2G7,"Jeunes musiciens du monde a comme mission d'accompagner les jeunes de 0 à 18 ans issu·e·s de milieux comportant des facteurs de risque à développer leurs habiletés socioémotionnelles et à se projeter positivement dans l’avenir par l’apprentissage gratuit de la musique.

Nous offrons des cours de groupe d'éveil musical, de piano, de guitare, de violon, de percussions, de chant, de musique numérique et de composition totalement gratuit. Notre approche est axé sur le plaisir et la créativité.

JMM aspire à ce que chaque élève développe son appartenance sociale, son estime personnelle et son autonomie dans le but de trouver la motivation dont il ou elle a besoin pour réaliser ses rêves et participer de façon constructive à quelque chose de plus grand que soi.
",450-500-4536,direction.montreal@jeunesmusiciensdumonde.org,https://jeunesmusiciensdumonde.org/,Hochelaga-Maisonneuve,,hochelaga-maisonneuve,arts_culture_medias,developpement_enfants_familles,oui
La Maison Tangente,1481 avenue Desjardins  Montréal h1v2g5,"La Maison Tangente est un organisme communautaire qui offre de l’hébergement, de l’accompagnement et du soutien aux jeunes adultes en difficulté âgés de 18 à 25 ans.

L’hébergement constitue un milieu de vie sécuritaire, bienveillant et inclusif. Plus qu’un simple toit, nous proposons un accompagnement individuel et collectif afin de favoriser le développement de l’autonomie et la réinsertion sociale. 

Les personnes que nous accueillons doivent se mobiliser autour d’un projet de vie.

De plus, l’organisme propose des ateliers et des activités de groupe pour soutenir l’intégration et le développement personnel des résidents.",5142528771,info@maisontangente.qc.ca,https://maisontangente.qc.ca/,Hochelaga-Maisonneuve,,hochelaga-maisonneuve,soutien_vulnerabilite,logement,non
La Maison Orléans,1-2166 Av d'Orléans  Montréal H1W3R9,"Groupe de partage
Accompagnement individuel
Cercle d'Entraide et de Responsabilité
Aide à l'employabilité : personne judiciarisé - fédéral ou personne immigrante",514-522-8373,dginterimaire@maisonorleans.org,https://maisonorleans.org/,Hochelaga-Maisonneuve,,hochelaga-maisonneuve,soutien_vulnerabilite,emploi,non
L'Avenue hébergement communautaire ,3941 Ontario Est  Montréal H1W 1S9,8 logements sociaux avec soutien communautaire,5142542244,maison@lavenuehc.org,www.lavenuehc.org,Hochelaga-Maisonneuve,,hochelaga-maisonneuve,logement,soutien_vulnerabilite,non
La Maison du Pharillon,2410 RUE NICOLET  Montréal H1W 3L4,Centre de traitement des dépendances avec hébergement pour hommes 18+,5142548560,direction@pharillon.org,www.pharillon.org,Hochelaga-Maisonneuve,,hochelaga-maisonneuve,soutien_vulnerabilite,sante,non
Pères Séparés Inc,3937 rue Adam  Montréal H1W 3R4,"- Aide et référence par téléphone ou par ZOOM
- Groupes de soutien hebdomadaires entre pères : C'est une opportunité de briser l'isolement, de rencontrer et de partager avec d'autres pères qui vivent la même situation. Cela s'inscrit dans une approche de deuil.
- Rencontres - accompagnement individuel : La première rencontre se déroule à titre exploratoire afin de vérifier si les services offerts répondent adéquatement aux besoins du père. Par la suite, on établira un plan d'action.
- Information et cliniques juridiques : Ce service est donné exclusivement à nos membres qui sont accompagné dans l'esprit de la co-parentalité. À noter que nous ne référons pas d'avocats, de notaires ou de médiateurs.
- Ateliers et conférences 
",514-254-6120,psi@peres-separes.qc.ca,https://www.peres-separes.qc.ca/,Hochelaga-Maisonneuve,,hochelaga-maisonneuve,soutien_vulnerabilite,defense_droits,non
Carrefour Familial Hochelaga,1611 d'Orléans  Montréal H1W 3R4,"Lieu de soutien, de ressourcement et d’entraide, le Carrefour Familial Hochelaga accueille les familles qui désirent améliorer leur qualité de vie et s’épanouir.

La mission se déploie à travers 3 services: 

MAISON DE LA FAMILLE
La Maison de la famille propose une programmation saisonnière en quatre volets: périnatalité, en famille, parentalité et services aux familles. Elle offre le Frigo-don, une halte-garderie et du soutien familial. 

MAISON GLANEUSES
20 logements communautaires de 3 à 5 ans dédiés aux familles vulnérables. 

MAISON OXYGÈNE MONTRÉAL
Maison Oxygène Montréal offre un hébergement et un soutien psychosocial aux pères vivant une difficulté personnelle, sociale, familiale ou conjugale et qui ont à coeur de consolider le lien avec leurs enfants.",514 523-9283,info@carrefourfamilial.com,https://carrefourfamilial.com/,Hochelaga-Maisonneuve,,hochelaga-maisonneuve,developpement_enfants_familles,soutien_vulnerabilite,non
La Marie Debout - Centre de femmes Hochelaga-Maisonneuve,4001 rue Ste-Catherine Est  Montréal H1W 2G7,"La Marie Debout est un endroit accueillant, sécuritaire, inclusif et féministe qui offre aux personnes s’identifiant comme femmes des services, des activités éducatives et des actions collectives pour atteindre la justice sociale.

Services offerts: 

Intervention de soutien aux femmes dans une perspective féministe    
Accueil, écoute et référence    
Activités d'éducation populaire  
Ateliers de sensibilisation 
Action collective à travers des mobilisations",514-597-2311,info@lamariedebout.org,www.lamariedebout.org,Hochelaga-Maisonneuve,,hochelaga-maisonneuve,defense_droits,soutien_vulnerabilite,non
Cirque Hors Piste,3622 rue Hochelaga  Montréal H1W 1J1,"Cirque Hors Piste est un organisme dédié au cirque social qui offre un espace alternatif et inclusif de création aux personnes ayant un parcours de vie marginalisé, principalement les jeunes âgés de 15-30 ans. 

Nos actions se déclinent en plusieurs volets d'action: intervention en cirque social, services aux artistes et services créatifs:

1- Volets d'intervention: activités de cirque social offertes gratuitement aux jeunes, référence d'un organisme obligatoire.

2- Services aux artistes: programme d'entrainement libre et accès à des studios de création ($)

3- Services créatifs: Nous offrons des ateliers, animations et spectacles de cirque à tous publics, le tout dans une visée de transformation sociale ($) 


",514-523-6363,info@cirquehorspiste.com,https://cirquehorspiste.com,Hochelaga-Maisonneuve,,hochelaga-maisonneuve,soutien_vulnerabilite,arts_culture_medias,oui
Chic Resto Pop,3900 rue Adam  Montréal H1W 3R1,"1. Restaurant communautaire : lundi au vendredi, dîner 12h-13h30, souper 17h -18h30, 4,50$  enfants 6 ans 0$, 6-12 ans/femme enceinte 2,50$, ouvert à tous

2. Formation : sur inscription via site web, 6 mois rémunérés - service de la restauration, aide-cuisinier, aide-éducatrice, réception/livraison

3. Chic Plats : plats congelés, livraison gratuite à MTL 65$ et plus, ouvert de 9h à 18h30 

4. MIAM : 65 ans et +, livraison plats congelés et visites à domicile

5. Marché de fruits et légume: ouvert 10h à 18h30 lundi au vendredi

6. Milieu de vie : activités communautaires (mardi pm jeux de société, karaoké, conférences, etc), et services communautaires (bonhomme à lunette, écrivain public, etc)

7. Location de salle : 3 possibilités


",(514) 521-4089,milieudevie@chicrestopop.com,chicrestopop.com,Hochelaga-Maisonneuve,,hochelaga-maisonneuve,bien_etre_alimentaire,developpement_communautaire,non
Association pour la défense des droits sociaux du Montréal métropolitain,"4039, rue Sainte Catherine Est  Montréal H1W 2G9","Clinique d'impôt

Exercice du droit de vote en situation d'itinérance",514-523-0707,addsmm2013@gmail.com,,Hochelaga-Maisonneuve,,hochelaga-maisonneuve,defense_droits,soutien_vulnerabilite,non
L'Avenue hébergement communautaire,3917 Sainte-Catherine Est  Montréal H1W 2G5,Logement social avec soutien communautaire,5142542244,maison@lavenuehc.org,www.lavenuehc.org,Hochelaga-Maisonneuve,,hochelaga-maisonneuve,logement,soutien_vulnerabilite,non
L'Avenue hébergement communautaire,3911 Sainte-Catherine Est  Montréal H1W 2G5,Logement social avec soutien communautaire,5142542244,maison@lavenuehc.org,www.lavenuehc.org,Hochelaga-Maisonneuve,,hochelaga-maisonneuve,logement,soutien_vulnerabilite,non
Café Graffiti,3894 rue Sainte-Catherine 12 Montréal H1W 2G4,"La mission du Café Graffiti est d'offrir un lieu de rassemblement, d'expression et de création pour les jeunes des sous-culture (breakdance, art urbain et graffiti, etc.) afin qu'ils puissent s'épanouir et développer des compétences professionnelles qui leur permettront d'accéder au marché du travail. Nous misons sur une intégration et insertion de ces jeunes par les arts en les formant en animation et en les faisant participer à des ateliers artistiques.

1. Culture : accompagne les artistes en art urbain dans leur cheminement artistique et le développement de compétences professionnelles.
2. Éducation : offre des ateliers d’initiation au graffiti et au breakdance.
3. Santé et intervention sociale : Accompagnement et outille les jeunes en prévention des comportements à risque.",514-256-9000,cafegraffiti@cafegraffiti.net,https://cafegraffiti.net/,Hochelaga-Maisonneuve,,hochelaga-maisonneuve,arts_culture_medias,emploi,oui
Auberge du coeur Le Foyer,"2650, rue Davidson 110 Montréal H1W 2Z2","L’Auberge du cœur Le Foyer est un organisme à but non lucratif. Nous offrons de l’accompagnement et de l’hébergement aux jeunes adultes de 18 à 30 ans dans le but de prévenir l’itinérance. Nous proposons un espace sécuritaire, ouvert à tous et à toutes et exempt de jugement. Chaque jeune adulte a son propre parcours, et nous sommes là pour l’accompagner dans ses démarches, aussi variées soient-elles.",5145223198 ,info@aubergelefoyer.ca,info@aubergelefoyer.ca,Hochelaga-Maisonneuve,,hochelaga-maisonneuve,soutien_vulnerabilite,logement,non
Entre Mamans et Papas,3363 de Rouen  Montréal H1W 1L4,"Dépannage vestimentaire et alimentaire (0-5 ans et femmes enceintes); relevailles à domicile; soutien psychosocial et sexologique; soutien aux familles nouvellement arrivées au pays;  halte-allaitement; location de tire-lait; répit occasionnel en journée;  activités parents-enfants; ateliers entre parents; activités entre pères; activités pères-enfants; cafés-rencontres, ateliers d'alimentation (purées, et cuisines familiales); sorties et fêtes.",514-525-8884 ,animation@entremamans.qc.ca,https://entremamans.qc.ca/,Hochelaga-Maisonneuve,,hochelaga-maisonneuve,developpement_enfants_familles,bien_etre_alimentaire,non
Le Tour de lire,1935 Cuvillier  Montréal H1W3A4,"Ateliers d'alphabétisation populaire
",5142524718,info@tourdelire.org,https://www.tourdelire.org/,Hochelaga-Maisonneuve,,hochelaga-maisonneuve,education_formation,,non
Comité BAILS,1935 Rue Cuvillier  Montréal H1W 3A4,"Le Comité  BAILS HM offre aux locataires du quartier des services gratuits incluant de l’information et l’aide concernant les droits des locataires. 

Nous offrons aussi de l’accompagnement pour présenter une demande de logement social ainsi que le soutien à la mobilisation dans une perspective de défense collective des droit des mal-logés. 

À travers l’éducation populaire et l’action collective, nous favorisons la mobilisation et la promotion du logement social comme solution à la crise du logement.",514-522-1817,info@comite-bails.org,https://logement-hochelaga-maisonneuve.org/,Hochelaga-Maisonneuve,,hochelaga-maisonneuve,defense_droits,logement,non
Dopamine,3591 Ste-Catherine Est  Montréal H1W 2E6,"Dopamine est un organisme communautaire situé dans le quartier Hochelaga- Maisonneuve qui, depuis 1994, a pour mandat d’accueillir, soutenir et accompagner les personnes consommant des drogues, leur entourage et la population en général du quartier et des secteurs environnants, dans un cadre de prévention du VIH/Sida, hépatites et autres ITSS (infections transmises sexuellement et par le sang).

Appliquer des stratégies d’intervention visant à atténuer les répercussions négatives et les préjudices associés au style de vie relié à la consommation de psychotropes ainsi qu’aux préjugés, mythes et représentations agissantes aux plans individuel, collectif et sociétal.
",514-251-8872,info@dopamine.ca,www.dopamine.ca,Hochelaga-Maisonneuve,,hochelaga-maisonneuve,soutien_vulnerabilite,sante,non
ATD Quart Monde,"3642, rue Sainte-Catherine Est  Montréal H1W 3E3","Dans Hochelaga, nous animons une bibliothèque de rue dans le parc Edmond-Hamelin, au coin des rues Joliette et Sainte-Catherine.  Chaque semaine, nous apportons des livres et nous lisons avec les enfants.
À chaque été, nous organisons le Festival des savoirs partagés dans le même parc.  Ce festival  du début août rassemble des personnes qui partagent un savoir, un talent ou un hobby.
Des adultes participent également à notre Université populaire Quart Monde qui permet aux participantes et participants d'exprimer leur savoir sur des sujets variés, selon le thème.",514-279-0468,atdcanada@atdquartmonde.ca,https://www.atdquartmonde.ca/,Hochelaga-Maisonneuve,,hochelaga-maisonneuve,developpement_communautaire,education_formation,non
GCC La Violence,545 joliette 3 Montréal H1W3E3,"Secteur Scolaire: Ateliers offerts dans les écoles du primaire et secondaire et organismes.  l’intervention par le théâtre et le jeu de rôle traitant de manière réaliste des problématiques pouvant être vécues par les jeunes. 
L'Apparte: est un centre d’intervention psychosociale au cœur des habitations HLM Hochelaga. En plus des activités, nous offrons des services d’écoute, de soutien, d’accompagnement, de référence.
Le Studio: Le Studio Jeunesse permet aux jeunes de 12 à 17 ans d’avoir un local à eux où ils peuvent se rencontrer, échanger et participer aux activités offertes par l’équipe sur place. Nous offrons l'accès a un gymnase pour pratiquer le basketball.
La Tour:  vise à intervenir auprès des aînés et aux personnes seules résidant soutien, écoute,  accompagnement, référencement.",(514) 257–9028,coordination@gcclaviolence.com,https://gcclaviolence.com/,Hochelaga-Maisonneuve,,hochelaga-maisonneuve,soutien_vulnerabilite,developpement_enfants_familles,non
"La Ruelle d'Hochelaga, centre de pédiatrie sociale en communauté",1600 rue Aylwin  Montréal H1W3B8,"La Ruelle d'Hochelaga est un centre de pédiatrie sociale en communauté. Son équipe de professionnels et de bénévoles soignent et accompagnent les enfants vivant dans des conditions de vie difficiles afin de leur donner les outils nécessaires pour qu’ils s’épanouissent et développent leur plein potentiel. Elle offre des services éducatifs, services psychosociaux, psychoéducatifs, thérapeutiques, d’accompagnements juridiques et des soins infirmiers. La Ruelle d'Hochelaga accueille 600 enfants par année",438-792-7186,laruelle@pediatriesociale.org,https://laruelledhochelaga.org/,Hochelaga-Maisonneuve,,hochelaga-maisonneuve,sante,developpement_enfants_familles,non
Nourri-Source Montréal ,3363 Rue de Rouen  #1 Montréal  H1W 1L4,"Halte-allaitement chez Entre mamans et papas : 
En présence d'une consultante en lactation 
IBCLC, et des marraines, les parents pourront 
partager leur expérience en allaitement et poser leurs questions sur les défis rencontrés . 

Jasette allaitement au Carrefour Familial Hochelaga : 
Venez jaser de votre allaitement et tout autres sujets qui concerne la périnatalité avec nos marraines d'allaitement ! 

Jumelage avec une marraine d'allaitement :
Faire une demande de jumelage pour avoir le soutien téléphonique d'une marraine d'allaitement pour vivre une expérience positive de l'allaitement.

Prêt de tire-lait de grade hospitalier chez Entre mamans et papas. 

Atelier de préparation à l'allaitement : 
Conçus pour outiller les parents en prénatal.
En virtuel - Sur inscription ",514-948-5160,info@nourrisourcemontreal.org,https://nourrisourcemontreal.org/,Hochelaga-Maisonneuve,,hochelaga-maisonneuve,developpement_enfants_familles,sante,non
Transit-Jeunesse,"3155, rue Hochelaga bureau 202 Montréal H1W 1G4","Soutien psychosocial pour les jeunes adultes de 18 ans et 25 ans afin de favoriser l'estime de soi et l'autonomie. 
Rencontre individuelle et ateliers de groupe
Aide à la transition à la vie adulte
Référencement",5145287768,info@transitjeunesse.org,www.transitjeunesse.org,Hochelaga-Maisonneuve,,hochelaga-maisonneuve,soutien_vulnerabilite,developpement_enfants_familles,non
Répit Providence,1855 rue Dézéry  Montréal H1W 2S1,"Répit Providence a pour mission de protéger la petite enfance et de prévenir l’épuisement parental, la négligence, les abus, la violence et le placement des enfants.

Nous remplissons cette mission en soutenant les parents en situation de vulnérabilité et en offrant des séjours de répit-hébergement gratuits pour les enfants âgés de 0 à 11 ans.  Nous proposons des ateliers de pratiques parentales positives ainsi qu'une vie associative riche pour nos membres. Du soutien alimentaire d'urgence est également disponible pour toute famille en faisant la demande.

Nous travaillons en partenariat avec les travailleurs sociaux et intervenants des établissements et organismes œuvrant auprès des enfants et de leur famille. ",(514) 254-3170,liaison@repitprovidence.com,https://www.repitprovidence.com/fr,Hochelaga-Maisonneuve,,hochelaga-maisonneuve,developpement_enfants_familles,soutien_vulnerabilite,non
Centre communautaire Hochelaga,"1884, rue Sain-Germain  Montréal H1W 2T6",Nous offrons des activités de sports - loisirs - culturel à l'année et divers services communautaires ; aux ainés et aux jeunes âgés entre 4-17 ans. Nos services communautaires sont offert aux familles du quartier. ,514 527 1898,cch@cchochelaga.org,cchochelaga.org,Hochelaga-Maisonneuve,,hochelaga-maisonneuve,sports_loisirs_tourisme,developpement_enfants_familles,oui
L'Avenue hébergement communautaire,3321 Sainte-Catherine Est  Montréal H1W 2C7,Logement social avec soutien communautaire,5142542244,maison@lavenuehc.org,www.lavenuehc.org,Hochelaga-Maisonneuve,,hochelaga-maisonneuve,logement,soutien_vulnerabilite,non
CyberCap,20 Rue Queen  Montréal H3C 1T4,CyberCap est un organisme à but non lucratif qui donne aux jeunes des opportunités d'éducation et d'insertion grâce aux technologies.,5148617700,info@cybercap.qc.ca,https://cybercap.qc.ca/,Hochelaga-Maisonneuve,,hochelaga-maisonneuve,education_formation,emploi,non
Réseau Habitation Femmes,Montréal,"Logements permanent subventionnés pour femmes à risque d'itinérance. 
Logement pour personne autonome avec soutien léger. ",5148759529,info@reseauhabitationfemmes.org,https://www.reseauhabitationfemmes.org/,Hochelaga-Maisonneuve,,hochelaga-maisonneuve,logement,soutien_vulnerabilite,non
